"35004","Moody","AL","33.606379","-86.50249","-6","1"
"35005","Adamsville","AL","33.592585","-86.95969","-6","1"
"35006","Adger","AL","33.451714","-87.23957","-6","1"
"35007","Alabaster","AL","33.232422","-86.80871","-6","1"
"35010","Alexander City","AL","32.903432","-85.92669","-6","1"
"35011","Alexander City","AL","32.990191","-85.958001","-6","1"
"35013","Allgood","AL","33.922162","-86.449262","-6","1"
"35014","Alpine","AL","33.35596","-86.2772","-6","1"
"35015","Alton","AL","33.544622","-86.929208","-6","1"
"35016","Arab","AL","34.323715","-86.49278","-6","1"
"35019","Baileyton","AL","34.29254","-86.63505","-6","1"
"35020","Bessemer","AL","33.405559","-86.95141","-6","1"
"35021","Bessemer","AL","33.544622","-86.929208","-6","1"
"35022","Bessemer","AL","33.346817","-86.95252","-6","1"
"35023","Bessemer","AL","33.443039","-87.0193","-6","1"
"35026","Clanton","AL","32.859262","-86.638819","-6","1"
"35031","Blountsville","AL","34.111425","-86.5338","-6","1"
"35032","Bon Air","AL","33.256886","-86.338572","-6","1"
"35033","Bremen","AL","33.952939","-87.02889","-6","1"
"35034","Brent","AL","32.915182","-87.21488","-6","1"
"35035","Brierfield","AL","33.041166","-86.95117","-6","1"
"35036","Brookside","AL","33.63815","-86.91956","-6","1"
"35038","Burnwell","AL","33.804411","-87.202136","-6","1"
"35039","Brookside","AL","33.635848","-86.918818","-6","1"
"35040","Calera","AL","33.107572","-86.74996","-6","1"
"35041","Cardiff","AL","33.64672","-86.931818","-6","1"
"35042","Centreville","AL","32.963486","-87.13867","-6","1"
"35043","Chelsea","AL","33.317093","-86.66295","-6","1"
"35044","Childersburg","AL","33.268471","-86.35582","-6","1"
"35045","Clanton","AL","32.834501","-86.64355","-6","1"
"35046","Clanton","AL","32.894351","-86.56504","-6","1"
"35048","Clay","AL","33.544622","-86.929208","-6","1"
"35049","Cleveland","AL","33.963435","-86.5954","-6","1"
"35050","Columbiana","AL","33.158454","-86.621931","-6","1"
"35051","Columbiana","AL","33.201789","-86.61584","-6","1"
"35052","Cook Springs","AL","33.593115","-86.4084","-6","1"
"35053","Crane Hill","AL","34.041061","-87.06771","-6","1"
"35054","Cropwell","AL","33.506012","-86.31547","-6","1"
"35055","Cullman","AL","34.167893","-86.82506","-6","1"
"35056","Cullman","AL","34.196448","-86.895226","-6","1"
"35057","Cullman","AL","34.139198","-86.92449","-6","1"
"35058","Cullman","AL","34.223732","-86.7562","-6","1"
"35060","Docena","AL","33.559455","-86.92968","-6","1"
"35061","Dolomite","AL","33.462541","-86.95736","-6","1"
"35062","Dora","AL","33.731278","-87.0361","-6","1"
"35063","Empire","AL","33.805216","-87.00192","-6","1"
"35064","Fairfield","AL","33.476908","-86.91684","-6","1"
"35068","Fultondale","AL","33.611297","-86.81518","-6","1"
"35070","Garden City","AL","34.011027","-86.74877","-6","1"
"35071","Gardendale","AL","33.67933","-86.8206","-6","1"
"35072","Goodwater","AL","33.089342","-86.04682","-6","1"
"35073","Graysville","AL","33.640865","-86.96885","-6","1"
"35074","Green Pond","AL","33.22584","-87.12515","-6","1"
"35077","Hanceville","AL","34.043589","-86.80644","-6","1"
"35078","Harpersville","AL","33.337092","-86.44085","-6","1"
"35079","Hayden","AL","33.922179","-86.7607","-6","1"
"35080","Helena","AL","33.280625","-86.88411","-6","1"
"35082","Hollins","AL","33.116909","-86.1698","-6","1"
"35083","Holly Pond","AL","34.198738","-86.59814","-6","1"
"35085","Jemison","AL","32.96512","-86.74405","-6","1"
"35087","Joppa","AL","34.303718","-86.58323","-6","1"
"35089","Kellyton","AL","32.941708","-86.06098","-6","1"
"35091","Kimberly","AL","33.77109","-86.80672","-6","1"
"35094","Leeds","AL","33.530698","-86.55506","-6","1"
"35096","Lincoln","AL","33.605233","-86.12079","-6","1"
"35097","Locust Fork","AL","33.896526","-86.63056","-6","1"
"35098","Logan","AL","34.120006","-87.05075","-6","1"
"35111","McCalla","AL","33.279946","-87.10148","-6","1"
"35112","Margaret","AL","33.681899","-86.48237","-6","1"
"35114","Maylene","AL","33.225377","-86.86443","-6","1"
"35115","Montevallo","AL","33.114972","-86.8738","-6","1"
"35116","Morris","AL","33.74137","-86.78543","-6","1"
"35117","Mount Olive","AL","33.665823","-86.87111","-6","1"
"35118","Mulga","AL","33.529224","-87.01546","-6","1"
"35119","New Castle","AL","33.640823","-86.77574","-6","1"
"35120","Odenville","AL","33.668341","-86.43641","-6","1"
"35121","Oneonta","AL","33.944897","-86.45813","-6","1"
"35123","Palmerdale","AL","33.544622","-86.929208","-6","1"
"35124","Pelham","AL","33.317471","-86.78726","-6","1"
"35125","Pell City","AL","33.606663","-86.28912","-6","1"
"35126","Pinson","AL","33.728568","-86.66052","-6","1"
"35127","Pleasant Grove","AL","33.487675","-86.97331","-6","1"
"35128","Pell City","AL","33.561597","-86.30285","-6","1"
"35130","Quinton","AL","33.640629","-87.11584","-6","1"
"35131","Ragland","AL","33.721107","-86.17492","-6","1"
"35133","Remlap","AL","33.827521","-86.60703","-6","1"
"35135","Riverside","AL","33.614465","-86.20067","-6","1"
"35136","Rockford","AL","32.8697","-86.2822","-6","1"
"35137","Saginaw","AL","33.206302","-86.781162","-6","1"
"35139","Sayre","AL","33.712204","-86.97203","-6","1"
"35142","Shannon","AL","33.406869","-86.87347","-6","1"
"35143","Shelby","AL","33.080971","-86.53875","-6","1"
"35144","Siluria","AL","33.28241","-86.683891","-6","1"
"35146","Springville","AL","33.781133","-86.45052","-6","1"
"35147","Sterrett","AL","33.397441","-86.54218","-6","1"
"35148","Sumiton","AL","33.753474","-87.04756","-6","1"
"35149","Sycamore","AL","33.252906","-86.20523","-6","1"
"35150","Sylacauga","AL","33.185782","-86.25105","-6","1"
"35151","Sylacauga","AL","33.137515","-86.33414","-6","1"
"35160","Talladega","AL","33.415449","-86.10908","-6","1"
"35161","Talladega","AL","33.420206","-86.102782","-6","1"
"35171","Thorsby","AL","32.907616","-86.71868","-6","1"
"35172","Trafford","AL","33.823416","-86.71537","-6","1"
"35173","Trussville","AL","33.623485","-86.58546","-6","1"
"35175","Union Grove","AL","34.426844","-86.51841","-6","1"
"35176","Vandiver","AL","33.4776","-86.5126","-6","1"
"35178","Vincent","AL","33.414831","-86.3925","-6","1"
"35179","Vinemont","AL","34.256106","-86.92158","-6","1"
"35180","Warrior","AL","33.82343","-86.81569","-6","1"
"35181","Watson","AL","33.544622","-86.929208","-6","1"
"35182","Wattsville","AL","33.706786","-86.256658","-6","1"
"35183","Weogufka","AL","33.016558","-86.33936","-6","1"
"35184","West Blocton","AL","33.118259","-87.13548","-6","1"
"35185","Westover","AL","33.335629","-86.543692","-6","1"
"35186","Wilsonville","AL","33.241272","-86.50614","-6","1"
"35187","Wilton","AL","33.08104","-86.879328","-6","1"
"35188","Woodstock","AL","33.195743","-87.16252","-6","1"
"35201","Birmingham","AL","33.456412","-86.801904","-6","1"
"35202","Birmingham","AL","33.544622","-86.929208","-6","1"
"35203","Birmingham","AL","33.519055","-86.8097","-6","1"
"35204","Birmingham","AL","33.519855","-86.83534","-6","1"
"35205","Birmingham","AL","33.497055","-86.8057","-6","1"
"35206","Birmingham","AL","33.568573","-86.72163","-6","1"
"35207","Birmingham","AL","33.560652","-86.81897","-6","1"
"35208","Birmingham","AL","33.494545","-86.88115","-6","1"
"35209","Birmingham","AL","33.468306","-86.80814","-6","1"
"35210","Birmingham","AL","33.546051","-86.66963","-6","1"
"35211","Birmingham","AL","33.479306","-86.85878","-6","1"
"35212","Birmingham","AL","33.542004","-86.74896","-6","1"
"35213","Birmingham","AL","33.507637","-86.74161","-6","1"
"35214","Birmingham","AL","33.558772","-86.89199","-6","1"
"35215","Birmingham","AL","33.636102","-86.69506","-6","1"
"35216","Birmingham","AL","33.420558","-86.78489","-6","1"
"35217","Birmingham","AL","33.590003","-86.76708","-6","1"
"35218","Birmingham","AL","33.506456","-86.89524","-6","1"
"35219","Birmingham","AL","33.544622","-86.929208","-6","1"
"35220","Birmingham","AL","33.544622","-86.929208","-6","1"
"35221","Birmingham","AL","33.450267","-86.8965","-6","1"
"35222","Birmingham","AL","33.524254","-86.77335","-6","1"
"35223","Birmingham","AL","33.488355","-86.73402","-6","1"
"35224","Birmingham","AL","33.517706","-86.93189","-6","1"
"35225","Birmingham","AL","33.544622","-86.929208","-6","1"
"35226","Birmingham","AL","33.406409","-86.8295","-6","1"
"35228","Birmingham","AL","33.454262","-86.92273","-6","1"
"35229","Birmingham","AL","33.462856","-86.790389","-6","1"
"35230","Birmingham","AL","33.544622","-86.929208","-6","1"
"35231","Birmingham","AL","33.544622","-86.929208","-6","1"
"35232","Birmingham","AL","33.544622","-86.929208","-6","1"
"35233","Birmingham","AL","33.509623","-86.7997","-6","1"
"35234","Birmingham","AL","33.538504","-86.80602","-6","1"
"35235","Birmingham","AL","33.609779","-86.65507","-6","1"
"35236","Birmingham","AL","33.544622","-86.929208","-6","1"
"35237","Birmingham","AL","33.544622","-86.929208","-6","1"
"35238","Birmingham","AL","33.544622","-86.929208","-6","1"
"35240","Birmingham","AL","33.425892","-86.776926","-6","1"
"35242","Birmingham","AL","33.409582","-86.69684","-6","1"
"35243","Birmingham","AL","33.437667","-86.74586","-6","1"
"35244","Birmingham","AL","33.356981","-86.81577","-6","1"
"35245","Birmingham","AL","33.544622","-86.929208","-6","1"
"35246","Birmingham","AL","33.544622","-86.929208","-6","1"
"35249","Birmingham","AL","33.544622","-86.929208","-6","1"
"35253","Birmingham","AL","33.544622","-86.929208","-6","1"
"35254","Birmingham","AL","33.544622","-86.929208","-6","1"
"35255","Birmingham","AL","33.544622","-86.929208","-6","1"
"35259","Birmingham","AL","33.544622","-86.929208","-6","1"
"35260","Birmingham","AL","33.544622","-86.929208","-6","1"
"35261","Birmingham","AL","33.544622","-86.929208","-6","1"
"35263","Birmingham","AL","33.522505","-86.80939","-6","1"
"35266","Birmingham","AL","33.372861","-86.853075","-6","1"
"35277","Birmingham","AL","33.544622","-86.929208","-6","1"
"35278","Birmingham","AL","33.544622","-86.929208","-6","1"
"35279","Birmingham","AL","33.544622","-86.929208","-6","1"
"35280","Birmingham","AL","33.544622","-86.929208","-6","1"
"35281","Birmingham","AL","33.544622","-86.929208","-6","1"
"35282","Birmingham","AL","33.544622","-86.929208","-6","1"
"35283","Birmingham","AL","33.544622","-86.929208","-6","1"
"35285","Birmingham","AL","33.544622","-86.929208","-6","1"
"35286","Birmingham","AL","33.544622","-86.929208","-6","1"
"35287","Birmingham","AL","33.544622","-86.929208","-6","1"
"35288","Birmingham","AL","33.445808","-86.928542","-6","1"
"35289","Birmingham","AL","33.544622","-86.929208","-6","1"
"35290","Birmingham","AL","33.544622","-86.929208","-6","1"
"35291","Birmingham","AL","33.544622","-86.929208","-6","1"
"35292","Birmingham","AL","33.544622","-86.929208","-6","1"
"35293","Birmingham","AL","33.544622","-86.929208","-6","1"
"35294","Birmingham","AL","33.544622","-86.929208","-6","1"
"35295","Birmingham","AL","33.544622","-86.929208","-6","1"
"35296","Birmingham","AL","33.544622","-86.929208","-6","1"
"35297","Birmingham","AL","33.544622","-86.929208","-6","1"
"35298","Birmingham","AL","33.544622","-86.929208","-6","1"
"35299","Birmingham","AL","33.544622","-86.929208","-6","1"
"35308","Dora","AL","33.706068","-87.092112","-6","1"
"35401","Tuscaloosa","AL","33.193818","-87.56843","-6","1"
"35402","Tuscaloosa","AL","33.306606","-87.453224","-6","1"
"35403","Tuscaloosa","AL","33.205073","-87.52749","-6","1"
"35404","Tuscaloosa","AL","33.217168","-87.49461","-6","1"
"35405","Tuscaloosa","AL","33.149246","-87.52303","-6","1"
"35406","Tuscaloosa","AL","33.271585","-87.50611","-6","1"
"35407","Tuscaloosa","AL","33.306606","-87.453224","-6","1"
"35440","Abernant","AL","33.311014","-87.18975","-6","1"
"35441","Akron","AL","32.871514","-87.73326","-6","1"
"35442","Aliceville","AL","33.095505","-88.18653","-6","1"
"35443","Boligee","AL","32.772835","-88.0321","-6","1"
"35444","Brookwood","AL","33.276411","-87.3052","-6","1"
"35446","Buhl","AL","33.207547","-87.75054","-6","1"
"35447","Carrollton","AL","33.254197","-88.16866","-6","1"
"35448","Clinton","AL","32.835692","-87.956884","-6","1"
"35449","Coaling","AL","33.135876","-87.338369","-6","1"
"35452","Coker","AL","33.249332","-87.67217","-6","1"
"35453","Cottondale","AL","33.170357","-87.39889","-6","1"
"35456","Duncanville","AL","33.068806","-87.43974","-6","1"
"35457","Echola","AL","33.301003","-87.77187","-6","1"
"35458","Elrod","AL","33.274081","-87.80211","-6","1"
"35459","Emelle","AL","32.80728","-88.31069","-6","1"
"35460","Epes","AL","32.716468","-88.15261","-6","1"
"35461","Ethelsville","AL","33.421827","-88.22013","-6","1"
"35462","Eutaw","AL","32.931143","-87.93837","-6","1"
"35463","Fosters","AL","33.081289","-87.68988","-6","1"
"35464","Gainesville","AL","32.811241","-88.1648","-6","1"
"35466","Gordo","AL","33.299935","-87.88368","-6","1"
"35468","Kellerman","AL","33.306606","-87.453224","-6","1"
"35469","Knoxville","AL","33.012557","-87.79793","-6","1"
"35470","Livingston","AL","32.558949","-88.12485","-6","1"
"35471","McShan","AL","33.402134","-88.14732","-6","1"
"35473","Northport","AL","33.260567","-87.58945","-6","1"
"35474","Moundville","AL","32.962981","-87.61717","-6","1"
"35475","Northport","AL","33.388654","-87.57913","-6","1"
"35476","Northport","AL","33.227736","-87.58819","-6","1"
"35477","Panola","AL","32.915891","-88.25764","-6","1"
"35478","Peterson","AL","33.306606","-87.453224","-6","1"
"35480","Ralph","AL","33.102981","-87.83382","-6","1"
"35481","Reform","AL","33.399471","-88.02086","-6","1"
"35482","Samantha","AL","33.306606","-87.453224","-6","1"
"35485","Tuscaloosa","AL","33.306606","-87.453224","-6","1"
"35486","Tuscaloosa","AL","33.272662","-87.793794","-6","1"
"35487","Tuscaloosa","AL","33.307222","-87.585902","-6","1"
"35490","Vance","AL","33.197284","-87.25156","-6","1"
"35491","West Greene","AL","32.835692","-87.956884","-6","1"
"35501","Jasper","AL","33.828412","-87.27632","-6","1"
"35502","Jasper","AL","33.901993","-87.293888","-6","1"
"35503","Jasper","AL","33.907546","-87.29957","-6","1"
"35504","Jasper","AL","33.883566","-87.2125","-6","1"
"35540","Addison","AL","34.223057","-87.17232","-6","1"
"35541","Arley","AL","34.059527","-87.18344","-6","1"
"35542","Bankston","AL","33.703682","-87.67155","-6","1"
"35543","Bear Creek","AL","34.247898","-87.72171","-6","1"
"35544","Beaverton","AL","33.939291","-88.01367","-6","1"
"35545","Belk","AL","33.641227","-87.92911","-6","1"
"35546","Berry","AL","33.628719","-87.58251","-6","1"
"35548","Brilliant","AL","34.043457","-87.7594","-6","1"
"35549","Carbon Hill","AL","33.87798","-87.52728","-6","1"
"35550","Cordova","AL","33.754767","-87.16587","-6","1"
"35551","Delmar","AL","34.145939","-87.373241","-6","1"
"35552","Detroit","AL","34.061266","-88.15462","-6","1"
"35553","Double Springs","AL","34.146713","-87.39317","-6","1"
"35554","Eldridge","AL","33.903299","-87.65194","-6","1"
"35555","Fayette","AL","33.681768","-87.83026","-6","1"
"35559","Glen Allen","AL","33.909001","-87.73186","-6","1"
"35560","Goodsprings","AL","33.679503","-87.237372","-6","1"
"35563","Guin","AL","33.972007","-87.90302","-6","1"
"35564","Hackleburg","AL","34.262751","-87.83441","-6","1"
"35565","Haleyville","AL","34.225425","-87.6118","-6","1"
"35570","Hamilton","AL","34.149717","-88.00384","-6","1"
"35571","Hodges","AL","34.341907","-87.94612","-6","1"
"35572","Houston","AL","34.16678","-87.26526","-6","1"
"35573","Kansas","AL","33.92169","-87.524264","-6","1"
"35574","Kennedy","AL","33.586897","-87.97695","-6","1"
"35575","Lynn","AL","34.049426","-87.57065","-6","1"
"35576","Millport","AL","33.581135","-88.10835","-6","1"
"35577","Natural Bridge","AL","34.093409","-87.600815","-6","1"
"35578","Nauvoo","AL","33.97173","-87.45746","-6","1"
"35579","Oakman","AL","33.673236","-87.37169","-6","1"
"35580","Parrish","AL","33.701484","-87.27103","-6","1"
"35581","Phil Campbell","AL","34.343017","-87.71277","-6","1"
"35582","Red Bay","AL","34.448328","-88.12041","-6","1"
"35584","Sipsey","AL","33.823683","-87.08699","-6","1"
"35585","Spruce Pine","AL","34.428048","-87.80695","-6","1"
"35586","Sulligent","AL","33.864591","-88.13117","-6","1"
"35587","Townley","AL","33.807412","-87.446","-6","1"
"35592","Vernon","AL","33.752857","-88.0996","-6","1"
"35593","Vina","AL","34.369264","-88.06745","-6","1"
"35594","Winfield","AL","33.925454","-87.78949","-6","1"
"35601","Decatur","AL","34.595332","-86.98786","-6","1"
"35602","Decatur","AL","34.606216","-87.088142","-6","1"
"35603","Decatur","AL","34.539072","-86.95732","-6","1"
"35609","Decatur","AL","34.495365","-86.82993","-6","1"
"35610","Anderson","AL","34.944113","-87.24921","-6","1"
"35611","Athens","AL","34.784028","-87.02767","-6","1"
"35612","Athens","AL","34.774907","-87.030479","-6","1"
"35613","Athens","AL","34.808165","-86.89623","-6","1"
"35614","Athens","AL","34.860179","-87.06231","-6","1"
"35615","Belle Mina","AL","34.774907","-87.030479","-6","1"
"35616","Cherokee","AL","34.748498","-87.9986","-6","1"
"35617","Cloverdale","AL","34.869964","-87.706859","-6","1"
"35618","Courtland","AL","34.665033","-87.30978","-6","1"
"35619","Danville","AL","34.404908","-87.12915","-6","1"
"35620","Elkmont","AL","34.930354","-86.9809","-6","1"
"35621","Eva","AL","34.334972","-86.71847","-6","1"
"35622","Falkville","AL","34.340484","-86.89176","-6","1"
"35630","Florence","AL","34.817537","-87.66253","-6","1"
"35631","Florence","AL","34.869964","-87.706859","-6","1"
"35632","Florence","AL","34.869964","-87.706859","-6","1"
"35633","Florence","AL","34.898897","-87.77379","-6","1"
"35634","Florence","AL","34.888897","-87.60731","-6","1"
"35640","Hartselle","AL","34.442184","-86.94027","-6","1"
"35643","Hillsboro","AL","34.648768","-87.20394","-6","1"
"35645","Killen","AL","34.904208","-87.50776","-6","1"
"35646","Leighton","AL","34.660322","-87.53577","-6","1"
"35647","Lester","AL","34.967939","-87.11732","-6","1"
"35648","Lexington","AL","34.966009","-87.38262","-6","1"
"35649","Mooresville","AL","34.625704","-86.8784","-6","1"
"35650","Moulton","AL","34.496476","-87.27802","-6","1"
"35651","Mount Hope","AL","34.476048","-87.48875","-6","1"
"35652","Rogersville","AL","34.843309","-87.29937","-6","1"
"35653","Russellville","AL","34.519453","-87.78077","-6","1"
"35654","Russellville","AL","34.516472","-87.65265","-6","1"
"35659","Russellville","AL","34.536839","-87.704179","-6","1"
"35660","Sheffield","AL","34.759738","-87.69317","-6","1"
"35661","Muscle Shoals","AL","34.759947","-87.62705","-6","1"
"35662","Muscle Shoals","AL","34.757152","-87.966575","-6","1"
"35670","Somerville","AL","34.481885","-86.7525","-6","1"
"35671","Tanner","AL","34.67373","-86.94986","-6","1"
"35672","Town Creek","AL","34.64248","-87.41166","-6","1"
"35673","Trinity","AL","34.581591","-87.11884","-6","1"
"35674","Tuscumbia","AL","34.70017","-87.7142","-6","1"
"35677","Waterloo","AL","34.950648","-88.02603","-6","1"
"35699","Decatur","AL","34.495365","-86.82993","-6","1"
"35703","Cardiff","AL","33.64672","-86.931818","-6","1"
"35715","Montevallo","AL","33.08696","-86.855772","-6","1"
"35739","Ardmore","AL","34.972309","-86.81352","-6","1"
"35740","Bridgeport","AL","34.943871","-85.73077","-6","1"
"35741","Brownsboro","AL","34.720813","-86.48932","-6","1"
"35742","Capshaw","AL","34.813577","-86.80405","-6","1"
"35744","Dutton","AL","34.610055","-85.91553","-6","1"
"35745","Estillfork","AL","34.929269","-86.20726","-6","1"
"35746","Fackler","AL","34.830058","-85.97048","-6","1"
"35747","Grant","AL","34.500216","-86.27889","-6","1"
"35748","Gurley","AL","34.710942","-86.38995","-6","1"
"35749","Harvest","AL","34.815817","-86.76003","-6","1"
"35750","Hazel Green","AL","34.948321","-86.58988","-6","1"
"35751","Hollytree","AL","34.815033","-86.27258","-6","1"
"35752","Hollywood","AL","34.745259","-85.94729","-6","1"
"35754","Laceys Spring","AL","34.520438","-86.61977","-6","1"
"35755","Langston","AL","34.501178","-86.11516","-6","1"
"35756","Madison","AL","34.630103","-86.80159","-6","1"
"35757","Madison","AL","34.776638","-86.75164","-6","1"
"35758","Madison","AL","34.715065","-86.73964","-6","1"
"35759","Meridianville","AL","34.863236","-86.56137","-6","1"
"35760","New Hope","AL","34.541285","-86.39852","-6","1"
"35761","New Market","AL","34.902137","-86.44272","-6","1"
"35762","Normal","AL","34.733964","-86.522913","-6","1"
"35763","Owens Cross Roads","AL","34.624533","-86.47069","-6","1"
"35764","Paint Rock","AL","34.694662","-86.31816","-6","1"
"35765","Pisgah","AL","34.695645","-85.80484","-6","1"
"35766","Princeton","AL","34.842944","-86.23149","-6","1"
"35767","Ryland","AL","34.733964","-86.522913","-6","1"
"35768","Scottsboro","AL","34.712327","-86.08387","-6","1"
"35769","Scottsboro","AL","34.606124","-86.06464","-6","1"
"35771","Section","AL","34.546397","-85.98279","-6","1"
"35772","Stevenson","AL","34.877531","-85.84528","-6","1"
"35773","Toney","AL","34.90267","-86.71367","-6","1"
"35774","Trenton","AL","34.752369","-86.22634","-6","1"
"35775","Valhermoso Springs","AL","34.550375","-86.70576","-6","1"
"35776","Woodville","AL","34.664895","-86.23363","-6","1"
"35801","Huntsville","AL","34.72879","-86.57316","-6","1"
"35802","Huntsville","AL","34.666041","-86.55929","-6","1"
"35803","Huntsville","AL","34.603017","-86.54293","-6","1"
"35804","Huntsville","AL","34.728366","-86.585312","-6","1"
"35805","Huntsville","AL","34.711291","-86.61691","-6","1"
"35806","Huntsville","AL","34.748066","-86.68317","-6","1"
"35807","Huntsville","AL","34.733964","-86.522913","-6","1"
"35808","Huntsville","AL","34.623075","-86.6647","-6","1"
"35809","Huntsville","AL","34.733964","-86.522913","-6","1"
"35810","Huntsville","AL","34.77624","-86.61339","-6","1"
"35811","Huntsville","AL","34.78108","-86.53163","-6","1"
"35812","Huntsville","AL","34.733964","-86.522913","-6","1"
"35813","Huntsville","AL","34.733964","-86.522913","-6","1"
"35814","Huntsville","AL","34.733964","-86.522913","-6","1"
"35815","Huntsville","AL","34.733964","-86.522913","-6","1"
"35816","Huntsville","AL","34.73969","-86.62464","-6","1"
"35824","Huntsville","AL","34.654126","-86.73987","-6","1"
"35893","Huntsville","AL","34.733964","-86.522913","-6","1"
"35894","Huntsville","AL","34.733964","-86.522913","-6","1"
"35895","Huntsville","AL","34.733964","-86.522913","-6","1"
"35896","Huntsville","AL","34.733964","-86.522913","-6","1"
"35897","Huntsville","AL","34.733964","-86.522913","-6","1"
"35898","Huntsville","AL","34.733964","-86.522913","-6","1"
"35899","Huntsville","AL","34.733898","-86.645592","-6","1"
"35901","Gadsden","AL","34.016747","-85.99282","-6","1"
"35902","Gadsden","AL","33.984062","-85.803434","-6","1"
"35903","Gadsden","AL","33.996698","-85.92496","-6","1"
"35904","Gadsden","AL","34.032097","-86.0353","-6","1"
"35905","Gadsden","AL","33.942031","-85.93993","-6","1"
"35906","Rainbow City","AL","33.943964","-86.06154","-6","1"
"35907","Gadsden","AL","33.906415","-86.02665","-6","1"
"35950","Albertville","AL","34.261878","-86.22835","-6","1"
"35951","Albertville","AL","34.313014","-86.19282","-6","1"
"35952","Altoona","AL","34.057496","-86.32225","-6","1"
"35953","Ashville","AL","33.825516","-86.24231","-6","1"
"35954","Attalla","AL","34.043263","-86.08904","-6","1"
"35956","Boaz","AL","34.155318","-86.13237","-6","1"
"35957","Boaz","AL","34.203621","-86.1728","-6","1"
"35958","Bryant","AL","34.921827","-85.63784","-6","1"
"35959","Cedar Bluff","AL","34.237989","-85.61277","-6","1"
"35960","Centre","AL","34.141067","-85.60472","-6","1"
"35961","Collinsville","AL","34.279268","-85.85634","-6","1"
"35962","Crossville","AL","34.297717","-86.036","-6","1"
"35963","Dawson","AL","34.359766","-85.92825","-6","1"
"35964","Douglas","AL","34.34962","-86.319824","-6","1"
"35966","Flat Rock","AL","34.788306","-85.67642","-6","1"
"35967","Fort Payne","AL","34.429472","-85.71078","-6","1"
"35968","Fort Payne","AL","34.460537","-85.76744","-6","1"
"35969","Fort Payne","AL","34.452575","-85.717302","-6","1"
"35971","Fyffe","AL","34.457657","-85.92772","-6","1"
"35972","Gallant","AL","33.987653","-86.25523","-6","1"
"35973","Gaylesville","AL","34.333048","-85.55172","-6","1"
"35974","Geraldine","AL","34.361787","-86.0098","-6","1"
"35975","Groveoak","AL","34.431683","-86.06169","-6","1"
"35976","Guntersville","AL","34.350835","-86.30475","-6","1"
"35978","Henagar","AL","34.637589","-85.73274","-6","1"
"35979","Higdon","AL","34.831242","-85.61564","-6","1"
"35980","Horton","AL","34.179277","-86.36882","-6","1"
"35981","Ider","AL","34.717362","-85.65353","-6","1"
"35983","Leesburg","AL","34.189256","-85.76816","-6","1"
"35984","Mentone","AL","34.557735","-85.5751","-6","1"
"35986","Rainsville","AL","34.500878","-85.83763","-6","1"
"35987","Steele","AL","33.9117","-86.24408","-6","1"
"35988","Sylvania","AL","34.56838","-85.79646","-6","1"
"35989","Valley Head","AL","34.5852","-85.65125","-6","1"
"35990","Walnut Grove","AL","34.066644","-86.30438","-6","1"
"36003","Autaugaville","AL","32.439967","-86.68801","-6","1"
"36005","Banks","AL","31.859531","-85.75558","-6","1"
"36006","Billingsley","AL","32.65279","-86.7143","-6","1"
"36008","Booth","AL","32.501649","-86.572711","-6","1"
"36009","Brantley","AL","31.579451","-86.3188","-6","1"
"36010","Brundidge","AL","31.678393","-85.82425","-6","1"
"36013","Cecil","AL","32.295289","-85.99653","-6","1"
"36015","Chapman","AL","31.642713","-86.734317","-6","1"
"36016","Clayton","AL","31.843675","-85.43298","-6","1"
"36017","Clio","AL","31.692576","-85.55787","-6","1"
"36020","Coosada","AL","32.496067","-86.33073","-6","1"
"36022","Deatsville","AL","32.612619","-86.39497","-6","1"
"36023","East Tallassee","AL","32.800155","-85.803427","-6","1"
"36024","Eclectic","AL","32.697561","-86.016","-6","1"
"36025","Elmore","AL","32.538878","-86.33358","-6","1"
"36026","Equality","AL","32.776549","-86.0477","-6","1"
"36027","Eufaula","AL","31.876168","-85.17362","-6","1"
"36028","Dozier","AL","31.474803","-86.37618","-6","1"
"36029","Fitzpatrick","AL","32.214818","-85.93281","-6","1"
"36030","Forest Home","AL","31.847964","-86.86441","-6","1"
"36031","Fort Davis","AL","32.251957","-85.73589","-6","1"
"36032","Fort Deposit","AL","31.984289","-86.57087","-6","1"
"36033","Georgiana","AL","31.655458","-86.76737","-6","1"
"36034","Glenwood","AL","31.637696","-86.13578","-6","1"
"36035","Goshen","AL","31.756986","-86.14489","-6","1"
"36036","Grady","AL","31.985456","-86.15741","-6","1"
"36037","Greenville","AL","31.8007","-86.60591","-6","1"
"36038","Gantt","AL","31.260882","-86.444833","-6","1"
"36039","Hardaway","AL","32.28032","-85.81979","-6","1"
"36040","Hayneville","AL","32.182677","-86.66877","-6","1"
"36041","Highland Home","AL","31.913456","-86.30083","-6","1"
"36042","Honoraville","AL","31.860078","-86.44607","-6","1"
"36043","Hope Hull","AL","32.22381","-86.39798","-6","1"
"36045","Kent","AL","32.587631","-86.132981","-6","1"
"36046","Lapine","AL","32.025367","-86.34182","-6","1"
"36047","Letohatchee","AL","32.070433","-86.49437","-6","1"
"36048","Louisville","AL","31.776734","-85.58908","-6","1"
"36049","Luverne","AL","31.737407","-86.26946","-6","1"
"36051","Marbury","AL","32.682598","-86.47451","-6","1"
"36052","Mathews","AL","32.171705","-86.06661","-6","1"
"36053","Midway","AL","32.011153","-85.46827","-6","1"
"36054","Millbrook","AL","32.492335","-86.36692","-6","1"
"36057","Mount Meigs","AL","32.233377","-86.208528","-6","1"
"36061","Perote","AL","32.092808","-85.704649","-6","1"
"36062","Petrey","AL","31.74589","-86.323949","-6","1"
"36064","Pike Road","AL","32.318234","-86.09585","-6","1"
"36065","Pine Level","AL","32.042813","-86.0514","-6","1"
"36066","Prattville","AL","32.459435","-86.42746","-6","1"
"36067","Prattville","AL","32.488113","-86.52962","-6","1"
"36068","Prattville","AL","32.507893","-86.666272","-6","1"
"36069","Ramer","AL","32.07955","-86.14911","-6","1"
"36071","Rutledge","AL","31.708837","-86.38617","-6","1"
"36072","Eufaula","AL","31.826055","-85.166028","-6","1"
"36075","Shorter","AL","32.399994","-85.9237","-6","1"
"36078","Tallassee","AL","32.553036","-85.9136","-6","1"
"36079","Troy","AL","31.780847","-85.992","-6","1"
"36080","Titus","AL","32.691057","-86.29429","-6","1"
"36081","Troy","AL","31.852825","-85.92314","-6","1"
"36082","Troy","AL","31.816474","-85.964713","-6","1"
"36083","Tuskegee","AL","32.427987","-85.69542","-6","1"
"36087","Tuskegee Institute","AL","32.40926","-85.738032","-6","1"
"36088","Tuskegee Institute","AL","32.419862","-85.71699","-6","1"
"36089","Union Springs","AL","32.145437","-85.70998","-6","1"
"36091","Verbena","AL","32.759543","-86.51111","-6","1"
"36092","Wetumpka","AL","32.592889","-86.21902","-6","1"
"36093","Wetumpka","AL","32.505741","-86.15644","-6","1"
"36101","Montgomery","AL","32.356988","-86.257817","-6","1"
"36102","Montgomery","AL","32.233377","-86.208528","-6","1"
"36103","Montgomery","AL","32.346158","-86.287316","-6","1"
"36104","Montgomery","AL","32.377509","-86.31068","-6","1"
"36105","Montgomery","AL","32.30234","-86.30504","-6","1"
"36106","Montgomery","AL","32.354888","-86.27161","-6","1"
"36107","Montgomery","AL","32.378138","-86.27905","-6","1"
"36108","Montgomery","AL","32.353188","-86.36037","-6","1"
"36109","Montgomery","AL","32.386088","-86.24511","-6","1"
"36110","Montgomery","AL","32.426372","-86.27007","-6","1"
"36111","Montgomery","AL","32.338989","-86.27316","-6","1"
"36112","Montgomery","AL","32.374287","-86.345719","-6","1"
"36113","Montgomery","AL","32.359588","-86.34434","-6","1"
"36114","Montgomery","AL","32.403987","-86.253867","-6","1"
"36115","Montgomery","AL","32.404754","-86.24963","-6","1"
"36116","Montgomery","AL","32.31324","-86.23672","-6","1"
"36117","Montgomery","AL","32.373714","-86.16443","-6","1"
"36118","Montgomery","AL","32.233377","-86.208528","-6","1"
"36119","Montgomery","AL","32.233377","-86.208528","-6","1"
"36120","Montgomery","AL","32.233377","-86.208528","-6","1"
"36121","Montgomery","AL","32.233377","-86.208528","-6","1"
"36123","Montgomery","AL","32.233377","-86.208528","-6","1"
"36124","Montgomery","AL","32.233377","-86.208528","-6","1"
"36125","Montgomery","AL","32.233377","-86.208528","-6","1"
"36130","Montgomery","AL","32.233377","-86.208528","-6","1"
"36131","Montgomery","AL","32.233377","-86.208528","-6","1"
"36132","Montgomery","AL","32.233377","-86.208528","-6","1"
"36133","Montgomery","AL","32.233377","-86.208528","-6","1"
"36134","Montgomery","AL","32.233377","-86.208528","-6","1"
"36135","Montgomery","AL","32.233377","-86.208528","-6","1"
"36140","Montgomery","AL","32.233377","-86.208528","-6","1"
"36141","Montgomery","AL","32.233377","-86.208528","-6","1"
"36142","Montgomery","AL","32.233377","-86.208528","-6","1"
"36177","Montgomery","AL","32.233377","-86.208528","-6","1"
"36191","Montgomery","AL","32.233377","-86.208528","-6","1"
"36201","Anniston","AL","33.658803","-85.85178","-6","1"
"36202","Anniston","AL","33.762195","-85.837828","-6","1"
"36203","Anniston","AL","33.591301","-85.83571","-6","1"
"36204","Anniston","AL","33.762195","-85.837828","-6","1"
"36205","Anniston","AL","33.711314","-85.78527","-6","1"
"36206","Anniston","AL","33.719701","-85.83166","-6","1"
"36207","Anniston","AL","33.651673","-85.75895","-6","1"
"36250","Alexandria","AL","33.766057","-85.88969","-6","1"
"36251","Ashland","AL","33.243964","-85.84503","-6","1"
"36253","Bynum","AL","33.762195","-85.837828","-6","1"
"36254","Choccolocco","AL","33.657349","-85.699116","-6","1"
"36255","Cragford","AL","33.185338","-85.72548","-6","1"
"36256","Daviston","AL","33.032076","-85.69962","-6","1"
"36257","De Armanville","AL","33.762195","-85.837828","-6","1"
"36258","Delta","AL","33.473789","-85.71409","-6","1"
"36260","Eastaboga","AL","33.593189","-85.99551","-6","1"
"36261","Edwardsville","AL","33.706595","-85.509902","-6","1"
"36262","Fruithurst","AL","33.761052","-85.45227","-6","1"
"36263","Graham","AL","33.469709","-85.36139","-6","1"
"36264","Heflin","AL","33.613541","-85.55457","-6","1"
"36265","Jacksonville","AL","33.824496","-85.77037","-6","1"
"36266","Lineville","AL","33.328958","-85.72073","-6","1"
"36267","Millerville","AL","33.200704","-85.94159","-6","1"
"36268","Munford","AL","33.51179","-85.94756","-6","1"
"36269","Muscadine","AL","33.740158","-85.37813","-6","1"
"36270","Newell","AL","33.423088","-85.47202","-6","1"
"36271","Ohatchee","AL","33.79933","-86.0286","-6","1"
"36272","Piedmont","AL","33.948018","-85.61491","-6","1"
"36273","Ranburne","AL","33.535491","-85.36312","-6","1"
"36274","Roanoke","AL","33.159848","-85.36865","-6","1"
"36275","Spring Garden","AL","33.977829","-85.552143","-6","1"
"36276","Wadley","AL","33.142612","-85.57418","-6","1"
"36277","Weaver","AL","33.754308","-85.81991","-6","1"
"36278","Wedowee","AL","33.338853","-85.509","-6","1"
"36279","Wellington","AL","33.862349","-85.89512","-6","1"
"36280","Woodland","AL","33.366136","-85.36501","-6","1"
"36301","Dothan","AL","31.180076","-85.4045","-6","1"
"36302","Dothan","AL","31.156018","-85.355931","-6","1"
"36303","Dothan","AL","31.249042","-85.40605","-6","1"
"36304","Dothan","AL","31.156018","-85.355931","-6","1"
"36305","Dothan","AL","31.214832","-85.47402","-6","1"
"36310","Abbeville","AL","31.599256","-85.2094","-6","1"
"36311","Ariton","AL","31.589226","-85.69097","-6","1"
"36312","Ashford","AL","31.178688","-85.2429","-6","1"
"36313","Bellwood","AL","31.174249","-85.79562","-6","1"
"36314","Black","AL","31.013308","-85.75742","-6","1"
"36316","Chancellor","AL","31.172641","-85.86482","-6","1"
"36317","Clopton","AL","31.645125","-85.37812","-6","1"
"36318","Coffee Springs","AL","31.16782","-85.94917","-6","1"
"36319","Columbia","AL","31.312599","-85.14456","-6","1"
"36320","Cottonwood","AL","31.051843","-85.31561","-6","1"
"36321","Cowarts","AL","31.202473","-85.301373","-6","1"
"36322","Daleville","AL","31.284499","-85.72111","-6","1"
"36323","Elba","AL","31.428389","-86.07271","-6","1"
"36330","Enterprise","AL","31.32579","-85.84117","-6","1"
"36331","Enterprise","AL","31.297817","-85.90364","-6","1"
"36340","Geneva","AL","31.043454","-85.87941","-6","1"
"36343","Gordon","AL","31.087556","-85.13116","-6","1"
"36344","Hartford","AL","31.096994","-85.7001","-6","1"
"36345","Headland","AL","31.381263","-85.3149","-6","1"
"36346","Jack","AL","31.567171","-85.93102","-6","1"
"36349","Malvern","AL","31.121244","-85.559235","-6","1"
"36350","Midland City","AL","31.319083","-85.48718","-6","1"
"36351","New Brockton","AL","31.406536","-85.9175","-6","1"
"36352","Newton","AL","31.262955","-85.60789","-6","1"
"36353","Newville","AL","31.453069","-85.36241","-6","1"
"36360","Ozark","AL","31.447119","-85.62908","-6","1"
"36361","Ozark","AL","31.407872","-85.603458","-6","1"
"36362","Fort Rucker","AL","31.352676","-85.70509","-6","1"
"36370","Pansey","AL","31.141962","-85.15675","-6","1"
"36371","Pinckard","AL","31.31201","-85.54722","-6","1"
"36373","Shorterville","AL","31.52151","-85.1146","-6","1"
"36374","Skipperville","AL","31.569287","-85.48581","-6","1"
"36375","Slocomb","AL","31.096836","-85.54403","-6","1"
"36376","Webb","AL","31.243717","-85.27681","-6","1"
"36383","Lanett","AL","32.890759","-85.221739","-6","1"
"36395","Malvern","AL","31.138076","-85.529661","-6","1"
"36401","Evergreen","AL","31.461019","-86.96271","-6","1"
"36420","Andalusia","AL","31.279043","-86.48699","-6","1"
"36422","Lockhart","AL","31.045685","-86.433655","-6","1"
"36425","Beatrice","AL","31.737883","-87.17442","-6","1"
"36426","Brewton","AL","31.129008","-87.10173","-6","1"
"36427","Brewton","AL","31.091784","-87.26404","-6","1"
"36429","Brooklyn","AL","31.466945","-87.044687","-6","1"
"36431","Burnt Corn","AL","31.529531","-87.345345","-6","1"
"36432","Castleberry","AL","31.291038","-87.03109","-6","1"
"36435","Coy","AL","31.874887","-87.4311","-6","1"
"36436","Dickinson","AL","31.756797","-87.645","-6","1"
"36439","Excel","AL","31.429472","-87.339329","-6","1"
"36441","Flomaton","AL","31.023139","-87.23957","-6","1"
"36442","Florala","AL","31.042071","-86.34347","-6","1"
"36444","Franklin","AL","31.63857","-87.46772","-6","1"
"36445","Frisco City","AL","31.429994","-87.41631","-6","1"
"36446","Fulton","AL","31.786539","-87.72688","-6","1"
"36449","Goodway","AL","31.529531","-87.345345","-6","1"
"36451","Grove Hill","AL","31.704736","-87.77773","-6","1"
"36453","Kinston","AL","31.203287","-86.15169","-6","1"
"36454","Lenox","AL","31.466945","-87.044687","-6","1"
"36455","Lockhart","AL","31.011435","-86.35065","-6","1"
"36456","McKenzie","AL","31.54668","-86.77355","-6","1"
"36457","Megargel","AL","31.361214","-87.435279","-6","1"
"36458","Mexia","AL","31.514659","-87.408362","-6","1"
"36460","Monroeville","AL","31.509039","-87.32416","-6","1"
"36461","Monroeville","AL","31.522093","-87.341108","-6","1"
"36462","Monroeville","AL","31.529531","-87.345345","-6","1"
"36467","Opp","AL","31.280048","-86.25484","-6","1"
"36470","Perdue Hill","AL","31.514262","-87.50401","-6","1"
"36471","Peterman","AL","31.612646","-87.24886","-6","1"
"36473","Range","AL","31.306814","-87.20327","-6","1"
"36474","Red Level","AL","31.416059","-86.61397","-6","1"
"36475","Repton","AL","31.410205","-87.22474","-6","1"
"36476","River Falls","AL","31.356774","-86.54879","-6","1"
"36477","Samson","AL","31.091359","-86.04782","-6","1"
"36480","Uriah","AL","31.320897","-87.59607","-6","1"
"36481","Vredenburgh","AL","31.821448","-87.34313","-6","1"
"36482","Whatley","AL","31.614138","-87.63373","-6","1"
"36483","Wing","AL","31.03183","-86.70207","-6","1"
"36501","Alma","AL","31.463968","-87.73883","-6","1"
"36502","Atmore","AL","31.090528","-87.49715","-6","1"
"36503","Atmore","AL","31.128242","-87.152068","-6","1"
"36504","Atmore","AL","31.015817","-87.497165","-6","1"
"36505","Axis","AL","30.930065","-88.00103","-6","1"
"36507","Bay Minette","AL","30.875697","-87.76592","-6","1"
"36508","Dauphin Island","AL","30.253557","-88.101463","-6","1"
"36509","Bayou La Batre","AL","30.401384","-88.24671","-6","1"
"36511","Bon Secour","AL","30.312316","-87.73468","-6","1"
"36512","Bucks","AL","30.658865","-88.177975","-6","1"
"36513","Calvert","AL","31.161966","-87.99588","-6","1"
"36515","Carlton","AL","31.375467","-87.78506","-6","1"
"36518","Chatom","AL","31.463383","-88.26781","-6","1"
"36521","Chunchula","AL","30.965694","-88.18697","-6","1"
"36522","Citronelle","AL","31.0753","-88.2633","-6","1"
"36523","Coden","AL","30.383724","-88.18466","-6","1"
"36524","Coffeeville","AL","31.790834","-88.06933","-6","1"
"36525","Creola","AL","30.886317","-88.02806","-6","1"
"36526","Daphne","AL","30.620594","-87.88312","-6","1"
"36527","Spanish Fort","AL","30.684873","-87.89723","-6","1"
"36528","Dauphin Island","AL","30.250825","-88.11819","-6","1"
"36529","Deer Park","AL","31.309194","-88.26036","-6","1"
"36530","Elberta","AL","30.377657","-87.56159","-6","1"
"36531","Loxley","AL","30.620944","-87.753091","-6","1"
"36532","Fairhope","AL","30.512458","-87.88559","-6","1"
"36533","Fairhope","AL","30.484131","-87.860613","-6","1"
"36535","Foley","AL","30.396876","-87.69616","-6","1"
"36536","Foley","AL","30.42216","-87.706371","-6","1"
"36538","Frankville","AL","31.646087","-88.14188","-6","1"
"36539","Fruitdale","AL","31.375241","-88.41557","-6","1"
"36540","Gainestown","AL","31.453836","-87.64373","-6","1"
"36541","Grand Bay","AL","30.487783","-88.32722","-6","1"
"36542","Gulf Shores","AL","30.262276","-87.72784","-6","1"
"36543","Huxford","AL","31.216132","-87.461537","-6","1"
"36544","Irvington","AL","30.479171","-88.23793","-6","1"
"36545","Jackson","AL","31.508231","-87.88346","-6","1"
"36547","Gulf Shores","AL","30.265325","-87.629926","-6","1"
"36548","Leroy","AL","31.495691","-87.9626","-6","1"
"36549","Lillian","AL","30.393983","-87.45664","-6","1"
"36550","Little River","AL","31.242801","-87.76099","-6","1"
"36551","Loxley","AL","30.6316","-87.75299","-6","1"
"36553","McIntosh","AL","31.234589","-88.08089","-6","1"
"36555","Magnolia Springs","AL","30.427641","-87.796011","-6","1"
"36556","Malcolm","AL","31.213801","-87.96228","-6","1"
"36558","Millry","AL","31.629578","-88.34737","-6","1"
"36559","Montrose","AL","30.564701","-87.90216","-6","1"
"36560","Mount Vernon","AL","31.088463","-88.03007","-6","1"
"36561","Orange Beach","AL","30.291503","-87.56198","-6","1"
"36562","Perdido","AL","31.021335","-87.64417","-6","1"
"36564","Point Clear","AL","30.471767","-87.91874","-6","1"
"36567","Robertsdale","AL","30.5822","-87.63936","-6","1"
"36568","Saint Elmo","AL","30.49434","-88.269865","-6","1"
"36569","Saint Stephens","AL","31.529488","-88.06349","-6","1"
"36570","Salitpa","AL","31.613745","-88.01381","-6","1"
"36571","Saraland","AL","30.831636","-88.09386","-6","1"
"36572","Satsuma","AL","30.857435","-88.05414","-6","1"
"36574","Seminole","AL","30.511685","-87.4686","-6","1"
"36575","Semmes","AL","30.76635","-88.26553","-6","1"
"36576","Silverhill","AL","30.540664","-87.7549","-6","1"
"36577","Spanish Fort","AL","30.668757","-87.93971","-6","1"
"36578","Stapleton","AL","30.744745","-87.81486","-6","1"
"36579","Stockton","AL","31.126122","-87.80317","-6","1"
"36580","Summerdale","AL","30.485351","-87.71292","-6","1"
"36581","Sunflower","AL","31.373999","-87.99791","-6","1"
"36582","Theodore","AL","30.533744","-88.16865","-6","1"
"36583","Tibbie","AL","31.35209","-88.20879","-6","1"
"36584","Vinegar Bend","AL","31.202048","-88.38071","-6","1"
"36585","Wagarville","AL","31.38122","-88.02433","-6","1"
"36586","Walker Springs","AL","31.58842","-87.840875","-6","1"
"36587","Wilmer","AL","30.828988","-88.35079","-6","1"
"36590","Theodore","AL","30.487953","-88.253278","-6","1"
"36601","Mobile","AL","30.701142","-88.103184","-6","1"
"36602","Mobile","AL","30.693389","-88.04416","-6","1"
"36603","Mobile","AL","30.688457","-88.05341","-6","1"
"36604","Mobile","AL","30.68164","-88.06676","-6","1"
"36605","Mobile","AL","30.641191","-88.08222","-6","1"
"36606","Mobile","AL","30.674057","-88.10249","-6","1"
"36607","Mobile","AL","30.699539","-88.10474","-6","1"
"36608","Mobile","AL","30.69044","-88.19701","-6","1"
"36609","Mobile","AL","30.662735","-88.16255","-6","1"
"36610","Mobile","AL","30.737405","-88.08201","-6","1"
"36611","Mobile","AL","30.764938","-88.08505","-6","1"
"36612","Mobile","AL","30.753155","-88.11116","-6","1"
"36613","Eight Mile","AL","30.795637","-88.1577","-6","1"
"36614","Mobile","AL","30.601892","-88.211103","-6","1"
"36615","Mobile","AL","30.64109","-88.062248","-6","1"
"36616","Mobile","AL","30.671048","-88.126656","-6","1"
"36617","Mobile","AL","30.717539","-88.09609","-6","1"
"36618","Mobile","AL","30.728488","-88.16845","-6","1"
"36619","Mobile","AL","30.586808","-88.18552","-6","1"
"36621","Mobile","AL","30.658865","-88.177975","-6","1"
"36622","Mobile","AL","30.658865","-88.177975","-6","1"
"36623","Mobile","AL","30.658865","-88.177975","-6","1"
"36625","Mobile","AL","30.658865","-88.177975","-6","1"
"36626","Mobile","AL","30.658865","-88.177975","-6","1"
"36628","Mobile","AL","30.658865","-88.177975","-6","1"
"36630","Mobile","AL","30.658865","-88.177975","-6","1"
"36631","Mobile","AL","30.658865","-88.177975","-6","1"
"36633","Mobile","AL","30.658865","-88.177975","-6","1"
"36640","Mobile","AL","30.658865","-88.177975","-6","1"
"36641","Mobile","AL","30.658865","-88.177975","-6","1"
"36644","Mobile","AL","30.658865","-88.177975","-6","1"
"36652","Mobile","AL","30.658865","-88.177975","-6","1"
"36660","Mobile","AL","30.658865","-88.177975","-6","1"
"36663","Mobile","AL","30.81901","-88.231726","-6","1"
"36670","Mobile","AL","30.658865","-88.177975","-6","1"
"36671","Mobile","AL","30.658865","-88.177975","-6","1"
"36675","Mobile","AL","30.658865","-88.177975","-6","1"
"36685","Mobile","AL","30.658865","-88.177975","-6","1"
"36688","Mobile","AL","30.696589","-88.173652","-6","1"
"36689","Mobile","AL","30.658865","-88.177975","-6","1"
"36690","Mobile","AL","30.658865","-88.177975","-6","1"
"36691","Mobile","AL","30.658865","-88.177975","-6","1"
"36693","Mobile","AL","30.630441","-88.15397","-6","1"
"36695","Mobile","AL","30.646415","-88.23657","-6","1"
"36701","Selma","AL","32.429066","-87.03809","-6","1"
"36702","Selma","AL","32.419259","-87.124708","-6","1"
"36703","Selma","AL","32.419846","-86.97783","-6","1"
"36720","Alberta","AL","32.170653","-87.36217","-6","1"
"36721","Annemanie","AL","32.048079","-87.26226","-6","1"
"36722","Arlington","AL","32.079894","-87.57551","-6","1"
"36723","Boykin","AL","32.08846","-87.28018","-6","1"
"36726","Camden","AL","32.008444","-87.25911","-6","1"
"36727","Campbell","AL","31.910694","-88.03148","-6","1"
"36728","Catherine","AL","32.147166","-87.45675","-6","1"
"36732","Demopolis","AL","32.495484","-87.84521","-6","1"
"36736","Dixons Mills","AL","32.069338","-87.77893","-6","1"
"36738","Faunsdale","AL","32.41786","-87.62729","-6","1"
"36740","Forkland","AL","32.629096","-87.84004","-6","1"
"36741","Furman","AL","32.006129","-86.981703","-6","1"
"36742","Gallion","AL","32.454007","-87.75003","-6","1"
"36744","Greensboro","AL","32.703529","-87.60177","-6","1"
"36745","Jefferson","AL","32.414036","-87.898611","-6","1"
"36748","Linden","AL","32.297441","-87.78812","-6","1"
"36749","Jones","AL","32.54896","-86.87897","-6","1"
"36750","Maplesville","AL","32.789726","-86.8496","-6","1"
"36751","Lower Peach Tree","AL","31.833493","-87.55005","-6","1"
"36752","Lowndesboro","AL","32.322266","-86.64395","-6","1"
"36753","McWilliams","AL","32.048079","-87.26226","-6","1"
"36754","Magnolia","AL","32.140637","-87.6801","-6","1"
"36755","Greensboro","AL","32.700467","-87.578576","-6","1"
"36756","Marion","AL","32.665966","-87.33889","-6","1"
"36758","Plantersville","AL","32.639376","-86.91034","-6","1"
"36759","Marion Junction","AL","32.420138","-87.27857","-6","1"
"36761","Minter","AL","32.080532","-86.95524","-6","1"
"36762","Morvin","AL","31.940191","-88.00336","-6","1"
"36763","Myrtlewood","AL","32.249718","-87.96332","-6","1"
"36764","Nanafalia","AL","32.268329","-87.795275","-6","1"
"36765","Newbern","AL","32.594818","-87.53543","-6","1"
"36766","Oak Hill","AL","31.947005","-87.074497","-6","1"
"36767","Orrville","AL","32.29165","-87.23168","-6","1"
"36768","Pine Apple","AL","31.901412","-86.95505","-6","1"
"36769","Pine Hill","AL","31.990494","-87.55222","-6","1"
"36773","Safford","AL","32.291429","-87.39972","-6","1"
"36775","Sardis","AL","32.213369","-86.98313","-6","1"
"36776","Sawyerville","AL","32.739091","-87.7417","-6","1"
"36778","Snow Hill","AL","32.01998","-87.054284","-6","1"
"36779","Sprott","AL","32.701812","-87.17423","-6","1"
"36782","Sweet Water","AL","32.114999","-87.90187","-6","1"
"36783","Thomaston","AL","32.263473","-87.60214","-6","1"
"36784","Thomasville","AL","31.936003","-87.77013","-6","1"
"36785","Tyler","AL","32.282192","-86.8216","-6","1"
"36786","Uniontown","AL","32.440868","-87.49657","-6","1"
"36790","Stanton","AL","32.731866","-86.90004","-6","1"
"36792","Randolph","AL","32.917983","-86.89046","-6","1"
"36793","Lawley","AL","32.838805","-86.99911","-6","1"
"36801","Opelika","AL","32.660497","-85.39917","-6","1"
"36802","Opelika","AL","32.578185","-85.349003","-6","1"
"36803","Opelika","AL","32.522567","-85.431517","-6","1"
"36804","Opelika","AL","32.556296","-85.33465","-6","1"
"36830","Auburn","AL","32.577135","-85.47282","-6","1"
"36831","Auburn","AL","32.578185","-85.349003","-6","1"
"36832","Auburn","AL","32.589553","-85.53991","-6","1"
"36849","Auburn University","AL","32.602434","-85.4858","-6","1"
"36850","Camp Hill","AL","32.799998","-85.64621","-6","1"
"36851","Cottonton","AL","32.286092","-85.161497","-6","1"
"36852","Cusseta","AL","32.745844","-85.28076","-6","1"
"36853","Dadeville","AL","32.787441","-85.79955","-6","1"
"36854","Valley","AL","32.777662","-85.17623","-6","1"
"36855","Five Points","AL","33.046756","-85.30102","-6","1"
"36856","Fort Mitchell","AL","32.282085","-84.98389","-6","1"
"36858","Hatchechubbee","AL","32.297792","-85.31205","-6","1"
"36859","Holy Trinity","AL","32.229846","-85.008178","-6","1"
"36860","Hurtsboro","AL","32.237339","-85.41029","-6","1"
"36861","Jacksons Gap","AL","32.862333","-85.84588","-6","1"
"36862","Lafayette","AL","32.903922","-85.42905","-6","1"
"36863","Lanett","AL","32.871306","-85.21314","-6","1"
"36865","Loachapoka","AL","32.578185","-85.349003","-6","1"
"36866","Notasulga","AL","32.551474","-85.69859","-6","1"
"36867","Phenix City","AL","32.492304","-85.01943","-6","1"
"36868","Phenix City","AL","32.464614","-85.020604","-6","1"
"36869","Phenix City","AL","32.433065","-85.04512","-6","1"
"36870","Phenix City","AL","32.484671","-85.0752","-6","1"
"36871","Pittsview","AL","32.16827","-85.11621","-6","1"
"36872","Valley","AL","32.578185","-85.349003","-6","1"
"36874","Salem","AL","32.587751","-85.18539","-6","1"
"36875","Seale","AL","32.315128","-85.11348","-6","1"
"36876","Uniontown","AL","32.454371","-87.519156","-6","1"
"36877","Smiths","AL","32.545138","-85.09212","-6","1"
"36879","Waverly","AL","32.733511","-85.55322","-6","1"
"36901","Bellamy","AL","32.451618","-88.131","-6","1"
"36904","Butler","AL","32.097363","-88.22647","-6","1"
"36906","Cromwell","AL","32.004227","-88.200738","-6","1"
"36907","Cuba","AL","32.403275","-88.36252","-6","1"
"36908","Gilbertown","AL","31.891177","-88.28508","-6","1"
"36910","Jachin","AL","32.220752","-88.15471","-6","1"
"36912","Lisman","AL","32.227905","-88.32468","-6","1"
"36913","Melvin","AL","32.004227","-88.200738","-6","1"
"36915","Needham","AL","31.970871","-88.34902","-6","1"
"36916","Pennington","AL","32.209381","-88.05965","-6","1"
"36919","Silas","AL","31.779344","-88.30045","-6","1"
"36921","Toxey","AL","31.96958","-88.18661","-6","1"
"36922","Ward","AL","32.304709","-88.17081","-6","1"
"36925","York","AL","32.487726","-88.2679","-6","1"
"38852","Iuka","AL","34.803864","-88.10205","-6","1"
