"50001","Ackworth","IA","41.363615","-93.41494","-6","1"
"50002","Adair","IA","41.507565","-94.64805","-6","1"
"50003","Adel","IA","41.612628","-94.03587","-6","1"
"50005","Albion","IA","42.116477","-93.00357","-6","1"
"50006","Alden","IA","42.50767","-93.40082","-6","1"
"50007","Alleman","IA","41.804875","-93.60475","-6","1"
"50008","Allerton","IA","40.688451","-93.37907","-6","1"
"50009","Altoona","IA","41.644716","-93.46641","-6","1"
"50010","Ames","IA","42.02933","-93.60966","-6","1"
"50011","Ames","IA","42.035998","-93.465172","-6","1"
"50012","Ames","IA","42.023557","-93.648465","-6","1"
"50013","Ames","IA","42.023535","-93.640818","-6","1"
"50014","Ames","IA","42.033235","-93.66741","-6","1"
"50015","Ankeny","IA","41.672687","-93.572173","-6","1"
"50020","Anita","IA","41.445635","-94.75806","-6","1"
"50021","Ankeny","IA","41.725288","-93.60475","-6","1"
"50022","Atlantic","IA","41.410484","-95.00852","-6","1"
"50025","Audubon","IA","41.741295","-94.92781","-6","1"
"50026","Bagley","IA","41.853498","-94.43912","-6","1"
"50027","Barnes City","IA","41.472488","-92.46899","-6","1"
"50028","Baxter","IA","41.820644","-93.14743","-6","1"
"50029","Bayard","IA","41.845871","-94.55588","-6","1"
"50031","Beaver","IA","42.038746","-94.143566","-6","1"
"50032","Berwick","IA","41.666513","-93.53916","-6","1"
"50033","Bevington","IA","41.360357","-93.79219","-6","1"
"50034","Blairsburg","IA","42.490439","-93.64187","-6","1"
"50035","Bondurant","IA","41.704455","-93.46171","-6","1"
"50036","Boone","IA","42.074515","-93.87437","-6","1"
"50037","Boone","IA","42.036552","-93.931686","-6","1"
"50038","Booneville","IA","41.519724","-93.90483","-6","1"
"50039","Bouton","IA","41.830156","-94.01444","-6","1"
"50040","Boxholm","IA","42.174905","-94.10552","-6","1"
"50041","Bradford","IA","42.632923","-93.2459","-6","1"
"50042","Brayton","IA","41.534416","-94.90323","-6","1"
"50043","Buckeye","IA","42.417866","-93.375544","-6","1"
"50044","Bussey","IA","41.202354","-92.88621","-6","1"
"50046","Cambridge","IA","41.89949","-93.5311","-6","1"
"50047","Carlisle","IA","41.491089","-93.48058","-6","1"
"50048","Casey","IA","41.514342","-94.52139","-6","1"
"50049","Chariton","IA","41.02891","-93.29857","-6","1"
"50050","Churdan","IA","42.16372","-94.50771","-6","1"
"50051","Clemons","IA","42.13644","-93.14222","-6","1"
"50052","Clio","IA","40.639737","-93.45615","-6","1"
"50054","Colfax","IA","41.682808","-93.23591","-6","1"
"50055","Collins","IA","41.880967","-93.29691","-6","1"
"50056","Colo","IA","42.011477","-93.31293","-6","1"
"50057","Columbia","IA","41.185045","-93.1683","-6","1"
"50058","Coon Rapids","IA","41.87131","-94.6884","-6","1"
"50059","Cooper","IA","41.919495","-94.34518","-6","1"
"50060","Corydon","IA","40.756632","-93.31527","-6","1"
"50061","Cumming","IA","41.491203","-93.78537","-6","1"
"50062","Dallas","IA","41.23022","-93.23904","-6","1"
"50063","Dallas Center","IA","41.687847","-93.94852","-6","1"
"50064","Dana","IA","42.114858","-94.23112","-6","1"
"50065","Davis City","IA","40.623677","-93.80106","-6","1"
"50066","Dawson","IA","41.827287","-94.21237","-6","1"
"50067","Decatur","IA","40.734072","-93.85169","-6","1"
"50068","Derby","IA","40.937432","-93.45659","-6","1"
"50069","De Soto","IA","41.53106","-94.00842","-6","1"
"50070","Dexter","IA","41.488275","-94.23785","-6","1"
"50071","Dows","IA","42.653654","-93.50761","-6","1"
"50072","Earlham","IA","41.468077","-94.12488","-6","1"
"50073","Elkhart","IA","41.792118","-93.52595","-6","1"
"50074","Ellston","IA","40.852515","-94.07546","-6","1"
"50075","Ellsworth","IA","42.325266","-93.56507","-6","1"
"50076","Exira","IA","41.592497","-94.87032","-6","1"
"50078","Ferguson","IA","41.93746","-92.865","-6","1"
"50101","Galt","IA","42.682176","-93.61472","-6","1"
"50102","Garden City","IA","42.24489","-93.39783","-6","1"
"50103","Garden Grove","IA","40.801638","-93.60711","-6","1"
"50104","Gibson","IA","41.472819","-92.3841","-6","1"
"50105","Gilbert","IA","42.110624","-93.64504","-6","1"
"50106","Gilman","IA","41.87955","-92.79387","-6","1"
"50107","Grand Junction","IA","42.036623","-94.21948","-6","1"
"50108","Grand River","IA","40.834902","-93.95414","-6","1"
"50109","Granger","IA","41.759988","-93.81486","-6","1"
"50110","Gray","IA","41.84115","-94.9812","-6","1"
"50111","Grimes","IA","41.67822","-93.7935","-6","1"
"50112","Grinnell","IA","41.736434","-92.72123","-6","1"
"50115","Guthrie Center","IA","41.690084","-94.52602","-6","1"
"50116","Hamilton","IA","41.17969","-92.94775","-6","1"
"50117","Hamlin","IA","41.671777","-94.84924","-6","1"
"50118","Hartford","IA","41.457014","-93.39078","-6","1"
"50119","Harvey","IA","41.313748","-92.93875","-6","1"
"50120","Haverhill","IA","41.940175","-92.96979","-6","1"
"50122","Hubbard","IA","42.30884","-93.31162","-6","1"
"50123","Humeston","IA","40.854525","-93.49863","-6","1"
"50124","Huxley","IA","41.893335","-93.59844","-6","1"
"50125","Indianola","IA","41.354068","-93.57506","-6","1"
"50126","Iowa Falls","IA","42.515426","-93.26217","-6","1"
"50127","Ira","IA","41.777174","-93.21383","-6","1"
"50128","Jamaica","IA","41.855913","-94.29981","-6","1"
"50129","Jefferson","IA","42.017677","-94.37939","-6","1"
"50130","Jewell","IA","42.302683","-93.65232","-6","1"
"50131","Johnston","IA","41.674757","-93.71865","-6","1"
"50132","Kamrar","IA","42.393155","-93.70867","-6","1"
"50133","Kellerton","IA","40.70332","-94.08143","-6","1"
"50134","Kelley","IA","41.949947","-93.6648","-6","1"
"50135","Kellogg","IA","41.736358","-92.89481","-6","1"
"50136","Keswick","IA","41.463624","-92.26841","-6","1"
"50137","Killduff","IA","41.607887","-92.90573","-6","1"
"50138","Knoxville","IA","41.307595","-93.10226","-6","1"
"50139","Lacona","IA","41.182964","-93.36927","-6","1"
"50140","Lamoni","IA","40.630919","-93.94857","-6","1"
"50141","Laurel","IA","41.88053","-92.95464","-6","1"
"50142","Le Grand","IA","42.00533","-92.77525","-6","1"
"50143","Leighton","IA","41.324195","-92.80631","-6","1"
"50144","Leon","IA","40.736802","-93.74273","-6","1"
"50145","Liberty Center","IA","41.203946","-93.50069","-6","1"
"50146","Linden","IA","41.668493","-94.26066","-6","1"
"50147","Lineville","IA","40.60243","-93.52778","-6","1"
"50148","Liscomb","IA","42.187863","-93.00381","-6","1"
"50149","Lorimor","IA","41.137674","-94.08042","-6","1"
"50150","Lovilia","IA","41.120845","-92.93572","-6","1"
"50151","Lucas","IA","41.06058","-93.49076","-6","1"
"50152","Luther","IA","41.967091","-93.82106","-6","1"
"50153","Lynnville","IA","41.573516","-92.79458","-6","1"
"50154","McCallsburg","IA","42.168307","-93.39718","-6","1"
"50155","Macksburg","IA","41.210955","-94.18994","-6","1"
"50156","Madrid","IA","41.877415","-93.79925","-6","1"
"50157","Malcom","IA","41.7388","-92.56155","-6","1"
"50158","Marshalltown","IA","42.042506","-92.90646","-6","1"
"50160","Martensdale","IA","41.373193","-93.74093","-6","1"
"50161","Maxwell","IA","41.86625","-93.40134","-6","1"
"50162","Melbourne","IA","41.939663","-93.07114","-6","1"
"50163","Melcher","IA","41.242194","-93.173193","-6","1"
"50164","Menlo","IA","41.504978","-94.4065","-6","1"
"50165","Millerton","IA","40.847504","-93.30502","-6","1"
"50166","Milo","IA","41.283703","-93.41399","-6","1"
"50167","Minburn","IA","41.750745","-94.04659","-6","1"
"50168","Mingo","IA","41.780089","-93.26916","-6","1"
"50169","Mitchellville","IA","41.661112","-93.35327","-6","1"
"50170","Monroe","IA","41.528347","-93.10517","-6","1"
"50171","Montezuma","IA","41.581309","-92.53946","-6","1"
"50173","Montour","IA","41.980296","-92.711","-6","1"
"50174","Murray","IA","41.039527","-93.95498","-6","1"
"50177","Grinnell","IA","41.685742","-92.532032","-6","1"
"50197","Knoxville","IA","41.334549","-93.099205","-6","1"
"50198","Knoxville","IA","41.334549","-93.099205","-6","1"
"50201","Nevada","IA","42.026021","-93.4484","-6","1"
"50206","New Providence","IA","42.250902","-93.2007","-6","1"
"50207","New Sharon","IA","41.445018","-92.64823","-6","1"
"50208","Newton","IA","41.702148","-93.04467","-6","1"
"50210","New Virginia","IA","41.193148","-93.71388","-6","1"
"50211","Norwalk","IA","41.470726","-93.68225","-6","1"
"50212","Ogden","IA","42.045766","-94.0443","-6","1"
"50213","Osceola","IA","41.031309","-93.77004","-6","1"
"50214","Otley","IA","41.456325","-93.0738","-6","1"
"50216","Panora","IA","41.701873","-94.36488","-6","1"
"50217","Paton","IA","42.17191","-94.25943","-6","1"
"50218","Patterson","IA","41.348815","-93.88068","-6","1"
"50219","Pella","IA","41.411394","-92.91126","-6","1"
"50220","Perry","IA","41.846679","-94.10961","-6","1"
"50222","Peru","IA","41.223389","-93.94309","-6","1"
"50223","Pilot Mound","IA","42.162453","-94.01728","-6","1"
"50225","Pleasantville","IA","41.381537","-93.27056","-6","1"
"50226","Polk City","IA","41.782755","-93.71405","-6","1"
"50227","Popejoy","IA","42.594986","-93.42826","-6","1"
"50228","Prairie City","IA","41.584485","-93.24161","-6","1"
"50229","Prole","IA","41.381146","-93.77547","-6","1"
"50230","Radcliffe","IA","42.303222","-93.45343","-6","1"
"50231","Randall","IA","42.237408","-93.60253","-6","1"
"50232","Reasnor","IA","41.557079","-92.97056","-6","1"
"50233","Redfield","IA","41.604233","-94.20931","-6","1"
"50234","Rhodes","IA","41.89347","-93.1813","-6","1"
"50235","Rippey","IA","41.931753","-94.20565","-6","1"
"50236","Roland","IA","42.168363","-93.49432","-6","1"
"50237","Runnells","IA","41.536205","-93.38182","-6","1"
"50238","Russell","IA","40.962051","-93.18373","-6","1"
"50239","Saint Anthony","IA","42.135419","-93.2024","-6","1"
"50240","Saint Charles","IA","41.304096","-93.79728","-6","1"
"50241","Saint Marys","IA","41.308451","-93.73157","-6","1"
"50242","Searsboro","IA","41.56512","-92.69484","-6","1"
"50243","Sheldahl","IA","41.864393","-93.69541","-6","1"
"50244","Slater","IA","41.871283","-93.67508","-6","1"
"50246","Stanhope","IA","42.281552","-93.7952","-6","1"
"50247","State Center","IA","42.010415","-93.16827","-6","1"
"50248","Story City","IA","42.186442","-93.59867","-6","1"
"50249","Stratford","IA","42.280223","-93.90657","-6","1"
"50250","Stuart","IA","41.500086","-94.32731","-6","1"
"50251","Sully","IA","41.5714","-92.85941","-6","1"
"50252","Swan","IA","41.449489","-93.31782","-6","1"
"50254","Thayer","IA","40.99355","-94.07635","-6","1"
"50255","Thornburg","IA","41.336267","-92.178366","-6","1"
"50256","Tracy","IA","41.277693","-92.903","-6","1"
"50257","Truro","IA","41.204733","-93.84553","-6","1"
"50258","Union","IA","42.232454","-93.07833","-6","1"
"50259","Gifford","IA","42.383133","-93.250567","-6","1"
"50261","Van Meter","IA","41.490848","-93.94509","-6","1"
"50262","Van Wert","IA","40.857503","-93.79945","-6","1"
"50263","Waukee","IA","41.601516","-93.86151","-6","1"
"50264","Weldon","IA","40.89222","-93.70988","-6","1"
"50265","West Des Moines","IA","41.570916","-93.73568","-6","1"
"50266","West Des Moines","IA","41.581181","-93.78287","-6","1"
"50268","What Cheer","IA","41.403794","-92.3541","-6","1"
"50269","Whitten","IA","42.261478","-93.00738","-6","1"
"50271","Williams","IA","42.486287","-93.54644","-6","1"
"50272","Williamson","IA","41.08869","-93.25821","-6","1"
"50273","Winterset","IA","41.332618","-94.03802","-6","1"
"50274","Wiota","IA","41.394625","-94.86276","-6","1"
"50275","Woodburn","IA","41.01619","-93.59181","-6","1"
"50276","Woodward","IA","41.855315","-93.92795","-6","1"
"50277","Yale","IA","41.779131","-94.35418","-6","1"
"50278","Zearing","IA","42.158866","-93.29673","-6","1"
"50294","Stratford","IA","42.266846","-93.927086","-6","1"
"50301","Des Moines","IA","41.672687","-93.572173","-6","1"
"50302","Des Moines","IA","41.672687","-93.572173","-6","1"
"50303","Des Moines","IA","41.672687","-93.572173","-6","1"
"50304","Des Moines","IA","41.672687","-93.572173","-6","1"
"50305","Des Moines","IA","41.672687","-93.572173","-6","1"
"50306","Des Moines","IA","41.672687","-93.572173","-6","1"
"50307","Des Moines","IA","41.672687","-93.572173","-6","1"
"50308","Des Moines","IA","41.672687","-93.572173","-6","1"
"50309","Des Moines","IA","41.585939","-93.62004","-6","1"
"50310","Des Moines","IA","41.625988","-93.67403","-6","1"
"50311","Des Moines","IA","41.601189","-93.68076","-6","1"
"50312","Des Moines","IA","41.587039","-93.67356","-6","1"
"50313","Des Moines","IA","41.637638","-93.61636","-6","1"
"50314","Des Moines","IA","41.602989","-93.63237","-6","1"
"50315","Des Moines","IA","41.545089","-93.61904","-6","1"
"50316","Des Moines","IA","41.606339","-93.59829","-6","1"
"50317","Des Moines","IA","41.606939","-93.54829","-6","1"
"50318","Des Moines","IA","41.672687","-93.572173","-6","1"
"50319","Des Moines","IA","41.592089","-93.603967","-6","1"
"50320","Des Moines","IA","41.537059","-93.58072","-6","1"
"50321","Des Moines","IA","41.542789","-93.66189","-6","1"
"50322","Urbandale","IA","41.630521","-93.7238","-6","1"
"50323","Urbandale","IA","41.625788","-93.80235","-6","1"
"50325","Clive","IA","41.60787","-93.78093","-6","1"
"50327","Pleasant Hill","IA","41.587818","-93.505751","-6","1"
"50328","Des Moines","IA","41.672687","-93.572173","-6","1"
"50329","Des Moines","IA","41.672687","-93.572173","-6","1"
"50330","Des Moines","IA","41.672687","-93.572173","-6","1"
"50331","Des Moines","IA","41.672687","-93.572173","-6","1"
"50332","Des Moines","IA","41.672687","-93.572173","-6","1"
"50333","Des Moines","IA","41.672687","-93.572173","-6","1"
"50334","Des Moines","IA","41.672687","-93.572173","-6","1"
"50335","Des Moines","IA","41.672687","-93.572173","-6","1"
"50336","Des Moines","IA","41.672687","-93.572173","-6","1"
"50338","Des Moines","IA","41.672687","-93.572173","-6","1"
"50339","Des Moines","IA","41.672687","-93.572173","-6","1"
"50340","Des Moines","IA","41.672687","-93.572173","-6","1"
"50347","Des Moines","IA","41.672687","-93.572173","-6","1"
"50350","Des Moines","IA","41.672687","-93.572173","-6","1"
"50359","Des Moines","IA","41.672687","-93.572173","-6","1"
"50360","Des Moines","IA","41.672687","-93.572173","-6","1"
"50361","Des Moines","IA","41.672687","-93.572173","-6","1"
"50362","Des Moines","IA","41.672687","-93.572173","-6","1"
"50363","Des Moines","IA","41.672687","-93.572173","-6","1"
"50364","Des Moines","IA","41.672687","-93.572173","-6","1"
"50367","Des Moines","IA","41.672687","-93.572173","-6","1"
"50368","Des Moines","IA","41.672687","-93.572173","-6","1"
"50369","Des Moines","IA","41.672687","-93.572173","-6","1"
"50380","Des Moines","IA","41.672687","-93.572173","-6","1"
"50381","Des Moines","IA","41.672687","-93.572173","-6","1"
"50391","Des Moines","IA","41.672687","-93.572173","-6","1"
"50392","Des Moines","IA","41.587839","-93.627368","-6","1"
"50393","Des Moines","IA","41.672687","-93.572173","-6","1"
"50394","Des Moines","IA","41.672687","-93.572173","-6","1"
"50395","Des Moines","IA","41.672687","-93.572173","-6","1"
"50396","Des Moines","IA","41.672687","-93.572173","-6","1"
"50397","Des Moines","IA","41.672687","-93.572173","-6","1"
"50398","West Des Moines","IA","41.594543","-93.785502","-6","1"
"50401","Mason City","IA","43.153969","-93.20037","-6","1"
"50402","Mason City","IA","43.081604","-93.260879","-6","1"
"50405","Lake Mills","IA","43.418395","-93.525253","-6","1"
"50420","Alexander","IA","42.811536","-93.46844","-6","1"
"50421","Belmond","IA","42.842616","-93.6187","-6","1"
"50423","Britt","IA","43.104076","-93.8041","-6","1"
"50424","Buffalo Center","IA","43.392145","-93.94282","-6","1"
"50426","Carpenter","IA","43.414156","-93.01693","-6","1"
"50427","Chapin","IA","42.834852","-93.222587","-6","1"
"50428","Clear Lake","IA","43.1375","-93.38463","-6","1"
"50430","Corwith","IA","42.985613","-93.96138","-6","1"
"50431","Coulter","IA","42.735305","-93.37056","-6","1"
"50432","Crystal Lake","IA","43.222661","-93.7909","-6","1"
"50433","Dougherty","IA","42.922595","-93.04392","-6","1"
"50434","Fertile","IA","43.260087","-93.43553","-6","1"
"50435","Floyd","IA","43.157144","-92.76056","-6","1"
"50436","Forest City","IA","43.259165","-93.65625","-6","1"
"50438","Garner","IA","43.102343","-93.61033","-6","1"
"50439","Goodell","IA","42.930305","-93.62645","-6","1"
"50440","Grafton","IA","43.329416","-93.07297","-6","1"
"50441","Hampton","IA","42.743106","-93.21518","-6","1"
"50444","Hanlontown","IA","43.287532","-93.3836","-6","1"
"50446","Joice","IA","43.343138","-93.45694","-6","1"
"50447","Kanawha","IA","42.926804","-93.80821","-6","1"
"50448","Kensett","IA","43.349766","-93.22573","-6","1"
"50449","Klemme","IA","43.002473","-93.58292","-6","1"
"50450","Lake Mills","IA","43.418877","-93.52078","-6","1"
"50451","Lakota","IA","43.379814","-94.09044","-6","1"
"50452","Latimer","IA","42.77929","-93.36842","-6","1"
"50453","Leland","IA","43.363881","-93.6468","-6","1"
"50454","Little Cedar","IA","43.38301","-92.7293","-6","1"
"50455","McIntire","IA","43.450496","-92.64331","-6","1"
"50456","Manly","IA","43.289041","-93.20838","-6","1"
"50457","Meservey","IA","42.916174","-93.48318","-6","1"
"50458","Nora Springs","IA","43.147661","-93.00519","-6","1"
"50459","Northwood","IA","43.444448","-93.24015","-6","1"
"50460","Orchard","IA","43.220043","-92.72237","-6","1"
"50461","Osage","IA","43.290536","-92.82115","-6","1"
"50464","Plymouth","IA","43.248524","-93.09976","-6","1"
"50465","Rake","IA","43.484445","-93.91817","-6","1"
"50466","Riceville","IA","43.376582","-92.54755","-6","1"
"50467","Rock Falls","IA","43.206593","-93.08574","-6","1"
"50468","Rockford","IA","43.048973","-92.95458","-6","1"
"50469","Rockwell","IA","42.994932","-93.20192","-6","1"
"50470","Rowan","IA","42.7402","-93.55338","-6","1"
"50471","Rudd","IA","43.148134","-92.88759","-6","1"
"50472","Saint Ansgar","IA","43.402708","-92.93841","-6","1"
"50473","Scarville","IA","43.46592","-93.66671","-6","1"
"50475","Sheffield","IA","42.88516","-93.22082","-6","1"
"50476","Stacyville","IA","43.441028","-92.77702","-6","1"
"50477","Swaledale","IA","42.97779","-93.32768","-6","1"
"50478","Thompson","IA","43.385425","-93.77734","-6","1"
"50479","Thornton","IA","42.939528","-93.39301","-6","1"
"50480","Titonka","IA","43.242739","-94.04333","-6","1"
"50481","Toeterville","IA","43.356439","-92.788967","-6","1"
"50482","Ventura","IA","43.124246","-93.48259","-6","1"
"50483","Wesley","IA","43.104175","-93.99988","-6","1"
"50484","Woden","IA","43.236648","-93.92137","-6","1"
"50501","Fort Dodge","IA","42.499242","-94.18256","-6","1"
"50510","Albert City","IA","42.768165","-94.97033","-6","1"
"50511","Algona","IA","43.0739","-94.22602","-6","1"
"50514","Armstrong","IA","43.398596","-94.47223","-6","1"
"50515","Ayrshire","IA","43.023296","-94.85188","-6","1"
"50516","Badger","IA","42.624944","-94.13904","-6","1"
"50517","Bancroft","IA","43.295639","-94.22578","-6","1"
"50518","Barnum","IA","42.523953","-94.35401","-6","1"
"50519","Bode","IA","42.884723","-94.27644","-6","1"
"50520","Bradgate","IA","42.802568","-94.41955","-6","1"
"50521","Burnside","IA","42.346859","-94.10732","-6","1"
"50522","Burt","IA","43.192938","-94.19512","-6","1"
"50523","Callender","IA","42.36534","-94.29779","-6","1"
"50524","Clare","IA","42.603391","-94.36129","-6","1"
"50525","Clarion","IA","42.738313","-93.7385","-6","1"
"50526","Clarion","IA","42.733001","-93.73523","-6","1"
"50527","Curlew","IA","42.973868","-94.78269","-6","1"
"50528","Cylinder","IA","43.117331","-94.54767","-6","1"
"50529","Dakota City","IA","42.720708","-94.20185","-6","1"
"50530","Dayton","IA","42.26594","-94.0518","-6","1"
"50531","Dolliver","IA","43.465883","-94.61632","-6","1"
"50532","Duncombe","IA","42.456733","-93.99814","-6","1"
"50533","Eagle Grove","IA","42.659143","-93.90684","-6","1"
"50535","Early","IA","42.453686","-95.16395","-6","1"
"50536","Emmetsburg","IA","43.115156","-94.6931","-6","1"
"50538","Farnhamville","IA","42.279123","-94.41373","-6","1"
"50539","Fenton","IA","43.225165","-94.42583","-6","1"
"50540","Fonda","IA","42.58816","-94.84192","-6","1"
"50541","Gilmore City","IA","42.71032","-94.45293","-6","1"
"50542","Goldfield","IA","42.764886","-93.94113","-6","1"
"50543","Gowrie","IA","42.269537","-94.29539","-6","1"
"50544","Harcourt","IA","42.259002","-94.17666","-6","1"
"50545","Hardy","IA","42.818996","-94.07424","-6","1"
"50546","Havelock","IA","42.836636","-94.70587","-6","1"
"50548","Humboldt","IA","42.720313","-94.22517","-6","1"
"50551","Jolley","IA","42.475817","-94.7321","-6","1"
"50552","Knierim","IA","42.455148","-94.45652","-6","1"
"50554","Laurens","IA","42.844055","-94.84275","-6","1"
"50556","Ledyard","IA","43.448529","-94.19697","-6","1"
"50557","Lehigh","IA","42.358466","-94.05829","-6","1"
"50558","Livermore","IA","42.872099","-94.17339","-6","1"
"50559","Lone Rock","IA","43.204803","-94.31526","-6","1"
"50560","Lu Verne","IA","42.947984","-94.10845","-6","1"
"50561","Lytton","IA","42.417882","-94.85098","-6","1"
"50562","Mallard","IA","42.949884","-94.66372","-6","1"
"50563","Manson","IA","42.52503","-94.53628","-6","1"
"50565","Marathon","IA","42.855822","-95.00245","-6","1"
"50566","Moorland","IA","42.437122","-94.3214","-6","1"
"50567","Nemaha","IA","42.527637","-95.10125","-6","1"
"50568","Newell","IA","42.612476","-95.00006","-6","1"
"50569","Otho","IA","42.417893","-94.1494","-6","1"
"50570","Ottosen","IA","42.899575","-94.37557","-6","1"
"50571","Palmer","IA","42.638478","-94.58979","-6","1"
"50573","Plover","IA","42.878058","-94.624","-6","1"
"50574","Pocahontas","IA","42.724938","-94.68365","-6","1"
"50575","Pomeroy","IA","42.55602","-94.68307","-6","1"
"50576","Rembrandt","IA","42.814277","-95.18071","-6","1"
"50577","Renwick","IA","42.846831","-93.98159","-6","1"
"50578","Ringsted","IA","43.291538","-94.54121","-6","1"
"50579","Rockwell City","IA","42.395906","-94.63294","-6","1"
"50581","Rolfe","IA","42.842111","-94.53114","-6","1"
"50582","Rutland","IA","42.778791","-94.29535","-6","1"
"50583","Sac City","IA","42.43142","-94.99323","-6","1"
"50585","Sioux Rapids","IA","42.907223","-95.14315","-6","1"
"50586","Somers","IA","42.402475","-94.4351","-6","1"
"50587","Rinard","IA","42.339118","-94.488618","-6","1"
"50588","Storm Lake","IA","42.646924","-95.1807","-6","1"
"50590","Swea City","IA","43.392985","-94.31496","-6","1"
"50591","Thor","IA","42.684486","-94.05446","-6","1"
"50592","Truesdale","IA","42.728665","-95.18303","-6","1"
"50593","Varina","IA","42.658595","-94.90006","-6","1"
"50594","Vincent","IA","42.587704","-94.02502","-6","1"
"50595","Webster City","IA","42.464579","-93.82056","-6","1"
"50597","West Bend","IA","42.97944","-94.46472","-6","1"
"50598","Whittemore","IA","43.077787","-94.41061","-6","1"
"50599","Woolstock","IA","42.579038","-93.80387","-6","1"
"50601","Ackley","IA","42.563333","-93.04954","-6","1"
"50602","Allison","IA","42.74806","-92.80277","-6","1"
"50603","Alta Vista","IA","43.191256","-92.46546","-6","1"
"50604","Aplington","IA","42.606337","-92.8988","-6","1"
"50605","Aredale","IA","42.834044","-93.0135","-6","1"
"50606","Arlington","IA","42.752057","-91.67149","-6","1"
"50607","Aurora","IA","42.616399","-91.73262","-6","1"
"50608","Austinville","IA","42.58243","-92.95988","-6","1"
"50609","Beaman","IA","42.226183","-92.81015","-6","1"
"50611","Bristow","IA","42.805321","-92.91579","-6","1"
"50612","Buckingham","IA","42.275046","-92.39722","-6","1"
"50613","Cedar Falls","IA","42.527184","-92.45609","-6","1"
"50614","Cedar Falls","IA","42.469768","-92.309475","-6","1"
"50616","Charles City","IA","43.072978","-92.66719","-6","1"
"50619","Clarksville","IA","42.788967","-92.66584","-6","1"
"50620","Colwell","IA","43.110765","-92.744821","-6","1"
"50621","Conrad","IA","42.238432","-92.90748","-6","1"
"50622","Denver","IA","42.671132","-92.33825","-6","1"
"50623","Dewar","IA","42.526943","-92.21802","-6","1"
"50624","Dike","IA","42.463161","-92.66183","-6","1"
"50625","Dumont","IA","42.754361","-92.9751","-6","1"
"50626","Dunkerton","IA","42.576054","-92.16575","-6","1"
"50627","Eldora","IA","42.357549","-93.0975","-6","1"
"50628","Elma","IA","43.26232","-92.41457","-6","1"
"50629","Fairbank","IA","42.640202","-92.06988","-6","1"
"50630","Fredericksburg","IA","42.963377","-92.20768","-6","1"
"50631","Frederika","IA","42.882349","-92.30477","-6","1"
"50632","Garwin","IA","42.079127","-92.70805","-6","1"
"50633","Geneva","IA","42.671214","-93.13215","-6","1"
"50634","Gilbertville","IA","42.417252","-92.21396","-6","1"
"50635","Gladbrook","IA","42.190943","-92.70755","-6","1"
"50636","Greene","IA","42.891377","-92.80848","-6","1"
"50638","Grundy Center","IA","42.361095","-92.78015","-6","1"
"50641","Hazleton","IA","42.605576","-91.91229","-6","1"
"50642","Holland","IA","42.43442","-92.79802","-6","1"
"50643","Hudson","IA","42.377311","-92.46513","-6","1"
"50644","Independence","IA","42.470191","-91.89268","-6","1"
"50645","Ionia","IA","43.031136","-92.46149","-6","1"
"50647","Janesville","IA","42.646089","-92.473","-6","1"
"50648","Jesup","IA","42.453206","-92.09319","-6","1"
"50649","Kesley","IA","42.662282","-92.91099","-6","1"
"50650","Lamont","IA","42.612267","-91.6572","-6","1"
"50651","La Porte City","IA","42.325098","-92.19383","-6","1"
"50652","Lincoln","IA","42.263223","-92.69186","-6","1"
"50653","Marble Rock","IA","42.966003","-92.87985","-6","1"
"50654","Masonville","IA","42.440131","-91.60941","-6","1"
"50655","Maynard","IA","42.774435","-91.88645","-6","1"
"50657","Morrison","IA","42.343304","-92.673819","-6","1"
"50658","Nashua","IA","42.953461","-92.53473","-6","1"
"50659","New Hampton","IA","43.072094","-92.32323","-6","1"
"50660","New Hartford","IA","42.568395","-92.62664","-6","1"
"50661","North Washington","IA","43.117425","-92.414422","-6","1"
"50662","Oelwein","IA","42.682886","-91.92182","-6","1"
"50664","Oran","IA","42.862275","-91.843639","-6","1"
"50665","Parkersburg","IA","42.576102","-92.78183","-6","1"
"50666","Plainfield","IA","42.855231","-92.50295","-6","1"
"50667","Raymond","IA","42.468387","-92.21818","-6","1"
"50668","Readlyn","IA","42.693119","-92.22915","-6","1"
"50669","Reinbeck","IA","42.329448","-92.60686","-6","1"
"50670","Shell Rock","IA","42.710399","-92.59746","-6","1"
"50671","Stanley","IA","42.643265","-91.81038","-6","1"
"50672","Steamboat Rock","IA","42.410168","-93.06747","-6","1"
"50673","Stout","IA","42.527131","-92.71138","-6","1"
"50674","Sumner","IA","42.846877","-92.11188","-6","1"
"50675","Traer","IA","42.193577","-92.4828","-6","1"
"50676","Tripoli","IA","42.807994","-92.26368","-6","1"
"50677","Waverly","IA","42.741016","-92.45984","-6","1"
"50680","Wellsburg","IA","42.451112","-92.91453","-6","1"
"50681","Westgate","IA","42.778924","-92.00735","-6","1"
"50682","Winthrop","IA","42.459398","-91.71229","-6","1"
"50701","Waterloo","IA","42.473536","-92.36382","-6","1"
"50702","Waterloo","IA","42.475886","-92.33578","-6","1"
"50703","Waterloo","IA","42.513636","-92.32418","-6","1"
"50704","Waterloo","IA","42.469768","-92.309475","-6","1"
"50706","Waterloo","IA","42.407588","-92.26657","-6","1"
"50707","Evansdale","IA","42.477887","-92.28275","-6","1"
"50799","Waterloo","IA","42.469768","-92.309475","-6","1"
"50801","Creston","IA","41.070905","-94.38448","-6","1"
"50830","Afton","IA","41.029408","-94.21128","-6","1"
"50831","Arispe","IA","40.931394","-94.219334","-6","1"
"50833","Bedford","IA","40.671295","-94.71131","-6","1"
"50835","Benton","IA","40.69705","-94.33067","-6","1"
"50836","Blockton","IA","40.621398","-94.47619","-6","1"
"50837","Bridgewater","IA","41.237084","-94.68361","-6","1"
"50839","Carbon","IA","41.048733","-94.823088","-6","1"
"50840","Clearfield","IA","40.796387","-94.47102","-6","1"
"50841","Corning","IA","41.002701","-94.76142","-6","1"
"50842","Cromwell","IA","41.039762","-94.461622","-6","1"
"50843","Cumberland","IA","41.242612","-94.9015","-6","1"
"50845","Diagonal","IA","40.814077","-94.33601","-6","1"
"50846","Fontanelle","IA","41.307029","-94.55679","-6","1"
"50847","Grant","IA","41.142185","-94.98414","-6","1"
"50848","Gravity","IA","40.780854","-94.7643","-6","1"
"50849","Greenfield","IA","41.308843","-94.42424","-6","1"
"50851","Lenox","IA","40.909175","-94.52311","-6","1"
"50853","Massena","IA","41.247145","-94.77195","-6","1"
"50854","Mount Ayr","IA","40.700115","-94.22607","-6","1"
"50857","Nodaway","IA","40.944133","-94.87537","-6","1"
"50858","Orient","IA","41.20657","-94.41573","-6","1"
"50859","Prescott","IA","41.053745","-94.59728","-6","1"
"50860","Redding","IA","40.618619","-94.33102","-6","1"
"50861","Shannon City","IA","40.905544","-94.27107","-6","1"
"50862","Sharpsburg","IA","40.80692","-94.64762","-6","1"
"50863","Tingley","IA","40.857182","-94.19272","-6","1"
"50864","Villisca","IA","40.960481","-94.99017","-6","1"
"50936","Des Moines","IA","41.672687","-93.572173","-6","1"
"50940","Des Moines","IA","41.672687","-93.572173","-6","1"
"50947","Des Moines","IA","41.672687","-93.572173","-6","1"
"50950","Des Moines","IA","41.672687","-93.572173","-6","1"
"50980","Des Moines","IA","41.672687","-93.572173","-6","1"
"50981","Des Moines","IA","41.672687","-93.572173","-6","1"
"51001","Akron","IA","42.819093","-96.48967","-6","1"
"51002","Alta","IA","42.687676","-95.3188","-6","1"
"51003","Alton","IA","42.983011","-95.99636","-6","1"
"51004","Anthon","IA","42.378152","-95.90784","-6","1"
"51005","Aurelia","IA","42.710831","-95.43137","-6","1"
"51006","Battle Creek","IA","42.316288","-95.61045","-6","1"
"51007","Bronson","IA","42.403236","-96.1881","-6","1"
"51008","Brunsville","IA","42.809286","-96.2687","-6","1"
"51009","Calumet","IA","42.9552","-95.570082","-6","1"
"51010","Castana","IA","42.075717","-95.91108","-6","1"
"51011","Chatsworth","IA","42.916772","-96.51603","-6","1"
"51012","Cherokee","IA","42.754004","-95.54919","-6","1"
"51014","Cleghorn","IA","42.759208","-95.71139","-6","1"
"51015","Climbing Hill","IA","42.345024","-96.087523","-6","1"
"51016","Correctionville","IA","42.471378","-95.80529","-6","1"
"51017","Craig","IA","42.896225","-96.309509","-6","1"
"51018","Cushing","IA","42.462159","-95.67654","-6","1"
"51019","Danbury","IA","42.276668","-95.71998","-6","1"
"51020","Galva","IA","42.511431","-95.4187","-6","1"
"51022","Granville","IA","42.974759","-95.86981","-6","1"
"51023","Hawarden","IA","43.005927","-96.4709","-6","1"
"51024","Hinton","IA","42.609657","-96.23855","-6","1"
"51025","Holstein","IA","42.496494","-95.55529","-6","1"
"51026","Hornick","IA","42.250507","-96.08298","-6","1"
"51027","Ireton","IA","42.971195","-96.32512","-6","1"
"51028","Kingsley","IA","42.596358","-95.98619","-6","1"
"51029","Larrabee","IA","42.876589","-95.54106","-6","1"
"51030","Lawton","IA","42.497015","-96.18789","-6","1"
"51031","Le Mars","IA","42.79728","-96.17167","-6","1"
"51033","Linn Grove","IA","42.907563","-95.25334","-6","1"
"51034","Mapleton","IA","42.165283","-95.79109","-6","1"
"51035","Marcus","IA","42.793354","-95.7903","-6","1"
"51036","Maurice","IA","42.969595","-96.18713","-6","1"
"51037","Meriden","IA","42.821249","-95.62735","-6","1"
"51038","Merrill","IA","42.714106","-96.30291","-6","1"
"51039","Moville","IA","42.474905","-96.05563","-6","1"
"51040","Onawa","IA","42.027176","-96.11875","-6","1"
"51041","Orange City","IA","43.015685","-96.06156","-6","1"
"51044","Oto","IA","42.29688","-95.91104","-6","1"
"51045","Oyens","IA","42.820632","-96.05654","-6","1"
"51046","Paullina","IA","42.976116","-95.65772","-6","1"
"51047","Peterson","IA","42.934345","-95.34343","-6","1"
"51048","Pierson","IA","42.571699","-95.85556","-6","1"
"51049","Quimby","IA","42.626822","-95.61438","-6","1"
"51050","Remsen","IA","42.786134","-95.9482","-6","1"
"51051","Rodney","IA","42.20486","-95.95294","-6","1"
"51052","Salix","IA","42.307882","-96.28232","-6","1"
"51053","Schaller","IA","42.498879","-95.28976","-6","1"
"51054","Sergeant Bluff","IA","42.38556","-96.34194","-6","1"
"51055","Sloan","IA","42.221763","-96.24606","-6","1"
"51056","Smithland","IA","42.23092","-95.94724","-6","1"
"51057","Struble","IA","42.837641","-96.178616","-6","1"
"51058","Sutherland","IA","42.996361","-95.4558","-6","1"
"51059","Turin","IA","42.036864","-95.9662","-6","1"
"51060","Ute","IA","42.0477","-95.70185","-6","1"
"51061","Washta","IA","42.576775","-95.71945","-6","1"
"51062","Westfield","IA","42.725792","-96.53712","-6","1"
"51063","Whiting","IA","42.137272","-96.16648","-6","1"
"51101","Sioux City","IA","42.493559","-96.39562","-6","1"
"51102","Sioux City","IA","42.368406","-96.317951","-6","1"
"51103","Sioux City","IA","42.505387","-96.4293","-6","1"
"51104","Sioux City","IA","42.524145","-96.40292","-6","1"
"51105","Sioux City","IA","42.505046","-96.38003","-6","1"
"51106","Sioux City","IA","42.466292","-96.35291","-6","1"
"51107","Bronson","IA","42.411155","-96.210839","-6","1"
"51108","Sioux City","IA","42.554944","-96.36139","-6","1"
"51109","Sioux City","IA","42.528033","-96.47647","-6","1"
"51111","Sioux City","IA","42.406357","-96.37617","-6","1"
"51201","Sheldon","IA","43.184994","-95.85888","-6","1"
"51230","Alvord","IA","43.352016","-96.30802","-6","1"
"51231","Archer","IA","43.091483","-95.73297","-6","1"
"51232","Ashton","IA","43.306169","-95.7969","-6","1"
"51234","Boyden","IA","43.19528","-96.01511","-6","1"
"51235","Doon","IA","43.291936","-96.22202","-6","1"
"51237","George","IA","43.332554","-96.00036","-6","1"
"51238","Hospers","IA","43.072732","-95.89855","-6","1"
"51239","Hull","IA","43.192342","-96.15012","-6","1"
"51240","Inwood","IA","43.30957","-96.45816","-6","1"
"51241","Larchwood","IA","43.451905","-96.44319","-6","1"
"51242","Lester","IA","43.43813","-96.33334","-6","1"
"51243","Little Rock","IA","43.443704","-95.88832","-6","1"
"51244","Matlock","IA","43.242958","-95.93448","-6","1"
"51245","Primghar","IA","43.086954","-95.61476","-6","1"
"51246","Rock Rapids","IA","43.430275","-96.1663","-6","1"
"51247","Rock Valley","IA","43.192619","-96.32412","-6","1"
"51248","Sanborn","IA","43.189668","-95.65409","-6","1"
"51249","Sibley","IA","43.406831","-95.73876","-6","1"
"51250","Sioux Center","IA","43.075142","-96.19039","-6","1"
"51301","Spencer","IA","43.150381","-95.14466","-6","1"
"51330","Allendorf","IA","43.415305","-95.643435","-6","1"
"51331","Arnolds Park","IA","43.364496","-95.12861","-6","1"
"51333","Dickens","IA","43.133063","-95.00965","-6","1"
"51334","Estherville","IA","43.401328","-94.81524","-6","1"
"51338","Everly","IA","43.193363","-95.31854","-6","1"
"51340","Fostoria","IA","43.082426","-95.151095","-6","1"
"51341","Gillett Grove","IA","43.014514","-95.03657","-6","1"
"51342","Graettinger","IA","43.239934","-94.74138","-6","1"
"51343","Greenville","IA","43.003251","-95.12714","-6","1"
"51344","Gruver","IA","43.393113","-94.70471","-6","1"
"51345","Harris","IA","43.407616","-95.43752","-6","1"
"51346","Hartley","IA","43.183038","-95.46787","-6","1"
"51347","Lake Park","IA","43.437775","-95.31637","-6","1"
"51349","May City","IA","43.320149","-95.47513","-6","1"
"51350","Melvin","IA","43.30288","-95.59597","-6","1"
"51351","Milford","IA","43.33158","-95.16337","-6","1"
"51354","Ocheyedan","IA","43.413538","-95.53675","-6","1"
"51355","Okoboji","IA","43.38762","-95.13802","-6","1"
"51357","Royal","IA","43.057948","-95.27482","-6","1"
"51358","Ruthven","IA","43.133294","-94.90006","-6","1"
"51360","Spirit Lake","IA","43.428983","-95.10892","-6","1"
"51363","Superior","IA","43.432156","-94.94569","-6","1"
"51364","Terril","IA","43.303488","-94.96903","-6","1"
"51365","Wallingford","IA","43.309573","-94.74784","-6","1"
"51366","Webb","IA","42.951621","-95.01145","-6","1"
"51401","Carroll","IA","42.066399","-94.86786","-6","1"
"51430","Arcadia","IA","42.09809","-95.02441","-6","1"
"51431","Arthur","IA","42.345965","-95.35615","-6","1"
"51432","Aspinwall","IA","41.911924","-95.135602","-6","1"
"51433","Auburn","IA","42.279474","-94.88642","-6","1"
"51436","Breda","IA","42.186982","-95.00487","-6","1"
"51439","Charter Oak","IA","42.08255","-95.57938","-6","1"
"51440","Dedham","IA","41.913691","-94.81453","-6","1"
"51441","Deloit","IA","42.113042","-95.31482","-6","1"
"51442","Denison","IA","42.019336","-95.35379","-6","1"
"51443","Glidden","IA","42.096445","-94.71141","-6","1"
"51444","Halbur","IA","42.005206","-94.97547","-6","1"
"51445","Ida Grove","IA","42.332677","-95.46823","-6","1"
"51446","Irwin","IA","41.785808","-95.20173","-6","1"
"51447","Kirkman","IA","41.7196","-95.19538","-6","1"
"51448","Kiron","IA","42.204515","-95.30928","-6","1"
"51449","Lake City","IA","42.266805","-94.73571","-6","1"
"51450","Lake View","IA","42.302091","-95.03061","-6","1"
"51451","Lanesboro","IA","42.184035","-94.69246","-6","1"
"51452","Lidderdale","IA","42.126994","-94.78449","-6","1"
"51453","Lohrville","IA","42.27586","-94.54041","-6","1"
"51454","Manilla","IA","41.885538","-95.22158","-6","1"
"51455","Manning","IA","41.913633","-95.06939","-6","1"
"51458","Odebolt","IA","42.315531","-95.23551","-6","1"
"51459","Ralston","IA","42.040772","-94.63292","-6","1"
"51460","Ricketts","IA","42.130428","-95.574593","-6","1"
"51461","Schleswig","IA","42.172338","-95.44924","-6","1"
"51462","Scranton","IA","42.022139","-94.56409","-6","1"
"51463","Templeton","IA","41.910011","-94.92775","-6","1"
"51465","Vail","IA","42.072884","-95.20261","-6","1"
"51466","Wall Lake","IA","42.256867","-95.09307","-6","1"
"51467","Westside","IA","42.072073","-95.10711","-6","1"
"51496","Templeton","IA","41.916027","-94.944563","-6","1"
"51501","Council Bluffs","IA","41.251631","-95.87447","-6","1"
"51502","Council Bluffs","IA","41.269884","-95.79752","-6","1"
"51503","Council Bluffs","IA","41.2544","-95.79062","-6","1"
"51510","Carter Lake","IA","41.292647","-95.91398","-6","1"
"51515","Griswold","IA","41.233503","-95.135861","-6","1"
"51520","Arion","IA","41.952624","-95.45818","-6","1"
"51521","Avoca","IA","41.48079","-95.33881","-6","1"
"51523","Blencoe","IA","41.9134","-96.085","-6","1"
"51525","Carson","IA","41.231387","-95.4044","-6","1"
"51526","Crescent","IA","41.362096","-95.87321","-6","1"
"51527","Defiance","IA","41.828495","-95.34363","-6","1"
"51528","Dow City","IA","41.927255","-95.49821","-6","1"
"51529","Dunlap","IA","41.856963","-95.61754","-6","1"
"51530","Earling","IA","41.77364","-95.42761","-6","1"
"51531","Elk Horn","IA","41.596716","-95.0716","-6","1"
"51532","Elliott","IA","41.140956","-95.13004","-6","1"
"51533","Emerson","IA","41.029684","-95.38295","-6","1"
"51534","Glenwood","IA","41.039679","-95.73092","-6","1"
"51535","Griswold","IA","41.232047","-95.13871","-6","1"
"51536","Hancock","IA","41.388872","-95.36782","-6","1"
"51537","Harlan","IA","41.638566","-95.29692","-6","1"
"51540","Hastings","IA","41.020978","-95.49852","-6","1"
"51541","Henderson","IA","41.137694","-95.39897","-6","1"
"51542","Honey Creek","IA","41.427994","-95.84004","-6","1"
"51543","Kimballton","IA","41.6485","-95.08334","-6","1"
"51544","Lewis","IA","41.313817","-95.10424","-6","1"
"51545","Little Sioux","IA","41.812797","-96.03218","-6","1"
"51546","Logan","IA","41.64252","-95.78134","-6","1"
"51547","Kirkman","IA","41.77","-95.644264","-6","1"
"51548","McClelland","IA","41.307465","-95.62675","-6","1"
"51549","Macedonia","IA","41.182061","-95.44357","-6","1"
"51550","Magnolia","IA","41.695375","-95.87353","-6","1"
"51551","Malvern","IA","40.998667","-95.58941","-6","1"
"51552","Marne","IA","41.470605","-95.11291","-6","1"
"51553","Minden","IA","41.425925","-95.5461","-6","1"
"51554","Mineola","IA","41.142148","-95.69205","-6","1"
"51555","Missouri Valley","IA","41.557887","-95.90651","-6","1"
"51556","Modale","IA","41.64243","-96.02872","-6","1"
"51557","Mondamin","IA","41.739005","-95.99657","-6","1"
"51558","Moorhead","IA","41.911376","-95.86092","-6","1"
"51559","Neola","IA","41.455142","-95.64792","-6","1"
"51560","Oakland","IA","41.320647","-95.39748","-6","1"
"51561","Pacific Junction","IA","41.022849","-95.80303","-6","1"
"51562","Panama","IA","41.725547","-95.49415","-6","1"
"51563","Persia","IA","41.568945","-95.58503","-6","1"
"51564","Pisgah","IA","41.816224","-95.90556","-6","1"
"51565","Portsmouth","IA","41.650114","-95.52275","-6","1"
"51566","Red Oak","IA","41.006437","-95.22603","-6","1"
"51570","Shelby","IA","41.52279","-95.46501","-6","1"
"51571","Silver City","IA","41.123653","-95.62225","-6","1"
"51572","Soldier","IA","41.987483","-95.78317","-6","1"
"51573","Stanton","IA","40.979256","-95.09722","-6","1"
"51574","Tennant","IA","41.595686","-95.44193","-6","1"
"51575","Treynor","IA","41.231146","-95.61155","-6","1"
"51576","Underwood","IA","41.388244","-95.68777","-6","1"
"51577","Walnut","IA","41.470851","-95.20256","-6","1"
"51578","Westphalia","IA","41.719352","-95.3958","-6","1"
"51579","Woodbine","IA","41.743335","-95.71117","-6","1"
"51591","Red Oak","IA","41.030256","-95.156205","-6","1"
"51593","Harlan","IA","41.332943","-95.587197","-6","1"
"51601","Shenandoah","IA","40.750107","-95.36514","-6","1"
"51602","Shenandoah","IA","40.738309","-95.149305","-6","1"
"51603","Shenandoah","IA","40.738309","-95.149305","-6","1"
"51630","Blanchard","IA","40.588924","-95.21254","-6","1"
"51631","Braddyville","IA","40.615698","-95.00942","-6","1"
"51632","Clarinda","IA","40.738639","-95.03595","-6","1"
"51636","Coin","IA","40.671163","-95.21698","-6","1"
"51637","College Springs","IA","40.616696","-95.11568","-6","1"
"51638","Essex","IA","40.822954","-95.27007","-6","1"
"51639","Farragut","IA","40.707376","-95.47445","-6","1"
"51640","Hamburg","IA","40.622159","-95.66736","-6","1"
"51645","Imogene","IA","40.884496","-95.42637","-6","1"
"51646","New Market","IA","40.732886","-94.88772","-6","1"
"51647","Northboro","IA","40.599361","-95.36419","-6","1"
"51648","Percival","IA","40.741715","-95.7976","-6","1"
"51649","Randolph","IA","40.865993","-95.54687","-6","1"
"51650","Riverton","IA","40.679816","-95.56494","-6","1"
"51651","Shambaugh","IA","40.65747","-95.024969","-6","1"
"51652","Sidney","IA","40.76261","-95.60679","-6","1"
"51653","Tabor","IA","40.886487","-95.67001","-6","1"
"51654","Thurman","IA","40.836473","-95.76463","-6","1"
"51656","Yorktown","IA","40.737446","-95.156217","-6","1"
"52001","Dubuque","IA","42.515252","-90.6794","-6","1"
"52002","Dubuque","IA","42.50963","-90.75329","-6","1"
"52003","Dubuque","IA","42.460604","-90.68576","-6","1"
"52004","Dubuque","IA","42.484861","-90.804116","-6","1"
"52030","Andrew","IA","42.154059","-90.59176","-6","1"
"52031","Bellevue","IA","42.250445","-90.47115","-6","1"
"52032","Bernard","IA","42.273028","-90.81319","-6","1"
"52033","Cascade","IA","42.29025","-90.99759","-6","1"
"52035","Colesburg","IA","42.662381","-91.18541","-6","1"
"52036","Delaware","IA","42.473959","-91.34228","-6","1"
"52037","Delmar","IA","41.967074","-90.63216","-6","1"
"52038","Dundee","IA","42.585197","-91.55268","-6","1"
"52039","Durango","IA","42.558403","-90.86042","-6","1"
"52040","Dyersville","IA","42.490907","-91.12842","-6","1"
"52041","Earlville","IA","42.491416","-91.26333","-6","1"
"52042","Edgewood","IA","42.678463","-91.3618","-6","1"
"52043","Elkader","IA","42.855022","-91.40882","-6","1"
"52044","Elkport","IA","42.748558","-91.32445","-6","1"
"52045","Epworth","IA","42.451496","-90.92851","-6","1"
"52046","Farley","IA","42.442226","-91.00932","-6","1"
"52047","Farmersburg","IA","42.959691","-91.35552","-6","1"
"52048","Garber","IA","42.738079","-91.25078","-6","1"
"52049","Garnavillo","IA","42.886672","-91.19866","-6","1"
"52050","Greeley","IA","42.603334","-91.34528","-6","1"
"52052","Guttenberg","IA","42.765031","-91.11376","-6","1"
"52053","Holy Cross","IA","42.631604","-90.96492","-6","1"
"52054","La Motte","IA","42.28911","-90.6341","-6","1"
"52055","Littleport","IA","42.862739","-91.252459","-6","1"
"52056","Luxemburg","IA","42.60483","-91.07654","-6","1"
"52057","Manchester","IA","42.484297","-91.45231","-6","1"
"52060","Maquoketa","IA","42.087769","-90.67352","-6","1"
"52064","Miles","IA","42.092925","-90.3107","-6","1"
"52065","New Vienna","IA","42.559621","-91.10572","-6","1"
"52066","North Buena Vista","IA","42.682337","-90.95239","-6","1"
"52068","Peosta","IA","42.431983","-90.816","-6","1"
"52069","Preston","IA","42.051619","-90.40762","-6","1"
"52070","Sabula","IA","42.071239","-90.20261","-6","1"
"52071","Saint Donatus","IA","42.36059","-90.53879","-6","1"
"52072","Saint Olaf","IA","42.927724","-91.38723","-6","1"
"52073","Sherrill","IA","42.640962","-90.82532","-6","1"
"52074","Spragueville","IA","42.124141","-90.4557","-6","1"
"52075","Springbrook","IA","42.161997","-90.47987","-6","1"
"52076","Strawberry Point","IA","42.697689","-91.51505","-6","1"
"52077","Volga","IA","42.815385","-91.55738","-6","1"
"52078","Worthington","IA","42.398112","-91.12294","-6","1"
"52079","Zwingle","IA","42.286954","-90.71627","-6","1"
"52099","Dubuque","IA","42.484861","-90.804116","-6","1"
"52101","Decorah","IA","43.345879","-91.77187","-6","1"
"52131","Burr Oak","IA","43.47865","-91.765621","-6","1"
"52132","Calmar","IA","43.194235","-91.89585","-6","1"
"52133","Castalia","IA","43.119538","-91.66528","-6","1"
"52134","Chester","IA","43.468995","-92.40092","-6","1"
"52135","Clermont","IA","43.00106","-91.66064","-6","1"
"52136","Cresco","IA","43.382021","-92.10263","-6","1"
"52140","Dorchester","IA","43.442183","-91.53338","-6","1"
"52141","Elgin","IA","42.935873","-91.62785","-6","1"
"52142","Fayette","IA","42.834286","-91.79794","-6","1"
"52144","Fort Atkinson","IA","43.141414","-91.94764","-6","1"
"52146","Harpers Ferry","IA","43.195154","-91.16405","-6","1"
"52147","Hawkeye","IA","42.960176","-91.95858","-6","1"
"52149","Highlandville","IA","43.463765","-91.689862","-6","1"
"52151","Lansing","IA","43.358764","-91.25436","-6","1"
"52154","Lawler","IA","43.1101","-92.15576","-6","1"
"52155","Lime Springs","IA","43.419137","-92.28859","-6","1"
"52156","Luana","IA","43.051922","-91.45842","-6","1"
"52157","McGregor","IA","43.019203","-91.20377","-6","1"
"52158","Marquette","IA","43.042838","-91.18417","-6","1"
"52159","Monona","IA","43.061204","-91.37925","-6","1"
"52160","New Albin","IA","43.48058","-91.30746","-6","1"
"52161","Ossian","IA","43.130438","-91.74913","-6","1"
"52162","Postville","IA","43.104035","-91.5526","-6","1"
"52163","Protivin","IA","43.21661","-92.09219","-6","1"
"52164","Randalia","IA","42.839782","-91.88949","-6","1"
"52165","Ridgeway","IA","43.308213","-91.97807","-6","1"
"52166","Saint Lucas","IA","43.069086","-91.92847","-6","1"
"52168","Spillville","IA","43.203977","-91.95204","-6","1"
"52169","Wadena","IA","42.845037","-91.65943","-6","1"
"52170","Waterville","IA","43.212565","-91.29941","-6","1"
"52171","Waucoma","IA","43.068101","-92.05255","-6","1"
"52172","Waukon","IA","43.265791","-91.47755","-6","1"
"52175","West Union","IA","42.983744","-91.81803","-6","1"
"52201","Ainsworth","IA","41.320371","-91.54755","-6","1"
"52202","Alburnett","IA","42.158477","-91.63859","-6","1"
"52203","Amana","IA","41.808301","-91.87512","-6","1"
"52204","Amana","IA","41.686351","-92.063603","-6","1"
"52205","Anamosa","IA","42.106972","-91.27531","-6","1"
"52206","Atkins","IA","41.993799","-91.86755","-6","1"
"52207","Baldwin","IA","42.088117","-90.83793","-6","1"
"52208","Belle Plaine","IA","41.887989","-92.2727","-6","1"
"52209","Blairstown","IA","41.911228","-92.08549","-6","1"
"52210","Brandon","IA","42.32437","-92.0019","-6","1"
"52211","Brooklyn","IA","41.753372","-92.45012","-6","1"
"52212","Center Junction","IA","42.115943","-91.09397","-6","1"
"52213","Center Point","IA","42.193727","-91.7792","-6","1"
"52214","Central City","IA","42.198823","-91.5075","-6","1"
"52215","Chelsea","IA","41.914489","-92.39359","-6","1"
"52216","Clarence","IA","41.888182","-91.04567","-6","1"
"52217","Clutier","IA","42.080758","-92.40188","-6","1"
"52218","Coggon","IA","42.291075","-91.54024","-6","1"
"52219","Prairieburg","IA","42.235999","-91.42313","-6","1"
"52220","Conroy","IA","41.728994","-91.99748","-6","1"
"52221","Guernsey","IA","41.640716","-92.33182","-6","1"
"52222","Deep River","IA","41.575609","-92.34104","-6","1"
"52223","Delhi","IA","42.424914","-91.33937","-6","1"
"52224","Dysart","IA","42.162873","-92.30485","-6","1"
"52225","Elberon","IA","42.011889","-92.32398","-6","1"
"52226","Elwood","IA","41.992936","-90.7392","-6","1"
"52227","Ely","IA","41.89239","-91.5666","-6","1"
"52228","Fairfax","IA","41.912296","-91.78792","-6","1"
"52229","Garrison","IA","42.145175","-92.1509","-6","1"
"52231","Harper","IA","41.358606","-92.06066","-6","1"
"52232","Hartwick","IA","41.809975","-92.32815","-6","1"
"52233","Hiawatha","IA","42.044409","-91.68102","-6","1"
"52235","Hills","IA","41.55464","-91.53532","-6","1"
"52236","Homestead","IA","41.732868","-91.87587","-6","1"
"52237","Hopkinton","IA","42.346132","-91.24208","-6","1"
"52239","Tama","IA","41.961726","-92.570891","-6","1"
"52240","Iowa City","IA","41.649867","-91.52019","-6","1"
"52241","Coralville","IA","41.688215","-91.58676","-6","1"
"52242","Iowa City","IA","41.662116","-91.54143","-6","1"
"52243","Iowa City","IA","41.642657","-91.599974","-6","1"
"52244","Iowa City","IA","41.572682","-91.661901","-6","1"
"52245","Iowa City","IA","41.662083","-91.50834","-6","1"
"52246","Iowa City","IA","41.650916","-91.56058","-6","1"
"52247","Kalona","IA","41.503882","-91.70969","-6","1"
"52248","Keota","IA","41.341027","-91.94174","-6","1"
"52249","Keystone","IA","42.005883","-92.19669","-6","1"
"52251","Ladora","IA","41.741215","-92.19199","-6","1"
"52252","Langworthy","IA","42.191979","-91.225836","-6","1"
"52253","Lisbon","IA","41.909156","-91.36209","-6","1"
"52254","Lost Nation","IA","41.950398","-90.8085","-6","1"
"52255","Lowden","IA","41.86521","-90.94316","-6","1"
"52257","Luzerne","IA","41.913959","-92.17163","-6","1"
"52301","Marengo","IA","41.790216","-92.07684","-6","1"
"52302","Marion","IA","42.042648","-91.58262","-6","1"
"52305","Martelle","IA","42.018441","-91.35217","-6","1"
"52306","Mechanicsville","IA","41.900204","-91.25428","-6","1"
"52307","Middle Amana","IA","41.790988","-91.91522","-6","1"
"52308","Millersburg","IA","41.572665","-92.15933","-6","1"
"52309","Monmouth","IA","42.109395","-90.8869","-6","1"
"52310","Monticello","IA","42.221176","-91.19335","-6","1"
"52312","Morley","IA","42.006556","-91.24671","-6","1"
"52313","Mount Auburn","IA","42.259239","-92.10136","-6","1"
"52314","Mount Vernon","IA","41.929178","-91.43684","-6","1"
"52315","Newhall","IA","41.995899","-91.96896","-6","1"
"52316","North English","IA","41.527681","-92.09326","-6","1"
"52317","North Liberty","IA","41.755771","-91.61238","-6","1"
"52318","Norway","IA","41.900443","-91.90704","-6","1"
"52319","Oakdale","IA","41.642657","-91.599974","-6","1"
"52320","Olin","IA","42.003337","-91.14736","-6","1"
"52321","Onslow","IA","42.134893","-91.00372","-6","1"
"52322","Oxford","IA","41.6896","-91.76183","-6","1"
"52323","Oxford Junction","IA","41.983923","-90.95702","-6","1"
"52324","Palo","IA","42.065474","-91.8005","-6","1"
"52325","Parnell","IA","41.597014","-91.91805","-6","1"
"52326","Quasqueton","IA","42.394662","-91.75917","-6","1"
"52327","Riverside","IA","41.483058","-91.56899","-6","1"
"52328","Robins","IA","42.073765","-91.66287","-6","1"
"52329","Rowley","IA","42.349458","-91.84325","-6","1"
"52330","Ryan","IA","42.338694","-91.49604","-6","1"
"52332","Shellsburg","IA","42.093056","-91.88379","-6","1"
"52333","Solon","IA","41.809993","-91.50849","-6","1"
"52334","South Amana","IA","41.736497","-91.94243","-6","1"
"52335","South English","IA","41.449599","-92.05579","-6","1"
"52336","Springville","IA","42.0626","-91.44072","-6","1"
"52337","Stanwood","IA","41.888096","-91.14794","-6","1"
"52338","Swisher","IA","41.840184","-91.68552","-6","1"
"52339","Tama","IA","41.95277","-92.58225","-6","1"
"52340","Tiffin","IA","41.710231","-91.66955","-6","1"
"52341","Toddville","IA","42.112232","-91.72605","-6","1"
"52342","Toledo","IA","42.02524","-92.57177","-6","1"
"52344","Troy Mills","IA","42.079415","-91.599215","-6","1"
"52345","Urbana","IA","42.222388","-91.87908","-6","1"
"52346","Van Horne","IA","42.010556","-92.08308","-6","1"
"52347","Victor","IA","41.715992","-92.29288","-6","1"
"52348","Vining","IA","41.990295","-92.38059","-6","1"
"52349","Vinton","IA","42.172481","-92.01595","-6","1"
"52350","Viola","IA","42.091217","-91.385047","-6","1"
"52351","Walford","IA","41.876767","-91.83532","-6","1"
"52352","Walker","IA","42.290421","-91.77461","-6","1"
"52353","Washington","IA","41.300042","-91.69743","-6","1"
"52354","Watkins","IA","41.90889","-91.9818","-6","1"
"52355","Webster","IA","41.459739","-92.17863","-6","1"
"52356","Wellman","IA","41.478896","-91.85354","-6","1"
"52358","West Branch","IA","41.680696","-91.33428","-6","1"
"52359","West Chester","IA","41.356493","-91.81527","-6","1"
"52361","Williamsburg","IA","41.651571","-92.01394","-6","1"
"52362","Wyoming","IA","42.054649","-91.00591","-6","1"
"52401","Cedar Rapids","IA","41.97545","-91.65912","-6","1"
"52402","Cedar Rapids","IA","42.021016","-91.65231","-6","1"
"52403","Cedar Rapids","IA","41.982201","-91.61409","-6","1"
"52404","Cedar Rapids","IA","41.947335","-91.68819","-6","1"
"52405","Cedar Rapids","IA","41.980283","-91.70835","-6","1"
"52406","Cedar Rapids","IA","42.287191","-91.777472","-6","1"
"52407","Cedar Rapids","IA","42.079415","-91.599215","-6","1"
"52408","Cedar Rapids","IA","42.079415","-91.599215","-6","1"
"52409","Cedar Rapids","IA","42.079415","-91.599215","-6","1"
"52410","Cedar Rapids","IA","42.079415","-91.599215","-6","1"
"52411","Cedar Rapids","IA","42.049941","-91.72511","-6","1"
"52497","Cedar Rapids","IA","42.079415","-91.599215","-6","1"
"52498","Cedar Rapids","IA","42.079415","-91.599215","-6","1"
"52499","Cedar Rapids","IA","42.079415","-91.599215","-6","1"
"52501","Ottumwa","IA","41.023872","-92.41741","-6","1"
"52530","Agency","IA","40.995466","-92.30407","-6","1"
"52531","Albia","IA","41.026796","-92.7984","-6","1"
"52533","Batavia","IA","41.0255","-92.15955","-6","1"
"52534","Beacon","IA","41.273646","-92.68082","-6","1"
"52535","Birmingham","IA","40.86112","-91.97867","-6","1"
"52536","Blakesburg","IA","40.947787","-92.62879","-6","1"
"52537","Bloomfield","IA","40.73045","-92.44441","-6","1"
"52538","West Grove","IA","40.745286","-92.408679","-6","1"
"52540","Brighton","IA","41.153462","-91.82082","-6","1"
"52542","Cantril","IA","40.649744","-92.0662","-6","1"
"52543","Cedar","IA","41.218744","-92.51977","-6","1"
"52544","Centerville","IA","40.730159","-92.88994","-6","1"
"52548","Chillicothe","IA","41.085573","-92.52863","-6","1"
"52549","Cincinnati","IA","40.616347","-92.92738","-6","1"
"52550","Delta","IA","41.330967","-92.34521","-6","1"
"52551","Douds","IA","40.798007","-92.13296","-6","1"
"52552","Drakesville","IA","40.837112","-92.56458","-6","1"
"52553","Eddyville","IA","41.151537","-92.64227","-6","1"
"52554","Eldon","IA","40.919465","-92.22521","-6","1"
"52555","Exline","IA","40.648624","-92.83592","-6","1"
"52556","Fairfield","IA","41.017736","-91.95","-6","1"
"52557","Fairfield","IA","41.016566","-91.96821","-6","1"
"52560","Floris","IA","40.852256","-92.24785","-6","1"
"52561","Fremont","IA","41.214824","-92.43864","-6","1"
"52562","Hayesville","IA","41.26457","-92.24888","-6","1"
"52563","Hedrick","IA","41.17196","-92.28491","-6","1"
"52565","Keosauqua","IA","40.747997","-91.96126","-6","1"
"52566","Kirkville","IA","41.14579","-92.49948","-6","1"
"52567","Libertyville","IA","40.946765","-92.07173","-6","1"
"52568","Martinsburg","IA","41.178396","-92.25004","-6","1"
"52569","Melrose","IA","40.948022","-93.02537","-6","1"
"52570","Milton","IA","40.679958","-92.162","-6","1"
"52571","Moravia","IA","40.86655","-92.84446","-6","1"
"52572","Moulton","IA","40.679322","-92.68369","-6","1"
"52573","Mount Sterling","IA","40.620468","-91.93352","-6","1"
"52574","Mystic","IA","40.797559","-92.96436","-6","1"
"52576","Ollie","IA","41.201922","-92.1148","-6","1"
"52577","Oskaloosa","IA","41.281669","-92.65534","-6","1"
"52580","Packwood","IA","41.130669","-92.09695","-6","1"
"52581","Plano","IA","40.792046","-93.04963","-6","1"
"52583","Promise City","IA","40.801913","-93.14736","-6","1"
"52584","Pulaski","IA","40.66442","-92.24541","-6","1"
"52585","Richland","IA","41.194129","-91.98027","-6","1"
"52586","Rose Hill","IA","41.339202","-92.46875","-6","1"
"52588","Selma","IA","40.873769","-92.13113","-6","1"
"52590","Seymour","IA","40.673728","-93.1281","-6","1"
"52591","Sigourney","IA","41.328837","-92.19641","-6","1"
"52593","Udell","IA","40.777917","-92.73565","-6","1"
"52594","Unionville","IA","40.833045","-92.6867","-6","1"
"52595","University Park","IA","41.286619","-92.61893","-6","1"
"52601","Burlington","IA","40.814207","-91.11911","-6","1"
"52619","Argyle","IA","40.542869","-91.57544","-6","1"
"52620","Bonaparte","IA","40.697875","-91.8051","-6","1"
"52621","Crawfordsville","IA","41.209047","-91.53273","-6","1"
"52623","Danville","IA","40.865859","-91.33459","-6","1"
"52624","Denmark","IA","40.741062","-91.33664","-6","1"
"52625","Donnellson","IA","40.675175","-91.57393","-6","1"
"52626","Farmington","IA","40.655336","-91.72385","-6","1"
"52627","Fort Madison","IA","40.637694","-91.33866","-6","1"
"52630","Hillsboro","IA","40.823716","-91.74754","-6","1"
"52631","Houghton","IA","40.784287","-91.60716","-6","1"
"52632","Keokuk","IA","40.409641","-91.40001","-6","1"
"52635","Lockridge","IA","40.991682","-91.75175","-6","1"
"52637","Mediapolis","IA","41.008896","-91.13674","-6","1"
"52638","Middletown","IA","40.828014","-91.25499","-6","1"
"52639","Montrose","IA","40.547399","-91.43864","-6","1"
"52640","Morning Sun","IA","41.09739","-91.27859","-6","1"
"52641","Mount Pleasant","IA","40.974026","-91.57195","-6","1"
"52642","Rome","IA","40.977395","-91.692312","-6","1"
"52644","Mount Union","IA","41.038005","-91.39992","-6","1"
"52645","New London","IA","40.920995","-91.39965","-6","1"
"52646","Oakville","IA","41.069373","-91.01429","-6","1"
"52647","Olds","IA","41.133346","-91.54559","-6","1"
"52648","Pilot Grove","IA","40.594704","-91.415648","-6","1"
"52649","Salem","IA","40.848485","-91.61691","-6","1"
"52650","Sperry","IA","40.952014","-91.16545","-6","1"
"52651","Stockport","IA","40.87657","-91.81242","-6","1"
"52652","Swedesburg","IA","41.103879","-91.54664","-6","1"
"52653","Wapello","IA","41.171534","-91.17035","-6","1"
"52654","Wayland","IA","41.141336","-91.66882","-6","1"
"52655","West Burlington","IA","40.830534","-91.17849","-6","1"
"52656","West Point","IA","40.719775","-91.47271","-6","1"
"52657","Saint Paul","IA","40.758742","-91.478305","-6","1"
"52658","Wever","IA","40.707554","-91.23415","-6","1"
"52659","Winfield","IA","41.126832","-91.44152","-6","1"
"52660","Yarmouth","IA","40.980185","-91.29172","-6","1"
"52701","Andover","IA","41.978834","-90.25171","-6","1"
"52706","Blue Grass","IA","41.509085","-90.754327","-6","1"
"52720","Atalissa","IA","41.578393","-91.15931","-6","1"
"52721","Bennett","IA","41.749701","-90.96586","-6","1"
"52722","Bettendorf","IA","41.551883","-90.48975","-6","1"
"52726","Blue Grass","IA","41.498603","-90.77596","-6","1"
"52727","Bryant","IA","41.96264","-90.32975","-6","1"
"52728","Buffalo","IA","41.456515","-90.73252","-6","1"
"52729","Calamus","IA","41.823151","-90.75572","-6","1"
"52730","Camanche","IA","41.780515","-90.28869","-6","1"
"52731","Charlotte","IA","41.963196","-90.47705","-6","1"
"52732","Clinton","IA","41.861633","-90.21539","-6","1"
"52733","Clinton","IA","41.880619","-90.519519","-6","1"
"52736","Clinton","IA","41.880619","-90.519519","-6","1"
"52737","Columbus City","IA","41.259329","-91.37449","-6","1"
"52738","Columbus Junction","IA","41.265956","-91.3677","-6","1"
"52739","Conesville","IA","41.378166","-91.36693","-6","1"
"52742","De Witt","IA","41.825848","-90.52951","-6","1"
"52745","Dixon","IA","41.73542","-90.77717","-6","1"
"52746","Donahue","IA","41.712643","-90.68748","-6","1"
"52747","Durant","IA","41.603249","-90.91015","-6","1"
"52748","Eldridge","IA","41.659064","-90.56866","-6","1"
"52749","Fruitland","IA","41.355531","-91.12994","-6","1"
"52750","Goose Lake","IA","41.926933","-90.41181","-6","1"
"52751","Grand Mound","IA","41.836317","-90.67008","-6","1"
"52752","Grandview","IA","41.277239","-91.18897","-6","1"
"52753","Le Claire","IA","41.609382","-90.35986","-6","1"
"52754","Letts","IA","41.349983","-91.24664","-6","1"
"52755","Lone Tree","IA","41.476534","-91.43307","-6","1"
"52756","Long Grove","IA","41.732418","-90.53286","-6","1"
"52757","Low Moor","IA","41.801711","-90.35223","-6","1"
"52758","McCausland","IA","41.744689","-90.44392","-6","1"
"52759","Montpelier","IA","41.462494","-90.808767","-6","1"
"52760","Moscow","IA","41.57371","-91.08369","-6","1"
"52765","New Liberty","IA","41.720483","-90.86944","-6","1"
"52766","Nichols","IA","41.473955","-91.31035","-6","1"
"52767","Pleasant Valley","IA","41.56823","-90.4191","-6","1"
"52768","Princeton","IA","41.677679","-90.37338","-6","1"
"52769","Stockton","IA","41.594283","-90.8469","-6","1"
"52771","Teeds Grove","IA","41.999113","-90.218704","-6","1"
"52772","Tipton","IA","41.750868","-91.13361","-6","1"
"52773","Walcott","IA","41.617234","-90.75849","-6","1"
"52774","Welton","IA","41.907575","-90.59624","-6","1"
"52776","West Liberty","IA","41.573818","-91.26586","-6","1"
"52777","Wheatland","IA","41.843587","-90.86097","-6","1"
"52778","Wilton","IA","41.604559","-91.00644","-6","1"
"52801","Davenport","IA","41.522832","-90.57503","-6","1"
"52802","Davenport","IA","41.513182","-90.61672","-6","1"
"52803","Davenport","IA","41.538582","-90.56223","-6","1"
"52804","Davenport","IA","41.546931","-90.61964","-6","1"
"52805","Davenport","IA","41.613034","-90.606284","-6","1"
"52806","Davenport","IA","41.574581","-90.60303","-6","1"
"52807","Davenport","IA","41.565433","-90.53924","-6","1"
"52808","Davenport","IA","41.613034","-90.606284","-6","1"
"52809","Davenport","IA","41.613034","-90.606284","-6","1"
"55954","Mabel","IA","43.498082","-91.89429","-6","1"
"56027","Elmore","IA","43.482104","-94.09837","-6","1"
"56129","Ellsworth","IA","43.495384","-95.90691","-6","1"
