"66002","Atchison","KS","39.553786","-95.13472","-6","1"
"66006","Baldwin City","KS","38.789719","-95.21058","-6","1"
"66007","Basehor","KS","39.145077","-94.94259","-6","1"
"66008","Bendena","KS","39.703642","-95.18541","-6","1"
"66010","Blue Mound","KS","38.102749","-95.0154","-6","1"
"66012","Bonner Springs","KS","39.065703","-94.90453","-6","1"
"66013","Bucyrus","KS","38.733271","-94.6957","-6","1"
"66014","Centerville","KS","38.226434","-94.98779","-6","1"
"66015","Colony","KS","38.067424","-95.40614","-6","1"
"66016","Cummings","KS","39.47305","-95.23992","-6","1"
"66017","Denton","KS","39.720911","-95.27417","-6","1"
"66018","De Soto","KS","38.961396","-94.97681","-6","1"
"66019","Clearview City","KS","38.94575","-95.00349","-6","1"
"66020","Easton","KS","39.331919","-95.11389","-6","1"
"66021","Edgerton","KS","38.762545","-95.00622","-6","1"
"66023","Effingham","KS","39.521275","-95.39413","-6","1"
"66024","Elwood","KS","39.756944","-94.87824","-6","1"
"66025","Eudora","KS","38.917032","-95.06455","-6","1"
"66026","Fontana","KS","38.404804","-94.85125","-6","1"
"66027","Fort Leavenworth","KS","39.348031","-94.93177","-6","1"
"66030","Gardner","KS","38.813839","-94.9265","-6","1"
"66031","New Century","KS","38.824863","-94.899201","-6","1"
"66032","Garnett","KS","38.278069","-95.25997","-6","1"
"66033","Greeley","KS","38.368325","-95.12925","-6","1"
"66035","Highland","KS","39.85881","-95.2569","-6","1"
"66036","Hillsdale","KS","38.658068","-94.852061","-6","1"
"66039","Kincaid","KS","38.088951","-95.17473","-6","1"
"66040","La Cygne","KS","38.35152","-94.73705","-6","1"
"66041","Lancaster","KS","39.589832","-95.31425","-6","1"
"66042","Lane","KS","38.442448","-95.09067","-6","1"
"66043","Lansing","KS","39.258624","-94.89859","-6","1"
"66044","Lawrence","KS","38.983551","-95.23202","-6","1"
"66045","Lawrence","KS","38.952526","-95.275623","-6","1"
"66046","Lawrence","KS","38.932303","-95.22513","-6","1"
"66047","Lawrence","KS","38.920649","-95.31219","-6","1"
"66048","Leavenworth","KS","39.298776","-94.93555","-6","1"
"66049","Lawrence","KS","38.97583","-95.30399","-6","1"
"66050","Lecompton","KS","39.025994","-95.43138","-6","1"
"66051","Olathe","KS","38.899901","-94.831991","-6","1"
"66052","Linwood","KS","39.01201","-95.06283","-6","1"
"66053","Louisburg","KS","38.602219","-94.68121","-6","1"
"66054","McLouth","KS","39.201274","-95.19892","-6","1"
"66056","Mound City","KS","38.141903","-94.82166","-6","1"
"66058","Muscotah","KS","39.548048","-95.52321","-6","1"
"66060","Nortonville","KS","39.415907","-95.32966","-6","1"
"66061","Olathe","KS","38.889784","-94.85558","-6","1"
"66062","Olathe","KS","38.860511","-94.77581","-6","1"
"66063","Olathe","KS","38.899901","-94.831991","-6","1"
"66064","Osawatomie","KS","38.489733","-94.96465","-6","1"
"66066","Oskaloosa","KS","39.214825","-95.32501","-6","1"
"66067","Ottawa","KS","38.614986","-95.27355","-6","1"
"66070","Ozawkie","KS","39.201834","-95.44963","-6","1"
"66071","Paola","KS","38.574804","-94.86706","-6","1"
"66072","Parker","KS","38.328516","-94.98253","-6","1"
"66073","Perry","KS","39.097559","-95.40163","-6","1"
"66075","Pleasanton","KS","38.184882","-94.70142","-6","1"
"66076","Pomona","KS","38.612869","-95.44709","-6","1"
"66077","Potter","KS","39.423964","-95.1287","-6","1"
"66078","Princeton","KS","38.49159","-95.26646","-6","1"
"66079","Rantoul","KS","38.542788","-95.1232","-6","1"
"66080","Richmond","KS","38.398831","-95.2668","-6","1"
"66081","Wolf River","KS","39.773145","-95.233817","-6","1"
"66083","Spring Hill","KS","38.736692","-94.83362","-6","1"
"66085","Stilwell","KS","38.798648","-94.65527","-6","1"
"66086","Tonganoxie","KS","39.112379","-95.08112","-6","1"
"66087","Troy","KS","39.79684","-95.12869","-6","1"
"66088","Valley Falls","KS","39.339975","-95.45781","-6","1"
"66090","Wathena","KS","39.774356","-94.95873","-6","1"
"66091","Welda","KS","38.185196","-95.33705","-6","1"
"66092","Wellsville","KS","38.698415","-95.10414","-6","1"
"66093","Westphalia","KS","38.21086","-95.50973","-6","1"
"66094","White Cloud","KS","39.959033","-95.34005","-6","1"
"66095","Williamsburg","KS","38.455968","-95.44342","-6","1"
"66097","Winchester","KS","39.328743","-95.24608","-6","1"
"66101","Kansas City","KS","39.118054","-94.62568","-6","1"
"66102","Kansas City","KS","39.112204","-94.66643","-6","1"
"66103","Kansas City","KS","39.059254","-94.62453","-6","1"
"66104","Kansas City","KS","39.137003","-94.67203","-6","1"
"66105","Kansas City","KS","39.084954","-94.63125","-6","1"
"66106","Kansas City","KS","39.066732","-94.68872","-6","1"
"66109","Kansas City","KS","39.156275","-94.80033","-6","1"
"66110","Kansas City","KS","39.096551","-94.749538","-6","1"
"66111","Kansas City","KS","39.076554","-94.79019","-6","1"
"66112","Kansas City","KS","39.117009","-94.76614","-6","1"
"66113","Edwardsville","KS","39.073539","-94.723271","-6","1"
"66115","Kansas City","KS","39.141419","-94.61878","-6","1"
"66117","Kansas City","KS","39.096551","-94.749538","-6","1"
"66118","Kansas City","KS","39.105854","-94.61329","-6","1"
"66119","Kansas City","KS","39.096551","-94.749538","-6","1"
"66145","Centralia","KS","39.718697","-96.129009","-6","1"
"66151","Morrill","KS","39.914389","-95.734523","-6","1"
"66160","Kansas City","KS","39.096551","-94.749538","-6","1"
"66201","Shawnee Mission","KS","39.007755","-94.679486","-6","1"
"66202","Shawnee Mission","KS","39.023105","-94.66658","-6","1"
"66203","Shawnee Mission","KS","39.020405","-94.70583","-6","1"
"66204","Shawnee Mission","KS","38.992255","-94.67528","-6","1"
"66205","Shawnee Mission","KS","39.030172","-94.63097","-6","1"
"66206","Shawnee Mission","KS","38.959256","-94.62223","-6","1"
"66207","Shawnee Mission","KS","38.957396","-94.64691","-6","1"
"66208","Shawnee Mission","KS","38.999505","-94.63102","-6","1"
"66209","Shawnee Mission","KS","38.900535","-94.63248","-6","1"
"66210","Shawnee Mission","KS","38.924739","-94.70473","-6","1"
"66211","Shawnee Mission","KS","38.925159","-94.64136","-6","1"
"66212","Shawnee Mission","KS","38.959606","-94.68189","-6","1"
"66213","Shawnee Mission","KS","38.899634","-94.70758","-6","1"
"66214","Shawnee Mission","KS","38.961756","-94.71498","-6","1"
"66215","Shawnee Mission","KS","38.961006","-94.74145","-6","1"
"66216","Shawnee Mission","KS","39.009485","-94.73924","-6","1"
"66217","Shawnee Mission","KS","39.021629","-94.78107","-6","1"
"66218","Shawnee Mission","KS","39.011673","-94.8126","-6","1"
"66219","Shawnee Mission","KS","38.963798","-94.77155","-6","1"
"66220","Shawnee Mission","KS","38.964728","-94.82117","-6","1"
"66221","Shawnee Mission","KS","38.865825","-94.71231","-6","1"
"66222","Shawnee Mission","KS","38.899901","-94.831991","-6","1"
"66223","Shawnee Mission","KS","38.860552","-94.66594","-6","1"
"66224","Shawnee Mission","KS","38.862007","-94.62127","-6","1"
"66225","Shawnee Mission","KS","38.899901","-94.831991","-6","1"
"66226","Shawnee Mission","KS","39.029641","-94.84844","-6","1"
"66227","Shawnee Mission","KS","38.972197","-94.86987","-6","1"
"66250","Shawnee Mission","KS","38.899901","-94.831991","-6","1"
"66251","Shawnee Mission","KS","38.899901","-94.831991","-6","1"
"66276","Shawnee Mission","KS","38.899901","-94.831991","-6","1"
"66279","Shawnee Mission","KS","38.899901","-94.831991","-6","1"
"66282","Shawnee Mission","KS","38.899901","-94.831991","-6","1"
"66283","Shawnee Mission","KS","38.899901","-94.831991","-6","1"
"66285","Shawnee Mission","KS","38.899901","-94.831991","-6","1"
"66286","Shawnee Mission","KS","38.899901","-94.831991","-6","1"
"66352","Robinson","KS","39.814081","-95.409339","-6","1"
"66356","Lincoln","KS","37.57189","-94.654599","-6","1"
"66401","Alma","KS","38.990708","-96.29473","-6","1"
"66402","Auburn","KS","38.918102","-95.84417","-6","1"
"66403","Axtell","KS","39.877691","-96.26985","-6","1"
"66404","Baileyville","KS","39.891751","-96.17343","-6","1"
"66406","Beattie","KS","39.877735","-96.41726","-6","1"
"66407","Belvue","KS","39.207942","-96.18665","-6","1"
"66408","Bern","KS","39.949989","-95.96831","-6","1"
"66409","Berryton","KS","38.935058","-95.55745","-6","1"
"66411","Blue Rapids","KS","39.656045","-96.63791","-6","1"
"66412","Bremen","KS","39.921671","-96.77794","-6","1"
"66413","Burlingame","KS","38.767905","-95.88076","-6","1"
"66414","Carbondale","KS","38.82517","-95.68963","-6","1"
"66415","Centralia","KS","39.697296","-96.14204","-6","1"
"66416","Circleville","KS","39.516144","-95.85396","-6","1"
"66417","Corning","KS","39.655741","-96.03394","-6","1"
"66418","Delia","KS","39.267478","-95.94736","-6","1"
"66419","Denison","KS","39.377827","-95.60496","-6","1"
"66420","Dover","KS","38.964532","-95.917186","-6","1"
"66422","Emmett","KS","39.317301","-96.06113","-6","1"
"66423","Eskridge","KS","38.8421","-96.12775","-6","1"
"66424","Everest","KS","39.681813","-95.41505","-6","1"
"66425","Fairview","KS","39.811818","-95.72861","-6","1"
"66426","Fostoria","KS","39.43982","-96.506769","-6","1"
"66427","Frankfort","KS","39.689409","-96.43876","-6","1"
"66428","Goff","KS","39.671207","-95.92512","-6","1"
"66429","Grantville","KS","39.094823","-95.54874","-6","1"
"66431","Harveyville","KS","38.810071","-95.98397","-6","1"
"66432","Havensville","KS","39.496479","-96.07717","-6","1"
"66434","Hiawatha","KS","39.857155","-95.54497","-6","1"
"66436","Holton","KS","39.466971","-95.7132","-6","1"
"66438","Home","KS","39.853477","-96.50361","-6","1"
"66439","Horton","KS","39.659471","-95.53567","-6","1"
"66440","Hoyt","KS","39.254902","-95.69171","-6","1"
"66441","Junction City","KS","39.01585","-96.83653","-6","1"
"66442","Fort Riley","KS","39.074628","-96.80662","-6","1"
"66449","Leonardville","KS","39.383205","-96.85876","-6","1"
"66450","Louisville","KS","39.251831","-96.31402","-6","1"
"66451","Lyndon","KS","38.602873","-95.67363","-6","1"
"66481","Weir","KS","37.302792","-94.77251","-6","1"
"66501","McFarland","KS","39.053241","-96.23893","-6","1"
"66502","Manhattan","KS","39.184986","-96.56932","-6","1"
"66503","Manhattan","KS","39.241083","-96.64914","-6","1"
"66505","Manhattan","KS","39.304937","-96.675295","-6","1"
"66506","Manhattan","KS","39.194065","-96.57872","-6","1"
"66507","Maple Hill","KS","39.076048","-96.0343","-6","1"
"66508","Marysville","KS","39.852696","-96.63963","-6","1"
"66509","Mayetta","KS","39.337531","-95.75535","-6","1"
"66510","Melvern","KS","38.503219","-95.63079","-6","1"
"66512","Meriden","KS","39.201628","-95.55387","-6","1"
"66514","Milford","KS","39.149612","-96.90611","-6","1"
"66515","Morrill","KS","39.936121","-95.70325","-6","1"
"66516","Netawaka","KS","39.626301","-95.72954","-6","1"
"66517","Ogden","KS","39.113103","-96.70935","-6","1"
"66518","Oketo","KS","39.964921","-96.57004","-6","1"
"66520","Olsburg","KS","39.417531","-96.59975","-6","1"
"66521","Onaga","KS","39.483435","-96.21101","-6","1"
"66522","Oneida","KS","39.865907","-95.9413","-6","1"
"66523","Osage City","KS","38.611619","-95.83132","-6","1"
"66524","Overbrook","KS","38.775185","-95.52869","-6","1"
"66526","Paxico","KS","39.06583","-96.15801","-6","1"
"66527","Powhattan","KS","39.747135","-95.68096","-6","1"
"66528","Quenemo","KS","38.60969","-95.54333","-6","1"
"66531","Riley","KS","39.303014","-96.84635","-6","1"
"66532","Robinson","KS","39.8202","-95.36776","-6","1"
"66533","Rossville","KS","39.143168","-95.95263","-6","1"
"66534","Sabetha","KS","39.889544","-95.82289","-6","1"
"66535","Saint George","KS","39.21939","-96.43346","-6","1"
"66536","Saint Marys","KS","39.200733","-96.07148","-6","1"
"66537","Scranton","KS","38.771467","-95.72799","-6","1"
"66538","Seneca","KS","39.840496","-96.04833","-6","1"
"66539","Silver Lake","KS","39.136616","-95.85898","-6","1"
"66540","Soldier","KS","39.502211","-95.97495","-6","1"
"66541","Summerfield","KS","39.977047","-96.3636","-6","1"
"66542","Tecumseh","KS","39.020437","-95.55336","-6","1"
"66543","Vassar","KS","38.647459","-95.61031","-6","1"
"66544","Vermillion","KS","39.694315","-96.28476","-6","1"
"66546","Wakarusa","KS","38.895185","-95.71995","-6","1"
"66547","Wamego","KS","39.220965","-96.31279","-6","1"
"66548","Waterville","KS","39.691428","-96.76189","-6","1"
"66549","Westmoreland","KS","39.427973","-96.4027","-6","1"
"66550","Wetmore","KS","39.654548","-95.81925","-6","1"
"66551","Wheaton","KS","39.471738","-96.257561","-6","1"
"66552","Whiting","KS","39.585484","-95.6202","-6","1"
"66554","Randolph","KS","39.472188","-96.76806","-6","1"
"66555","Marysville","KS","39.783753","-96.522806","-6","1"
"66601","Topeka","KS","38.988075","-95.780662","-6","1"
"66603","Topeka","KS","39.0562","-95.67547","-6","1"
"66604","Topeka","KS","39.04045","-95.71698","-6","1"
"66605","Topeka","KS","39.013988","-95.65056","-6","1"
"66606","Topeka","KS","39.058177","-95.71088","-6","1"
"66607","Topeka","KS","39.044056","-95.64804","-6","1"
"66608","Topeka","KS","39.077066","-95.66824","-6","1"
"66609","Topeka","KS","38.988508","-95.66869","-6","1"
"66610","Topeka","KS","38.981849","-95.79016","-6","1"
"66611","Topeka","KS","39.0161","-95.6979","-6","1"
"66612","Topeka","KS","39.040333","-95.68048","-6","1"
"66614","Topeka","KS","39.015374","-95.76057","-6","1"
"66615","Topeka","KS","39.067174","-95.88115","-6","1"
"66616","Topeka","KS","39.065249","-95.63808","-6","1"
"66617","Topeka","KS","39.130354","-95.63373","-6","1"
"66618","Topeka","KS","39.126429","-95.73302","-6","1"
"66619","Topeka","KS","38.946977","-95.6938","-6","1"
"66620","Topeka","KS","39.042939","-95.769657","-6","1"
"66621","Topeka","KS","39.042939","-95.769657","-6","1"
"66622","Topeka","KS","39.042939","-95.769657","-6","1"
"66624","Topeka","KS","39.042939","-95.769657","-6","1"
"66625","Topeka","KS","39.042939","-95.769657","-6","1"
"66626","Topeka","KS","39.042939","-95.769657","-6","1"
"66628","Topeka","KS","39.042939","-95.769657","-6","1"
"66629","Topeka","KS","39.042939","-95.769657","-6","1"
"66634","Topeka","KS","39.042939","-95.769657","-6","1"
"66635","St. George","KS","39.199103","-96.43889","-6","1"
"66636","Topeka","KS","39.042939","-95.769657","-6","1"
"66637","Topeka","KS","39.042939","-95.769657","-6","1"
"66638","Topeka","KS","39.042939","-95.769657","-6","1"
"66642","Topeka","KS","39.042939","-95.769657","-6","1"
"66647","Topeka","KS","39.042939","-95.769657","-6","1"
"66650","Powhattan","KS","39.672989","-95.788948","-6","1"
"66652","Topeka","KS","39.042939","-95.769657","-6","1"
"66653","Topeka","KS","39.042939","-95.769657","-6","1"
"66658","Topeka","KS","39.042939","-95.769657","-6","1"
"66667","Topeka","KS","39.042939","-95.769657","-6","1"
"66675","Topeka","KS","39.042939","-95.769657","-6","1"
"66683","Topeka","KS","39.042939","-95.769657","-6","1"
"66686","Topeka","KS","39.042939","-95.769657","-6","1"
"66692","Topeka","KS","39.042939","-95.769657","-6","1"
"66699","Topeka","KS","39.042939","-95.769657","-6","1"
"66701","Fort Scott","KS","37.823295","-94.73389","-6","1"
"66710","Altoona","KS","37.551596","-95.65671","-6","1"
"66711","Arcadia","KS","37.644301","-94.64895","-6","1"
"66712","Arma","KS","37.547763","-94.70622","-6","1"
"66713","Baxter Springs","KS","37.026091","-94.74929","-6","1"
"66714","Benedict","KS","37.628076","-95.73245","-6","1"
"66716","Bronson","KS","37.916575","-95.07063","-6","1"
"66717","Buffalo","KS","37.705016","-95.69832","-6","1"
"66720","Chanute","KS","37.666078","-95.45681","-6","1"
"66721","Lincoln","KS","37.59292","-94.729782","-6","1"
"66724","Cherokee","KS","37.347065","-94.82665","-6","1"
"66725","Columbus","KS","37.17473","-94.87713","-6","1"
"66727","Coyville","KS","37.559151","-95.743835","-6","1"
"66728","Crestline","KS","37.16944","-94.704133","-6","1"
"66732","Elsmore","KS","37.799021","-95.18806","-6","1"
"66733","Erie","KS","37.594166","-95.24755","-6","1"
"66734","Farlington","KS","37.616393","-94.82712","-6","1"
"66735","Franklin","KS","37.522439","-94.70402","-6","1"
"66736","Fredonia","KS","37.539672","-95.84307","-6","1"
"66738","Fulton","KS","38.01707","-94.71256","-6","1"
"66739","Galena","KS","37.091398","-94.65462","-6","1"
"66740","Galesburg","KS","37.464733","-95.37039","-6","1"
"66741","Arcadia","KS","37.726754","-94.65864","-6","1"
"66742","Gas","KS","37.923162","-95.346697","-6","1"
"66743","Girard","KS","37.506616","-94.86078","-6","1"
"66746","Hepler","KS","37.66749","-94.95144","-6","1"
"66747","Neodesha","KS","37.424622","-95.681454","-6","1"
"66748","Humboldt","KS","37.802718","-95.43452","-6","1"
"66749","Iola","KS","37.926666","-95.39695","-6","1"
"66751","La Harpe","KS","37.918044","-95.2947","-6","1"
"66752","Ross","KS","37.332679","-94.977587","-6","1"
"66753","McCune","KS","37.364275","-95.00432","-6","1"
"66754","Mapleton","KS","38.017205","-94.8929","-6","1"
"66755","Moran","KS","37.933658","-95.16768","-6","1"
"66756","Mulberry","KS","37.554735","-94.63283","-6","1"
"66757","Neodesha","KS","37.420016","-95.683","-6","1"
"66758","Neosho Falls","KS","38.005429","-95.56976","-6","1"
"66759","New Albany","KS","37.568611","-95.93926","-6","1"
"66760","Opolis","KS","37.344142","-94.62156","-6","1"
"66761","Piqua","KS","37.900385","-95.56255","-6","1"
"66762","Pittsburg","KS","37.408511","-94.70414","-6","1"
"66763","Frontenac","KS","37.455819","-94.69088","-6","1"
"66767","Prescott","KS","38.066976","-94.69495","-6","1"
"66769","Redfield","KS","37.840828","-94.89202","-6","1"
"66770","Riverton","KS","37.074648","-94.71538","-6","1"
"66771","Saint Paul","KS","37.500157","-95.15952","-6","1"
"66772","Savonburg","KS","37.75459","-95.18816","-6","1"
"66773","Scammon","KS","37.27522","-94.82738","-6","1"
"66775","Stark","KS","37.691117","-95.14826","-6","1"
"66776","Thayer","KS","37.478331","-95.48417","-6","1"
"66777","Toronto","KS","37.777886","-95.93877","-6","1"
"66778","Treece","KS","37.000262","-94.84372","-6","1"
"66779","Uniontown","KS","37.848943","-94.97218","-6","1"
"66780","Walnut","KS","37.603419","-95.06279","-6","1"
"66781","Weir","KS","37.300262","-94.75259","-6","1"
"66782","West Mineral","KS","37.284559","-94.92613","-6","1"
"66783","Yates Center","KS","37.873778","-95.7313","-6","1"
"66801","Emporia","KS","38.410549","-96.19736","-6","1"
"66804","Bern","KS","39.964236","-95.972744","-6","1"
"66830","Admire","KS","38.614057","-96.08821","-6","1"
"66833","Allen","KS","38.672825","-96.16385","-6","1"
"66834","Alta Vista","KS","38.862376","-96.47367","-6","1"
"66835","Americus","KS","38.513771","-96.25853","-6","1"
"66838","Burdick","KS","38.536957","-96.78484","-6","1"
"66839","Burlington","KS","38.211108","-95.74293","-6","1"
"66840","Burns","KS","38.064497","-96.89128","-6","1"
"66842","Cassoday","KS","38.018802","-96.66349","-6","1"
"66843","Cedar Point","KS","38.224172","-96.77229","-6","1"
"66845","Cottonwood Falls","KS","38.344157","-96.52969","-6","1"
"66846","Council Grove","KS","38.649811","-96.49331","-6","1"
"66849","Dwight","KS","38.877563","-96.58981","-6","1"
"66850","Elmdale","KS","38.395027","-96.69377","-6","1"
"66851","Florence","KS","38.228452","-96.92825","-6","1"
"66852","Gridley","KS","38.078496","-95.89505","-6","1"
"66853","Hamilton","KS","38.000062","-96.21271","-6","1"
"66854","Hartford","KS","38.281776","-95.9686","-6","1"
"66855","Lamont","KS","37.888276","-96.242059","-6","1"
"66856","Lebo","KS","38.427161","-95.82627","-6","1"
"66857","Le Roy","KS","38.095388","-95.63461","-6","1"
"66858","Lincolnville","KS","38.473549","-96.95611","-6","1"
"66859","Lost Springs","KS","38.556941","-96.96494","-6","1"
"66860","Madison","KS","38.126728","-96.16635","-6","1"
"66861","Marion","KS","38.359189","-97.01768","-6","1"
"66862","Matfield Green","KS","38.14969","-96.51545","-6","1"
"66863","Neal","KS","37.831349","-96.07111","-6","1"
"66864","Neosho Rapids","KS","38.368683","-95.98917","-6","1"
"66865","Olpe","KS","38.241502","-96.20048","-6","1"
"66866","Peabody","KS","38.175115","-97.1049","-6","1"
"66868","Reading","KS","38.532132","-95.97685","-6","1"
"66869","Strong City","KS","38.415712","-96.50104","-6","1"
"66870","Virgil","KS","37.925128","-96.00967","-6","1"
"66871","Waverly","KS","38.382581","-95.62641","-6","1"
"66872","White City","KS","38.79144","-96.73809","-6","1"
"66873","Wilsey","KS","38.682093","-96.663865","-6","1"
"66901","Concordia","KS","39.568803","-97.64627","-6","1"
"66930","Agenda","KS","39.718857","-97.49191","-6","1"
"66932","Athol","KS","39.761524","-98.92213","-6","1"
"66933","Barnes","KS","39.675346","-96.87232","-6","1"
"66935","Belleville","KS","39.824657","-97.62881","-6","1"
"66936","Burr Oak","KS","39.908065","-98.29451","-6","1"
"66937","Clifton","KS","39.594163","-97.26295","-6","1"
"66938","Clyde","KS","39.594485","-97.40544","-6","1"
"66939","Courtland","KS","39.837438","-97.90386","-6","1"
"66940","Cuba","KS","39.81884","-97.44917","-6","1"
"66941","Esbon","KS","39.827165","-98.44356","-6","1"
"66942","Formoso","KS","39.791338","-97.9986","-6","1"
"66943","Greenleaf","KS","39.688224","-96.96583","-6","1"
"66944","Haddam","KS","39.841886","-97.30119","-6","1"
"66945","Hanover","KS","39.888945","-96.88156","-6","1"
"66946","Hollenberg","KS","39.968115","-96.98906","-6","1"
"66948","Jamestown","KS","39.609023","-97.84511","-6","1"
"66949","Jewell","KS","39.652106","-98.18519","-6","1"
"66951","Kensington","KS","39.792636","-99.03877","-6","1"
"66952","Lebanon","KS","39.835476","-98.58668","-6","1"
"66953","Linn","KS","39.689909","-97.10565","-6","1"
"66955","Mahaska","KS","39.966106","-97.3249","-6","1"
"66956","Mankato","KS","39.790935","-98.20722","-6","1"
"66958","Morrowville","KS","39.883769","-97.16491","-6","1"
"66959","Munden","KS","39.933522","-97.53242","-6","1"
"66960","Narka","KS","39.934395","-97.42125","-6","1"
"66961","Norway","KS","39.827894","-97.650902","-6","1"
"66962","Palmer","KS","39.618962","-97.13434","-6","1"
"66963","Randall","KS","39.633913","-98.02957","-6","1"
"66964","Republic","KS","39.931181","-97.81023","-6","1"
"66966","Scandia","KS","39.776903","-97.76394","-6","1"
"66967","Smith Center","KS","39.794538","-98.79561","-6","1"
"66968","Washington","KS","39.815522","-97.06111","-6","1"
"66969","Scandia","KS","39.798339","-97.783181","-6","1"
"66970","Webber","KS","39.936773","-98.04227","-6","1"
"66998","Buffalo","KS","39.588426","-97.788817","-6","1"
"67001","Andale","KS","37.779021","-97.62602","-6","1"
"67002","Andover","KS","37.693585","-97.11321","-6","1"
"67003","Anthony","KS","37.144088","-98.03857","-6","1"
"67004","Argonia","KS","37.270346","-97.76478","-6","1"
"67005","Arkansas City","KS","37.067387","-97.02831","-6","1"
"67008","Atlanta","KS","37.454925","-96.83152","-6","1"
"67009","Attica","KS","37.233697","-98.24779","-6","1"
"67010","Augusta","KS","37.68066","-96.98153","-6","1"
"67012","Beaumont","KS","37.660135","-96.53372","-6","1"
"67013","Belle Plaine","KS","37.390809","-97.29152","-6","1"
"67016","Bentley","KS","37.886437","-97.51828","-6","1"
"67017","Benton","KS","37.818158","-97.10839","-6","1"
"67018","Bluff City","KS","37.076529","-97.87011","-6","1"
"67019","Burden","KS","37.314208","-96.78463","-6","1"
"67020","Burrton","KS","38.008128","-97.67008","-6","1"
"67021","Byers","KS","37.784193","-98.89486","-6","1"
"67022","Caldwell","KS","37.062453","-97.60782","-6","1"
"67023","Cambridge","KS","37.327404","-96.65629","-6","1"
"67024","Cedar Vale","KS","37.104057","-96.48447","-6","1"
"67025","Cheney","KS","37.647611","-97.78765","-6","1"
"67026","Clearwater","KS","37.518342","-97.49452","-6","1"
"67028","Coats","KS","37.469499","-98.93543","-6","1"
"67029","Coldwater","KS","37.259332","-99.33385","-6","1"
"67030","Colwich","KS","37.787206","-97.54135","-6","1"
"67031","Conway Springs","KS","37.400431","-97.65338","-6","1"
"67033","Richland","KS","37.519257","-97.152533","-6","1"
"67035","Cunningham","KS","37.655003","-98.39643","-6","1"
"67036","Danville","KS","37.298982","-97.87357","-6","1"
"67037","Derby","KS","37.557434","-97.25167","-6","1"
"67038","Dexter","KS","37.150816","-96.7426","-6","1"
"67039","Douglass","KS","37.513371","-96.99851","-6","1"
"67041","Elbing","KS","38.054115","-97.12711","-6","1"
"67042","El Dorado","KS","37.830417","-96.84294","-6","1"
"67045","Eureka","KS","37.854192","-96.32433","-6","1"
"67047","Fall River","KS","37.64248","-96.07105","-6","1"
"67049","Freeport","KS","37.173305","-97.84835","-6","1"
"67050","Garden Plain","KS","37.663743","-97.68539","-6","1"
"67051","Geuda Springs","KS","37.104798","-97.19239","-6","1"
"67052","Goddard","KS","37.651845","-97.5739","-6","1"
"67053","Goessel","KS","38.246972","-97.34817","-6","1"
"67054","Greensburg","KS","37.590146","-99.29989","-6","1"
"67055","Greenwich","KS","37.78335","-97.205419","-6","1"
"67056","Halstead","KS","38.007112","-97.5139","-6","1"
"67057","Hardtner","KS","37.041728","-98.67631","-6","1"
"67058","Harper","KS","37.297898","-98.03916","-6","1"
"67059","Haviland","KS","37.658761","-99.09672","-6","1"
"67060","Haysville","KS","37.552425","-97.34785","-6","1"
"67061","Hazelton","KS","37.088979","-98.37544","-6","1"
"67062","Hesston","KS","38.142541","-97.43368","-6","1"
"67063","Hillsboro","KS","38.347058","-97.21489","-6","1"
"67065","Isabel","KS","37.461079","-98.54262","-6","1"
"67066","Iuka","KS","37.746879","-98.75308","-6","1"
"67067","Kechi","KS","37.795395","-97.27309","-6","1"
"67068","Kingman","KS","37.618339","-98.10612","-6","1"
"67069","Ninnescah","KS","37.5731","-98.23619","-6","1"
"67070","Kiowa","KS","37.037218","-98.49342","-6","1"
"67071","Lake City","KS","37.316336","-98.83859","-6","1"
"67072","Latham","KS","37.561112","-96.59795","-6","1"
"67073","Lehigh","KS","38.376681","-97.31611","-6","1"
"67074","Leon","KS","37.686034","-96.7069","-6","1"
"67101","Maize","KS","37.775593","-97.46797","-6","1"
"67102","Maple City","KS","37.043519","-96.75924","-6","1"
"67103","Mayfield","KS","37.26475","-97.55569","-6","1"
"67104","Medicine Lodge","KS","37.286936","-98.60271","-6","1"
"67105","Milan","KS","37.251663","-97.66554","-6","1"
"67106","Milton","KS","37.447829","-97.75943","-6","1"
"67107","Moundridge","KS","38.193313","-97.52827","-6","1"
"67108","Mount Hope","KS","37.831684","-97.67462","-6","1"
"67109","Mullinville","KS","37.581777","-99.47608","-6","1"
"67110","Mulvane","KS","37.474542","-97.22812","-6","1"
"67111","Murdock","KS","37.625625","-97.92699","-6","1"
"67112","Nashville","KS","37.442074","-98.41625","-6","1"
"67114","Newton","KS","38.051679","-97.323","-6","1"
"67117","North Newton","KS","38.073865","-97.34635","-6","1"
"67118","Norwich","KS","37.460764","-97.85182","-6","1"
"67119","Oxford","KS","37.253486","-97.18161","-6","1"
"67120","Peck","KS","37.459433","-97.3804","-6","1"
"67122","Piedmont","KS","37.629754","-96.40529","-6","1"
"67123","Potwin","KS","37.946174","-97.01423","-6","1"
"67124","Pratt","KS","37.642738","-98.75394","-6","1"
"67127","Protection","KS","37.196316","-99.50499","-6","1"
"67128","Rago","KS","37.436662","-98.03131","-6","1"
"67131","Rock","KS","37.42198","-97.00329","-6","1"
"67132","Rosalia","KS","37.813869","-96.57856","-6","1"
"67133","Rose Hill","KS","37.573226","-97.12421","-6","1"
"67134","Sawyer","KS","37.494728","-98.68324","-6","1"
"67135","Sedgwick","KS","37.921185","-97.44004","-6","1"
"67137","Severy","KS","37.647292","-96.22324","-6","1"
"67138","Sharon","KS","37.253964","-98.41429","-6","1"
"67140","South Haven","KS","37.065497","-97.36562","-6","1"
"67142","Spivey","KS","37.468889","-98.21584","-6","1"
"67143","Sun City","KS","37.363445","-98.96044","-6","1"
"67144","Towanda","KS","37.804776","-97.01477","-6","1"
"67146","Udall","KS","37.395382","-97.10432","-6","1"
"67147","Valley Center","KS","37.853935","-97.33059","-6","1"
"67149","Viola","KS","37.538257","-97.62031","-6","1"
"67150","Waldron","KS","37.026317","-98.20814","-6","1"
"67151","Walton","KS","38.13467","-97.25509","-6","1"
"67152","Wellington","KS","37.268972","-97.41247","-6","1"
"67154","Whitewater","KS","37.963712","-97.12193","-6","1"
"67155","Wilmore","KS","37.34323","-99.14364","-6","1"
"67156","Winfield","KS","37.256575","-96.97885","-6","1"
"67159","Zenda","KS","37.422585","-98.30304","-6","1"
"67201","Wichita","KS","37.651974","-97.258997","-6","1"
"67202","Wichita","KS","37.686992","-97.33362","-6","1"
"67203","Wichita","KS","37.703932","-97.36237","-6","1"
"67204","Wichita","KS","37.754443","-97.35763","-6","1"
"67205","Wichita","KS","37.738348","-97.42917","-6","1"
"67206","Wichita","KS","37.703247","-97.23166","-6","1"
"67207","Wichita","KS","37.669803","-97.23289","-6","1"
"67208","Wichita","KS","37.701997","-97.28114","-6","1"
"67209","Wichita","KS","37.67129","-97.4372","-6","1"
"67210","Wichita","KS","37.638946","-97.26652","-6","1"
"67211","Wichita","KS","37.667175","-97.31917","-6","1"
"67212","Wichita","KS","37.700632","-97.4343","-6","1"
"67213","Wichita","KS","37.669067","-97.36204","-6","1"
"67214","Wichita","KS","37.705384","-97.31777","-6","1"
"67215","Wichita","KS","37.626676","-97.42398","-6","1"
"67216","Wichita","KS","37.619858","-97.31751","-6","1"
"67217","Wichita","KS","37.62421","-97.36312","-6","1"
"67218","Wichita","KS","37.670092","-97.27953","-6","1"
"67219","Wichita","KS","37.765919","-97.31997","-6","1"
"67220","Wichita","KS","37.745561","-97.27841","-6","1"
"67221","McConnell A F B","KS","37.628158","-97.26626","-6","1"
"67222","Wichita","KS","37.751267","-97.262371","-6","1"
"67223","Wichita","KS","37.73674","-97.499","-6","1"
"67226","Wichita","KS","37.750904","-97.23115","-6","1"
"67227","Wichita","KS","37.62812","-97.491566","-6","1"
"67228","Wichita","KS","37.774174","-97.171098","-6","1"
"67230","Wichita","KS","37.683392","-97.1706","-6","1"
"67231","Wichita","KS","37.556692","-97.410154","-6","1"
"67232","Wichita","KS","37.639491","-97.171372","-6","1"
"67233","Wichita","KS","37.568951","-97.33449","-6","1"
"67235","Wichita","KS","37.692778","-97.4959","-6","1"
"67236","Wichita","KS","37.542182","-97.287134","-6","1"
"67251","Wichita","KS","37.693588","-97.480419","-6","1"
"67256","Wichita","KS","37.693588","-97.480419","-6","1"
"67257","Wichita","KS","37.693588","-97.480419","-6","1"
"67259","Wichita","KS","37.693588","-97.480419","-6","1"
"67260","Wichita","KS","37.693588","-97.480419","-6","1"
"67275","Wichita","KS","37.693588","-97.480419","-6","1"
"67276","Wichita","KS","37.693588","-97.480419","-6","1"
"67277","Wichita","KS","37.693588","-97.480419","-6","1"
"67278","Wichita","KS","37.693588","-97.480419","-6","1"
"67301","Independence","KS","37.216856","-95.72898","-6","1"
"67330","Altamont","KS","37.180641","-95.30389","-6","1"
"67332","Bartlett","KS","37.051587","-95.2227","-6","1"
"67333","Caney","KS","37.021498","-95.91616","-6","1"
"67334","Chautauqua","KS","37.026172","-96.17845","-6","1"
"67335","Cherryvale","KS","37.278991","-95.54722","-6","1"
"67336","Chetopa","KS","37.047431","-95.08365","-6","1"
"67337","Coffeyville","KS","37.041838","-95.61814","-6","1"
"67339","Howard","KS","37.050156","-95.504561","-6","1"
"67340","Dearing","KS","37.058083","-95.70982","-6","1"
"67341","Dennis","KS","37.347626","-95.41692","-6","1"
"67342","Edna","KS","37.059559","-95.356","-6","1"
"67344","Elk City","KS","37.279439","-95.93171","-6","1"
"67345","Elk Falls","KS","37.37477","-96.19019","-6","1"
"67346","Grenola","KS","37.326384","-96.43368","-6","1"
"67347","Havana","KS","37.103604","-95.9426","-6","1"
"67349","Howard","KS","37.479165","-96.26594","-6","1"
"67351","Liberty","KS","37.135671","-95.58247","-6","1"
"67352","Longton","KS","37.376701","-96.07025","-6","1"
"67353","Moline","KS","37.337559","-96.29965","-6","1"
"67354","Mound Valley","KS","37.200877","-95.41003","-6","1"
"67355","Niotaze","KS","37.053112","-96.01065","-6","1"
"67356","Oswego","KS","37.182538","-95.13678","-6","1"
"67357","Parsons","KS","37.339913","-95.25834","-6","1"
"67360","Peru","KS","37.074399","-96.09053","-6","1"
"67361","Sedan","KS","37.107867","-96.22087","-6","1"
"67363","Sycamore","KS","37.327608","-95.71842","-6","1"
"67364","Tyro","KS","37.035742","-95.82167","-6","1"
"67401","Salina","KS","38.827875","-97.61553","-6","1"
"67402","Salina","KS","38.78359","-97.650446","-6","1"
"67410","Abilene","KS","38.94112","-97.21973","-6","1"
"67411","Fairview","KS","37.872226","-97.005915","-6","1"
"67416","Assaria","KS","38.674468","-97.59811","-6","1"
"67417","Aurora","KS","39.433975","-97.54588","-6","1"
"67418","Barnard","KS","39.18871","-98.04615","-6","1"
"67419","Union","KS","38.362379","-97.944818","-6","1"
"67420","Beloit","KS","39.440546","-98.07736","-6","1"
"67422","Bennington","KS","39.03407","-97.58943","-6","1"
"67423","Beverly","KS","38.980027","-97.97921","-6","1"
"67425","Brookville","KS","38.813761","-97.9286","-6","1"
"67427","Bushton","KS","38.50978","-98.39638","-6","1"
"67428","Canton","KS","38.369576","-97.41789","-6","1"
"67430","Cawker City","KS","39.520894","-98.43768","-6","1"
"67431","Chapman","KS","38.959448","-97.01425","-6","1"
"67432","Clay Center","KS","39.341513","-97.1552","-6","1"
"67435","Sedan","KS","37.125692","-96.190914","-6","1"
"67436","Delphos","KS","39.26795","-97.73798","-6","1"
"67437","Downs","KS","39.50357","-98.55591","-6","1"
"67438","Durham","KS","38.499781","-97.27114","-6","1"
"67439","Ellsworth","KS","38.744056","-98.22729","-6","1"
"67441","Enterprise","KS","38.894257","-97.11391","-6","1"
"67442","Falun","KS","38.660286","-97.75005","-6","1"
"67443","Galva","KS","38.372202","-97.53229","-6","1"
"67444","Geneseo","KS","38.527035","-98.1392","-6","1"
"67445","Glasco","KS","39.367111","-97.82634","-6","1"
"67446","Glen Elder","KS","39.503154","-98.3031","-6","1"
"67447","Green","KS","39.475173","-96.99137","-6","1"
"67448","Gypsum","KS","38.657542","-97.40005","-6","1"
"67449","Herington","KS","38.677306","-96.92129","-6","1"
"67450","Holyrood","KS","38.61616","-98.43104","-6","1"
"67451","Hope","KS","38.689794","-97.12005","-6","1"
"67452","Hunter","KS","39.229204","-98.38455","-6","1"
"67454","Kanopolis","KS","38.703443","-98.13731","-6","1"
"67455","Lincoln","KS","39.034792","-98.17577","-6","1"
"67456","Lindsborg","KS","38.590743","-97.67156","-6","1"
"67457","Little River","KS","38.40198","-98.00626","-6","1"
"67458","Longford","KS","39.171661","-97.30594","-6","1"
"67459","Lorraine","KS","38.57504","-98.33675","-6","1"
"67460","Mcpherson","KS","38.367298","-97.67719","-6","1"
"67464","Marquette","KS","38.590489","-97.89512","-6","1"
"67466","Miltonvale","KS","39.342965","-97.47176","-6","1"
"67467","Minneapolis","KS","39.131275","-97.70794","-6","1"
"67468","Morganville","KS","39.459244","-97.22525","-6","1"
"67470","New Cambria","KS","38.891137","-97.51114","-6","1"
"67472","Chapman","KS","39.248278","-97.410025","-6","1"
"67473","Osborne","KS","39.409385","-98.7059","-6","1"
"67474","Portis","KS","39.579664","-98.70224","-6","1"
"67475","Ramona","KS","38.596837","-97.05274","-6","1"
"67476","Roxbury","KS","38.391722","-97.648402","-6","1"
"67478","Simpson","KS","39.384449","-97.93323","-6","1"
"67479","Smolan","KS","38.702546","-97.642827","-6","1"
"67480","Solomon","KS","38.950725","-97.39924","-6","1"
"67481","Sylvan Grove","KS","39.023406","-98.40165","-6","1"
"67482","Talmage","KS","39.027261","-97.25917","-6","1"
"67483","Tampa","KS","38.538684","-97.15947","-6","1"
"67484","Tescott","KS","38.998387","-97.83261","-6","1"
"67485","Tipton","KS","39.32071","-98.50294","-6","1"
"67487","Wakefield","KS","39.180886","-97.04513","-6","1"
"67488","Durham","KS","39.188023","-97.435986","-6","1"
"67490","Wilson","KS","38.817788","-98.44972","-6","1"
"67491","Windom","KS","38.367098","-97.89977","-6","1"
"67492","Woodbine","KS","38.807138","-96.9568","-6","1"
"67495","Tipton","KS","39.339801","-98.470661","-6","1"
"67501","Hutchinson","KS","38.034292","-97.92382","-6","1"
"67502","Hutchinson","KS","38.094945","-97.929","-6","1"
"67504","Hutchinson","KS","37.953219","-98.085924","-6","1"
"67505","South Hutchinson","KS","38.027185","-97.93976","-6","1"
"67510","Abbyville","KS","37.992099","-98.22479","-6","1"
"67511","Albert","KS","38.442368","-99.04195","-6","1"
"67512","Alden","KS","38.238827","-98.31957","-6","1"
"67513","Alexander","KS","38.446509","-99.53906","-6","1"
"67514","Arlington","KS","37.876541","-98.18757","-6","1"
"67515","Arnold","KS","38.674455","-100.05532","-6","1"
"67516","Bazine","KS","38.400425","-99.68699","-6","1"
"67518","Beeler","KS","38.427837","-100.16811","-6","1"
"67519","Belpre","KS","37.947324","-99.10017","-6","1"
"67520","Bison","KS","38.573848","-99.18943","-6","1"
"67521","Brownell","KS","38.618706","-99.74865","-6","1"
"67522","Buhler","KS","38.122234","-97.74843","-6","1"
"67523","Burdett","KS","38.200452","-99.54314","-6","1"
"67524","Chase","KS","38.360414","-98.37397","-6","1"
"67525","Claflin","KS","38.555566","-98.56309","-6","1"
"67526","Ellinwood","KS","38.347872","-98.56205","-6","1"
"67529","Garfield","KS","38.070818","-99.2477","-6","1"
"67530","Great Bend","KS","38.363151","-98.78495","-6","1"
"67543","Haven","KS","37.898787","-97.79101","-6","1"
"67544","Hoisington","KS","38.562172","-98.76647","-6","1"
"67545","Hudson","KS","38.15141","-98.64732","-6","1"
"67546","Inman","KS","38.224457","-97.80321","-6","1"
"67547","Kinsley","KS","37.918313","-99.43134","-6","1"
"67548","La Crosse","KS","38.560733","-99.3193","-6","1"
"67550","Larned","KS","38.179418","-99.12757","-6","1"
"67552","Lewis","KS","37.876262","-99.23229","-6","1"
"67553","Liebenthal","KS","38.654948","-99.32062","-6","1"
"67554","Lyons","KS","38.356474","-98.2025","-6","1"
"67556","McCracken","KS","38.589291","-99.52231","-6","1"
"67557","Macksville","KS","37.934689","-98.95861","-6","1"
"67559","Nekoma","KS","38.41473","-99.44681","-6","1"
"67560","Ness City","KS","38.443723","-99.92622","-6","1"
"67561","Nickerson","KS","38.137119","-98.08847","-6","1"
"67563","Offerle","KS","37.861674","-99.56069","-6","1"
"67564","Olmitz","KS","38.526757","-98.93228","-6","1"
"67565","Otis","KS","38.587486","-99.04206","-6","1"
"67566","Partridge","KS","37.953609","-98.10291","-6","1"
"67567","Pawnee Rock","KS","38.262021","-98.97856","-6","1"
"67568","Plevna","KS","38.006382","-98.31657","-6","1"
"67570","Pretty Prairie","KS","37.784834","-97.98231","-6","1"
"67572","Ransom","KS","38.660733","-99.90598","-6","1"
"67573","Raymond","KS","38.278487","-98.41672","-6","1"
"67574","Rozel","KS","38.193997","-99.40331","-6","1"
"67575","Rush Center","KS","38.445884","-99.26298","-6","1"
"67576","Saint John","KS","38.014216","-98.79487","-6","1"
"67578","Stafford","KS","37.976752","-98.59126","-6","1"
"67579","Sterling","KS","38.19784","-98.20222","-6","1"
"67581","Sylvia","KS","37.967166","-98.41303","-6","1"
"67583","Turon","KS","37.804591","-98.45617","-6","1"
"67584","Utica","KS","38.669493","-100.19251","-6","1"
"67585","Yoder","KS","37.94119","-97.871147","-6","1"
"67601","Hays","KS","38.881082","-99.32559","-6","1"
"67621","Agra","KS","39.792611","-99.13229","-6","1"
"67622","Almena","KS","39.891365","-99.72471","-6","1"
"67623","Alton","KS","39.461403","-98.95757","-6","1"
"67625","Bogue","KS","39.360896","-99.68559","-6","1"
"67626","Bunker Hill","KS","38.86913","-98.70904","-6","1"
"67627","Catharine","KS","38.927648","-99.216051","-6","1"
"67628","Cedar","KS","39.647706","-98.96837","-6","1"
"67629","Clayton","KS","39.707176","-100.17544","-6","1"
"67630","Belleville","KS","37.097273","-96.100176","-6","1"
"67631","Collyer","KS","39.028141","-100.08722","-6","1"
"67632","Damar","KS","39.336054","-99.60749","-6","1"
"67634","Dorrance","KS","38.834958","-98.60426","-6","1"
"67635","Dresden","KS","39.610945","-100.45129","-6","1"
"67637","Ellis","KS","38.933306","-99.60135","-6","1"
"67638","Gaylord","KS","39.640967","-98.84528","-6","1"
"67639","Glade","KS","39.652794","-99.30712","-6","1"
"67640","Gorham","KS","38.878181","-99.03432","-6","1"
"67642","Hill City","KS","39.360338","-99.8456","-6","1"
"67643","Jennings","KS","39.676204","-100.29331","-6","1"
"67644","Kirwin","KS","39.644576","-99.1437","-6","1"
"67645","Lenora","KS","39.609655","-99.91904","-6","1"
"67646","Logan","KS","39.65573","-99.59094","-6","1"
"67647","Long Island","KS","39.947283","-99.53467","-6","1"
"67648","Lucas","KS","39.059815","-98.55613","-6","1"
"67649","Luray","KS","39.120158","-98.69182","-6","1"
"67650","Morland","KS","39.359896","-100.08518","-6","1"
"67651","Natoma","KS","39.202987","-99.04018","-6","1"
"67653","Norcatur","KS","39.907372","-100.20732","-6","1"
"67654","Norton","KS","39.822766","-99.93288","-6","1"
"67656","Ogallah","KS","38.989828","-99.75144","-6","1"
"67657","Palco","KS","39.22742","-99.61488","-6","1"
"67658","Paradise","KS","39.118835","-98.91517","-6","1"
"67659","Penokee","KS","39.301053","-99.98755","-6","1"
"67660","Pfeifer","KS","38.704467","-99.1815","-6","1"
"67661","Phillipsburg","KS","39.799834","-99.32852","-6","1"
"67663","Plainville","KS","39.212784","-99.31688","-6","1"
"67664","Prairie View","KS","39.823946","-99.56002","-6","1"
"67665","Russell","KS","38.866551","-98.8672","-6","1"
"67666","Towanda","KS","39.684032","-99.598374","-6","1"
"67667","Schoenchen","KS","38.711024","-99.33117","-6","1"
"67669","Stockton","KS","39.436461","-99.32578","-6","1"
"67670","Stuttgart","KS","39.799148","-99.45494","-6","1"
"67671","Victoria","KS","38.861194","-99.15047","-6","1"
"67672","Wa Keeney","KS","39.015522","-99.89944","-6","1"
"67673","Waldo","KS","39.166845","-98.79762","-6","1"
"67674","Walker","KS","38.868064","-99.07886","-6","1"
"67675","Woodston","KS","39.450984","-99.09119","-6","1"
"67701","Colby","KS","39.394701","-101.04485","-6","1"
"67730","Atwood","KS","39.810204","-101.1109","-6","1"
"67731","Bird City","KS","39.758864","-101.54448","-6","1"
"67732","Brewster","KS","39.424782","-101.3533","-6","1"
"67733","Edson","KS","39.356075","-101.51227","-7","1"
"67734","Gem","KS","39.488765","-100.89755","-6","1"
"67735","Goodland","KS","39.332837","-101.75422","-7","1"
"67736","Gove","KS","38.882722","-100.46085","-6","1"
"67737","Grainfield","KS","39.117535","-100.47735","-6","1"
"67738","Grinnell","KS","39.042757","-100.64563","-6","1"
"67739","Herndon","KS","39.893743","-100.78687","-6","1"
"67740","Hoxie","KS","39.356622","-100.3861","-6","1"
"67741","Kanorado","KS","39.358034","-102.00483","-7","1"
"67743","Levant","KS","39.406853","-101.23341","-6","1"
"67744","Ludell","KS","39.857038","-100.93866","-6","1"
"67745","McDonald","KS","39.792736","-101.36332","-6","1"
"67747","Monument","KS","39.071265","-101.04488","-6","1"
"67748","Oakley","KS","39.11329","-100.83926","-6","1"
"67749","Oberlin","KS","39.832075","-100.53872","-6","1"
"67751","Park","KS","39.116982","-100.35656","-6","1"
"67752","Quinter","KS","39.038252","-100.2322","-6","1"
"67753","Rexford","KS","39.40544","-100.74875","-6","1"
"67756","Saint Francis","KS","39.773872","-101.82167","-6","1"
"67757","Selden","KS","39.534756","-100.59954","-6","1"
"67758","Sharon Springs","KS","38.865428","-101.73575","-7","1"
"67761","Wallace","KS","38.912898","-101.50937","-7","1"
"67762","Weskan","KS","38.930464","-101.99084","-7","1"
"67764","Winona","KS","38.942421","-101.20603","-6","1"
"67801","Dodge City","KS","37.755267","-100.02632","-6","1"
"67831","Ashland","KS","37.196075","-99.77662","-6","1"
"67834","Bucklin","KS","37.523175","-99.63435","-6","1"
"67835","Cimarron","KS","37.84899","-100.32811","-6","1"
"67836","Coolidge","KS","38.043992","-102.00832","-7","1"
"67837","Copeland","KS","37.554849","-100.67514","-6","1"
"67838","Deerfield","KS","38.039676","-101.12571","-6","1"
"67839","Dighton","KS","38.514924","-100.43776","-6","1"
"67840","Englewood","KS","37.040749","-99.98903","-6","1"
"67841","Ensign","KS","37.629346","-100.22704","-6","1"
"67842","Ford","KS","37.549041","-99.74869","-6","1"
"67844","Fowler","KS","37.401983","-100.2073","-6","1"
"67845","Bloom","KS","39.296417","-98.524566","-6","1"
"67846","Garden City","KS","37.976008","-100.82503","-6","1"
"67849","Hanston","KS","38.134219","-99.73853","-6","1"
"67850","Healy","KS","38.591591","-100.62302","-6","1"
"67851","Holcomb","KS","38.089121","-101.01535","-6","1"
"67852","Holcomb","KS","37.989353","-100.993268","-6","1"
"67853","Ingalls","KS","37.842421","-100.49796","-6","1"
"67854","Jetmore","KS","38.080626","-99.96701","-6","1"
"67855","Johnson","KS","37.557733","-101.68074","-6","1"
"67856","Garfield","KS","38.140691","-100.415419","-6","1"
"67857","Kendall","KS","37.974098","-101.5325","-6","1"
"67858","Sodville","KS","37.513348","-99.692418","-6","1"
"67859","Kismet","KS","37.23521","-100.75208","-6","1"
"67860","Lakin","KS","37.995238","-101.2722","-6","1"
"67861","Leoti","KS","38.503037","-101.39536","-6","1"
"67862","Manter","KS","37.585473","-101.91157","-6","1"
"67863","Marienthal","KS","38.551037","-101.22087","-6","1"
"67864","Meade","KS","37.21313","-100.34464","-6","1"
"67865","Minneola","KS","37.394383","-99.96723","-6","1"
"67867","Montezuma","KS","37.586422","-100.46228","-6","1"
"67868","Pierceville","KS","37.881899","-100.67849","-6","1"
"67869","Plains","KS","37.257151","-100.58189","-6","1"
"67870","Satanta","KS","37.496762","-101.00775","-6","1"
"67871","Scott City","KS","38.48461","-100.93476","-6","1"
"67876","Spearville","KS","37.845029","-99.72578","-6","1"
"67877","Sublette","KS","37.525821","-100.84391","-6","1"
"67878","Syracuse","KS","38.022874","-101.80781","-7","1"
"67879","Tribune","KS","38.478369","-101.7871","-7","1"
"67880","Ulysses","KS","37.569601","-101.33268","-6","1"
"67882","Wright","KS","37.805301","-99.88021","-6","1"
"67901","Liberal","KS","37.067979","-100.92813","-6","1"
"67905","Liberal","KS","37.021641","-100.938049","-6","1"
"67938","Colfax","KS","39.43042","-97.462993","-6","1"
"67950","Elkhart","KS","37.011254","-101.88893","-6","1"
"67951","Hugoton","KS","37.185269","-101.349","-6","1"
"67952","Moscow","KS","37.30755","-101.18541","-6","1"
"67953","Richfield","KS","37.23606","-101.83681","-6","1"
"67954","Rolla","KS","37.163412","-101.61909","-6","1"
