"38079","Tiptonville","KY","36.513386","-89.50472","-6","1"
"40003","Bagdad","KY","38.279797","-85.03498","-5","1"
"40004","Bardstown","KY","37.81109","-85.46164","-5","1"
"40006","Bedford","KY","38.597624","-85.33889","-5","1"
"40007","Bethlehem","KY","38.452451","-85.00764","-5","1"
"40008","Bloomfield","KY","37.923734","-85.28257","-5","1"
"40009","Bradfordsville","KY","37.477192","-85.10175","-5","1"
"40010","Buckner","KY","38.366467","-85.45075","-5","1"
"40011","Campbellsburg","KY","38.53445","-85.17178","-5","1"
"40012","Chaplin","KY","37.905918","-85.21241","-5","1"
"40013","Coxs Creek","KY","37.928563","-85.49036","-5","1"
"40014","Crestwood","KY","38.335106","-85.4584","-5","1"
"40018","Eastwood","KY","38.22977","-85.66304","-5","1"
"40019","Eminence","KY","38.370336","-85.17208","-5","1"
"40020","Fairfield","KY","37.9348","-85.38765","-5","1"
"40022","Finchville","KY","38.147801","-85.33158","-5","1"
"40023","Fisherville","KY","38.182772","-85.43238","-5","1"
"40025","Glenview","KY","38.309597","-85.643359","-5","1"
"40026","Goshen","KY","38.411964","-85.57066","-5","1"
"40027","Harrods Creek","KY","38.329718","-85.63299","-5","1"
"40031","La Grange","KY","38.407833","-85.38475","-5","1"
"40032","La Grange","KY","38.40464","-85.460504","-5","1"
"40033","Lebanon","KY","37.565894","-85.25148","-5","1"
"40036","Lockport","KY","38.434443","-84.96898","-5","1"
"40037","Loretto","KY","37.652712","-85.41337","-5","1"
"40040","Mackville","KY","37.742806","-85.05564","-5","1"
"40041","Masonic Home","KY","38.25361","-85.662215","-5","1"
"40045","Milton","KY","38.702793","-85.37187","-5","1"
"40046","Mount Eden","KY","38.026767","-85.1869","-5","1"
"40047","Mount Washington","KY","38.045982","-85.55467","-5","1"
"40048","Nazareth","KY","37.756941","-85.44671","-5","1"
"40049","Nerinx","KY","37.660251","-85.393204","-5","1"
"40050","New Castle","KY","38.435604","-85.17658","-5","1"
"40051","New Haven","KY","37.656291","-85.58099","-5","1"
"40052","New Hope","KY","37.585365","-85.50817","-5","1"
"40053","Pewee Valley","KY","37.7604","-85.447393","-5","1"
"40055","Pendleton","KY","38.495454","-85.33839","-5","1"
"40056","Pewee Valley","KY","38.308109","-85.48714","-5","1"
"40057","Pleasureville","KY","38.386916","-85.06609","-5","1"
"40058","Port Royal","KY","38.433076","-85.17111","-5","1"
"40059","Prospect","KY","38.350915","-85.60042","-5","1"
"40060","Raywick","KY","37.533395","-85.43588","-5","1"
"40061","Saint Catharine","KY","37.773962","-85.201068","-5","1"
"40062","Saint Francis","KY","37.590699","-85.45004","-5","1"
"40063","Saint Mary","KY","37.579519","-85.355132","-5","1"
"40065","Shelbyville","KY","38.211511","-85.21658","-5","1"
"40066","Shelbyville","KY","38.197268","-85.212156","-5","1"
"40067","Simpsonville","KY","38.210818","-85.36122","-5","1"
"40068","Smithfield","KY","38.400619","-85.27741","-5","1"
"40069","Springfield","KY","37.702418","-85.22257","-5","1"
"40070","Sulphur","KY","38.486325","-85.27425","-5","1"
"40071","Taylorsville","KY","38.045406","-85.36427","-5","1"
"40075","Turners Station","KY","38.552133","-85.101879","-5","1"
"40076","Waddy","KY","38.122088","-85.06677","-5","1"
"40077","Westport","KY","38.491982","-85.4722","-5","1"
"40078","Willisburg","KY","37.840066","-85.12572","-5","1"
"40080","Fairfield","KY","37.93388","-85.385382","-5","1"
"40081","Crestwood","KY","38.3386","-85.492459","-5","1"
"40104","Battletown","KY","38.087303","-86.35414","-5","1"
"40106","Big Spring","KY","37.788538","-86.231194","-6","1"
"40107","Boston","KY","37.768921","-85.65602","-5","1"
"40108","Brandenburg","KY","37.973094","-86.11831","-5","1"
"40109","Brooks","KY","38.062515","-85.73559","-5","1"
"40110","Clermont","KY","37.93462","-85.65545","-5","1"
"40111","Cloverport","KY","37.816771","-86.63448","-6","1"
"40115","Custer","KY","37.753533","-86.21654","-6","1"
"40117","Ekron","KY","37.915077","-86.14434","-5","1"
"40118","Fairdale","KY","38.106135","-85.75362","-5","1"
"40119","Falls Of Rough","KY","37.600179","-86.52846","-6","1"
"40121","Fort Knox","KY","37.895491","-85.9662","-5","1"
"40140","Garfield","KY","37.675627","-86.23001","-6","1"
"40142","Guston","KY","37.894075","-86.20383","-5","1"
"40143","Hardinsburg","KY","37.777083","-86.48345","-6","1"
"40144","Harned","KY","37.750101","-86.39972","-6","1"
"40145","Hudson","KY","37.652706","-86.3173","-6","1"
"40146","Irvington","KY","37.88108","-86.31377","-6","1"
"40150","Lebanon Junction","KY","37.849334","-85.73269","-5","1"
"40152","McDaniels","KY","37.61966","-86.45078","-6","1"
"40153","McQuady","KY","37.802295","-86.414768","-6","1"
"40155","Muldraugh","KY","37.937825","-85.99137","-5","1"
"40157","Payneville","KY","38.028543","-86.38511","-5","1"
"40159","Radcliff","KY","37.723474","-85.976854","-5","1"
"40160","Radcliff","KY","37.828459","-85.93888","-5","1"
"40161","Rhodelia","KY","38.005963","-86.398391","-5","1"
"40162","Rineyville","KY","37.756775","-86.00073","-5","1"
"40164","Se Ree","KY","37.670928","-86.39204","-6","1"
"40165","Shepherdsville","KY","37.997938","-85.69667","-5","1"
"40170","Stephensport","KY","37.965908","-86.49255","-6","1"
"40171","Union Star","KY","37.969766","-86.43079","-6","1"
"40175","Vine Grove","KY","37.826822","-86.00692","-5","1"
"40176","Webster","KY","37.934279","-86.34869","-6","1"
"40177","West Point","KY","37.997957","-85.94452","-5","1"
"40178","Westview","KY","37.647315","-86.40623","-6","1"
"40179","West Point","KY","37.998628","-85.946585","-5","1"
"40201","Louisville","KY","38.188962","-85.676819","-5","1"
"40202","Louisville","KY","38.252854","-85.75137","-5","1"
"40203","Louisville","KY","38.248106","-85.7665","-5","1"
"40204","Louisville","KY","38.23862","-85.72626","-5","1"
"40205","Louisville","KY","38.22292","-85.68326","-5","1"
"40206","Louisville","KY","38.254671","-85.70254","-5","1"
"40207","Louisville","KY","38.257489","-85.65134","-5","1"
"40208","Louisville","KY","38.218764","-85.76241","-5","1"
"40209","Louisville","KY","38.19187","-85.75298","-5","1"
"40210","Louisville","KY","38.23067","-85.78665","-5","1"
"40211","Louisville","KY","38.24142","-85.81181","-5","1"
"40212","Louisville","KY","38.26632","-85.79998","-5","1"
"40213","Louisville","KY","38.186126","-85.71304","-5","1"
"40214","Louisville","KY","38.160936","-85.77624","-5","1"
"40215","Louisville","KY","38.19192","-85.78405","-5","1"
"40216","Louisville","KY","38.188886","-85.83137","-5","1"
"40217","Louisville","KY","38.21632","-85.739","-5","1"
"40218","Louisville","KY","38.193769","-85.65733","-5","1"
"40219","Louisville","KY","38.141638","-85.68218","-5","1"
"40220","Louisville","KY","38.214982","-85.62207","-5","1"
"40221","Louisville","KY","38.188962","-85.676819","-5","1"
"40222","Louisville","KY","38.26507","-85.61319","-5","1"
"40223","Louisville","KY","38.258941","-85.55574","-5","1"
"40224","Louisville","KY","38.188962","-85.676819","-5","1"
"40225","Louisville","KY","38.188962","-85.676819","-5","1"
"40228","Louisville","KY","38.137586","-85.62741","-5","1"
"40229","Louisville","KY","38.085601","-85.66979","-5","1"
"40231","Louisville","KY","38.188962","-85.676819","-5","1"
"40232","Louisville","KY","38.188962","-85.676819","-5","1"
"40233","Louisville","KY","38.188962","-85.676819","-5","1"
"40241","Louisville","KY","38.305636","-85.58424","-5","1"
"40242","Louisville","KY","38.279059","-85.59037","-5","1"
"40243","Louisville","KY","38.237155","-85.53657","-5","1"
"40245","Louisville","KY","38.270855","-85.48322","-5","1"
"40250","Louisville","KY","38.188962","-85.676819","-5","1"
"40251","Louisville","KY","38.188962","-85.676819","-5","1"
"40252","Louisville","KY","38.188962","-85.676819","-5","1"
"40253","Louisville","KY","38.188962","-85.676819","-5","1"
"40255","Louisville","KY","38.188962","-85.676819","-5","1"
"40256","Louisville","KY","38.188962","-85.676819","-5","1"
"40257","Louisville","KY","38.188962","-85.676819","-5","1"
"40258","Louisville","KY","38.141719","-85.86375","-5","1"
"40259","Louisville","KY","38.188962","-85.676819","-5","1"
"40261","Louisville","KY","38.188962","-85.676819","-5","1"
"40266","Louisville","KY","38.188962","-85.676819","-5","1"
"40268","Louisville","KY","38.188962","-85.676819","-5","1"
"40269","Louisville","KY","38.188962","-85.676819","-5","1"
"40270","Louisville","KY","38.188962","-85.676819","-5","1"
"40272","Louisville","KY","38.096056","-85.85994","-5","1"
"40280","Louisville","KY","38.246721","-85.685261","-5","1"
"40281","Louisville","KY","38.188962","-85.676819","-5","1"
"40282","Louisville","KY","38.188962","-85.676819","-5","1"
"40283","Louisville","KY","38.188962","-85.676819","-5","1"
"40285","Louisville","KY","38.188962","-85.676819","-5","1"
"40287","Louisville","KY","38.188962","-85.676819","-5","1"
"40289","Louisville","KY","38.188962","-85.676819","-5","1"
"40290","Louisville","KY","38.188962","-85.676819","-5","1"
"40291","Louisville","KY","38.147232","-85.59169","-5","1"
"40292","Louisville","KY","38.188962","-85.676819","-5","1"
"40293","Louisville","KY","38.188962","-85.676819","-5","1"
"40294","Louisville","KY","38.188962","-85.676819","-5","1"
"40295","Louisville","KY","38.188962","-85.676819","-5","1"
"40296","Louisville","KY","38.188962","-85.676819","-5","1"
"40297","Louisville","KY","38.188962","-85.676819","-5","1"
"40298","Louisville","KY","38.188962","-85.676819","-5","1"
"40299","Louisville","KY","38.190568","-85.55348","-5","1"
"40310","Burgin","KY","37.754255","-84.76904","-5","1"
"40311","Carlisle","KY","38.320944","-84.02358","-5","1"
"40312","Clay City","KY","37.846536","-83.9343","-5","1"
"40313","Clearfield","KY","38.156248","-83.41586","-5","1"
"40316","Denniston","KY","37.933123","-83.52303","-5","1"
"40317","Elliottville","KY","38.176471","-83.268234","-5","1"
"40319","Farmers","KY","38.140258","-83.533691","-5","1"
"40320","Ford","KY","37.968496","-84.157766","-5","1"
"40322","Frenchburg","KY","37.937105","-83.63429","-5","1"
"40324","Georgetown","KY","38.221179","-84.55465","-5","1"
"40328","Gravel Switch","KY","37.561722","-85.0227","-5","1"
"40329","Haldeman","KY","38.206706","-83.41725","-5","1"
"40330","Harrodsburg","KY","37.773923","-84.85812","-5","1"
"40334","Hope","KY","38.016706","-83.76639","-5","1"
"40336","Irvine","KY","37.694764","-83.9771","-5","1"
"40337","Jeffersonville","KY","37.9615","-83.8438","-5","1"
"40339","Keene","KY","37.942941","-84.64418","-5","1"
"40340","Nicholasville","KY","37.866238","-84.579491","-5","1"
"40342","Lawrenceburg","KY","38.012479","-84.94075","-5","1"
"40346","Means","KY","37.979941","-83.73183","-5","1"
"40347","Midway","KY","38.153759","-84.70928","-5","1"
"40348","Millersburg","KY","38.302495","-84.14578","-5","1"
"40350","Moorefield","KY","38.304494","-83.87442","-5","1"
"40351","Morehead","KY","38.19056","-83.4321","-5","1"
"40353","Mount Sterling","KY","38.061248","-83.92964","-5","1"
"40355","New Liberty","KY","38.606023","-84.8279","-5","1"
"40356","Nicholasville","KY","37.883886","-84.571","-5","1"
"40357","North Middletown","KY","38.146395","-84.107655","-5","1"
"40358","Olympia","KY","38.057744","-83.6848","-5","1"
"40359","Owenton","KY","38.467809","-84.81023","-5","1"
"40360","Owingsville","KY","38.152302","-83.76603","-5","1"
"40361","Paris","KY","38.212471","-84.23646","-5","1"
"40362","Paris","KY","38.219407","-84.205944","-5","1"
"40363","Perry Park","KY","38.522034","-85.00607","-5","1"
"40366","Preston","KY","38.086673","-83.757123","-5","1"
"40370","Sadieville","KY","38.399525","-84.53353","-5","1"
"40371","Salt Lick","KY","38.087867","-83.61146","-5","1"
"40372","Salvisa","KY","37.911825","-84.88657","-5","1"
"40374","Sharpsburg","KY","38.201485","-83.91734","-5","1"
"40376","Slade","KY","37.78422","-83.69224","-5","1"
"40379","Stamping Ground","KY","38.29617","-84.69614","-5","1"
"40380","Stanton","KY","37.838747","-83.8099","-5","1"
"40383","Versailles","KY","38.042639","-84.73189","-5","1"
"40384","Versailles","KY","38.021292","-84.745488","-5","1"
"40385","Waco","KY","37.724497","-84.11389","-5","1"
"40386","Versailles","KY","38.021292","-84.745488","-5","1"
"40387","Wellington","KY","37.929101","-83.49464","-5","1"
"40390","Wilmore","KY","37.85743","-84.66069","-5","1"
"40391","Winchester","KY","37.98223","-84.17023","-5","1"
"40392","Winchester","KY","37.968496","-84.157766","-5","1"
"40402","Annville","KY","37.29409","-83.9759","-5","1"
"40403","Berea","KY","37.575568","-84.27767","-5","1"
"40404","Berea","KY","37.716443","-84.299699","-5","1"
"40405","Bighill","KY","37.716443","-84.299699","-5","1"
"40409","Brodhead","KY","37.374681","-84.41808","-5","1"
"40410","Bryantsville","KY","37.651397","-84.546693","-5","1"
"40419","Crab Orchard","KY","37.455879","-84.48753","-5","1"
"40421","Dabolt","KY","37.416008","-83.993588","-5","1"
"40422","Danville","KY","37.644426","-84.78862","-5","1"
"40423","Danville","KY","37.624659","-84.845767","-5","1"
"40434","Gray Hawk","KY","37.395468","-83.908492","-5","1"
"40437","Hustonville","KY","37.431549","-84.81256","-5","1"
"40440","Junction City","KY","37.583748","-84.80855","-5","1"
"40442","Kings Mountain","KY","37.351449","-84.7219","-5","1"
"40444","Lancaster","KY","37.667083","-84.59496","-5","1"
"40445","Livingston","KY","37.302783","-84.21527","-5","1"
"40446","Lancaster","KY","37.651397","-84.546693","-5","1"
"40447","McKee","KY","37.457017","-84.03435","-5","1"
"40448","McKinney","KY","37.460003","-84.75676","-5","1"
"40452","Mitchellsburg","KY","37.603345","-84.94918","-5","1"
"40456","Mount Vernon","KY","37.36766","-84.33233","-5","1"
"40460","Orlando","KY","37.406069","-84.24292","-5","1"
"40461","Paint Lick","KY","37.59483","-84.40789","-5","1"
"40464","Parksville","KY","37.55081","-84.90009","-5","1"
"40467","Peoples","KY","37.416008","-83.993588","-5","1"
"40468","Perryville","KY","37.65487","-84.98037","-5","1"
"40469","Brodhead","KY","37.40382","-84.405839","-5","1"
"40472","Ravenna","KY","37.703394","-83.91384","-5","1"
"40473","Renfro Valley","KY","37.345751","-84.31614","-5","1"
"40475","Richmond","KY","37.745999","-84.28433","-5","1"
"40476","Richmond","KY","37.716443","-84.299699","-5","1"
"40481","Sandgap","KY","37.43424","-84.09155","-5","1"
"40484","Stanford","KY","37.520836","-84.6735","-5","1"
"40486","Tyner","KY","37.369321","-83.85889","-5","1"
"40488","Waneta","KY","37.471602","-84.03936","-5","1"
"40489","Waynesburg","KY","37.351221","-84.62099","-5","1"
"40492","Wildie","KY","37.345751","-84.31614","-5","1"
"40495","Winston","KY","37.709721","-84.082894","-5","1"
"40501","Lexington","KY","38.037847","-84.61645","-5","1"
"40502","Lexington","KY","38.017219","-84.4859","-5","1"
"40503","Lexington","KY","38.007898","-84.53452","-5","1"
"40504","Lexington","KY","38.039322","-84.54259","-5","1"
"40505","Lexington","KY","38.058477","-84.46109","-5","1"
"40506","Lexington","KY","38.028712","-84.507471","-5","1"
"40507","Lexington","KY","38.047408","-84.49627","-5","1"
"40508","Lexington","KY","38.051727","-84.49336","-5","1"
"40509","Lexington","KY","38.005199","-84.40954","-5","1"
"40510","Lexington","KY","38.064087","-84.60713","-5","1"
"40511","Lexington","KY","38.105283","-84.50775","-5","1"
"40512","Lexington","KY","38.028269","-84.471505","-5","1"
"40513","Lexington","KY","38.010247","-84.58619","-5","1"
"40514","Lexington","KY","37.984907","-84.56691","-5","1"
"40515","Lexington","KY","37.952113","-84.45347","-5","1"
"40516","Lexington","KY","38.071981","-84.38559","-5","1"
"40517","Lexington","KY","37.985128","-84.48874","-5","1"
"40522","Lexington","KY","38.028269","-84.471505","-5","1"
"40523","Lexington","KY","38.028269","-84.471505","-5","1"
"40524","Lexington","KY","38.028269","-84.471505","-5","1"
"40526","Lexington","KY","38.028269","-84.471505","-5","1"
"40533","Lexington","KY","38.028269","-84.471505","-5","1"
"40536","Lexington","KY","38.032075","-84.508361","-5","1"
"40544","Lexington","KY","38.028269","-84.471505","-5","1"
"40546","Lexington","KY","38.028269","-84.471505","-5","1"
"40550","Lexington","KY","38.028269","-84.471505","-5","1"
"40555","Lexington","KY","38.028269","-84.471505","-5","1"
"40574","Lexington","KY","38.028269","-84.471505","-5","1"
"40575","Lexington","KY","38.028269","-84.471505","-5","1"
"40576","Lexington","KY","38.028269","-84.471505","-5","1"
"40577","Lexington","KY","38.028269","-84.471505","-5","1"
"40578","Lexington","KY","38.028269","-84.471505","-5","1"
"40579","Lexington","KY","38.028269","-84.471505","-5","1"
"40580","Lexington","KY","38.028269","-84.471505","-5","1"
"40581","Lexington","KY","38.028269","-84.471505","-5","1"
"40582","Lexington","KY","38.028269","-84.471505","-5","1"
"40583","Lexington","KY","38.028269","-84.471505","-5","1"
"40584","Lexington","KY","38.028269","-84.471505","-5","1"
"40585","Lexington","KY","38.028269","-84.471505","-5","1"
"40586","Lexington","KY","38.028269","-84.471505","-5","1"
"40587","Lexington","KY","38.028269","-84.471505","-5","1"
"40588","Lexington","KY","38.028269","-84.471505","-5","1"
"40589","Lexington","KY","38.028269","-84.471505","-5","1"
"40590","Lexington","KY","38.028269","-84.471505","-5","1"
"40591","Lexington","KY","38.028269","-84.471505","-5","1"
"40592","Lexington","KY","38.028269","-84.471505","-5","1"
"40593","Lexington","KY","38.028269","-84.471505","-5","1"
"40594","Lexington","KY","38.028269","-84.471505","-5","1"
"40595","Lexington","KY","38.028269","-84.471505","-5","1"
"40596","Lexington","KY","38.028269","-84.471505","-5","1"
"40601","Frankfort","KY","38.201649","-84.86935","-5","1"
"40602","Frankfort","KY","38.234133","-84.874809","-5","1"
"40603","Frankfort","KY","38.234133","-84.874809","-5","1"
"40604","Frankfort","KY","38.234133","-84.874809","-5","1"
"40618","Frankfort","KY","38.234133","-84.874809","-5","1"
"40619","Frankfort","KY","38.234133","-84.874809","-5","1"
"40620","Frankfort","KY","38.234133","-84.874809","-5","1"
"40621","Frankfort","KY","38.234133","-84.874809","-5","1"
"40622","Frankfort","KY","38.234133","-84.874809","-5","1"
"40695","Middlesborough","KY","36.608426","-83.731809","-5","1"
"40701","Corbin","KY","36.942035","-84.10685","-5","1"
"40702","Corbin","KY","36.937426","-84.1031","-5","1"
"40724","Bush","KY","37.152074","-84.140847","-5","1"
"40729","East Bernstadt","KY","37.231717","-84.13026","-5","1"
"40730","Emlyn","KY","36.705162","-84.14595","-5","1"
"40734","Gray","KY","36.930995","-83.98146","-5","1"
"40737","Keavy","KY","36.990797","-84.14124","-5","1"
"40740","Lily","KY","37.015283","-84.05872","-5","1"
"40741","London","KY","37.143828","-84.07839","-5","1"
"40742","London","KY","37.137615","-84.115617","-5","1"
"40743","London","KY","37.134455","-84.045746","-5","1"
"40744","London","KY","37.060576","-84.071","-5","1"
"40745","London","KY","37.137615","-84.115617","-5","1"
"40746","London","KY","37.137615","-84.115617","-5","1"
"40747","London","KY","37.137615","-84.115617","-5","1"
"40748","London","KY","37.137615","-84.115617","-5","1"
"40751","Marydell","KY","37.137615","-84.115617","-5","1"
"40754","Nevisdale","KY","36.780333","-84.11678","-5","1"
"40755","Pittsburg","KY","37.167752","-84.116614","-5","1"
"40759","Rockholds","KY","36.817151","-84.05917","-5","1"
"40763","Siler","KY","36.681189","-83.95156","-5","1"
"40769","Williamsburg","KY","36.709853","-84.1508","-5","1"
"40771","Woodbine","KY","36.888978","-84.05237","-5","1"
"40801","Ages Brookside","KY","36.858906","-83.2528","-5","1"
"40803","Asher","KY","37.046365","-83.42003","-5","1"
"40806","Baxter","KY","36.872801","-83.30778","-5","1"
"40807","Benham","KY","36.963608","-82.95015","-5","1"
"40808","Big Laurel","KY","36.981495","-83.25264","-5","1"
"40810","Bledsoe","KY","36.91707","-83.32399","-5","1"
"40813","Calvin","KY","36.737835","-83.60248","-5","1"
"40815","Cawood","KY","36.781517","-83.22904","-5","1"
"40816","Chappell","KY","36.987495","-83.32795","-5","1"
"40818","Coalgood","KY","36.807137","-83.26552","-5","1"
"40819","Coldiron","KY","36.827233","-83.4645","-5","1"
"40820","Cranks","KY","36.766134","-83.16117","-5","1"
"40823","Cumberland","KY","36.972292","-82.99572","-5","1"
"40824","Dayhoit","KY","36.840955","-83.37539","-5","1"
"40826","Eolia","KY","37.048238","-82.81775","-5","1"
"40827","Essie","KY","37.043142","-83.48892","-5","1"
"40828","Evarts","KY","36.86772","-83.17747","-5","1"
"40829","Grays Knob","KY","36.797447","-83.264497","-5","1"
"40830","Gulston","KY","36.772301","-83.33415","-5","1"
"40831","Harlan","KY","36.828285","-83.31856","-5","1"
"40840","Helton","KY","36.949181","-83.43129","-5","1"
"40843","Holmes Mill","KY","36.868363","-82.96607","-5","1"
"40844","Hoskinston","KY","37.058837","-83.38533","-5","1"
"40845","Hulen","KY","36.786271","-83.52009","-5","1"
"40847","Kenvir","KY","36.852687","-83.15917","-5","1"
"40849","Lejunior","KY","36.885169","-83.12461","-5","1"
"40854","Loyall","KY","36.85107","-83.35315","-5","1"
"40855","Lynch","KY","36.96222","-82.90522","-5","1"
"40856","Miracle","KY","36.726258","-83.54969","-5","1"
"40858","Mozelle","KY","37.018413","-83.39768","-5","1"
"40862","Partridge","KY","37.004426","-82.89858","-5","1"
"40863","Pathfork","KY","36.753043","-83.44991","-5","1"
"40865","Putney","KY","36.901802","-83.24129","-5","1"
"40867","Smith","KY","36.712383","-83.33711","-5","1"
"40868","Stinnett","KY","37.11181","-83.39265","-5","1"
"40870","Totz","KY","36.930024","-83.15467","-5","1"
"40873","Wallins Creek","KY","36.823334","-83.41058","-5","1"
"40874","Warbranch","KY","36.982545","-83.48003","-5","1"
"40902","Arjay","KY","36.836208","-83.63388","-5","1"
"40903","Artemus","KY","36.825088","-83.8385","-5","1"
"40906","Barbourville","KY","36.853913","-83.88501","-5","1"
"40913","Beverly","KY","36.942094","-83.53262","-5","1"
"40914","Big Creek","KY","37.112359","-83.56789","-5","1"
"40915","Bimble","KY","36.887081","-83.81552","-5","1"
"40921","Bryants Store","KY","36.72179","-83.90657","-5","1"
"40923","Cannon","KY","36.920165","-83.85699","-5","1"
"40927","Closplint","KY","36.889259","-83.05265","-5","1"
"40930","Dewitt","KY","36.855044","-83.739","-5","1"
"40931","Eriline","KY","37.147687","-83.737014","-5","1"
"40932","Fall Rock","KY","37.147687","-83.737014","-5","1"
"40935","Flat Lick","KY","36.867971","-83.74576","-5","1"
"40939","Fourmile","KY","36.871254","-83.829985","-5","1"
"40940","Frakes","KY","36.607234","-83.92535","-5","1"
"40941","Garrard","KY","37.176075","-83.66608","-5","1"
"40943","Girdler","KY","36.947113","-83.8506","-5","1"
"40944","Goose Rock","KY","37.147687","-83.737014","-5","1"
"40946","Green Road","KY","36.966634","-83.83413","-5","1"
"40949","Heidrick","KY","36.897618","-83.87252","-5","1"
"40951","Hima","KY","37.147687","-83.737014","-5","1"
"40953","Hinkle","KY","36.943114","-83.81984","-5","1"
"40955","Ingram","KY","36.769184","-83.708181","-5","1"
"40958","Kettle Island","KY","36.793291","-83.58725","-5","1"
"40962","Manchester","KY","37.164346","-83.76674","-5","1"
"40964","Mary Alice","KY","36.842977","-83.183446","-5","1"
"40965","Middlesboro","KY","36.617181","-83.72186","-5","1"
"40972","Oneida","KY","37.25398","-83.61901","-5","1"
"40977","Pineville","KY","36.750028","-83.72023","-5","1"
"40979","Roark","KY","37.016332","-83.51075","-5","1"
"40981","Saul","KY","37.331259","-83.386991","-5","1"
"40982","Scalf","KY","36.933443","-83.70088","-5","1"
"40983","Sextons Creek","KY","37.32832","-83.7488","-5","1"
"40988","Stoney Fork","KY","36.842522","-83.51851","-5","1"
"40995","Trosper","KY","36.78737","-83.81508","-5","1"
"40997","Walker","KY","36.888893","-83.66257","-5","1"
"40999","Woollum","KY","37.005242","-83.80508","-5","1"
"41000","Fort Mitchell","KY","39.0358","-84.546445","-5","1"
"41001","Alexandria","KY","38.946893","-84.38652","-5","1"
"41002","Augusta","KY","38.76189","-83.99683","-5","1"
"41003","Berry","KY","38.535065","-84.38904","-5","1"
"41004","Brooksville","KY","38.677837","-84.09411","-5","1"
"41005","Burlington","KY","39.020466","-84.74158","-5","1"
"41006","Butler","KY","38.796981","-84.33792","-5","1"
"41007","California","KY","38.910255","-84.28194","-5","1"
"41008","Carrollton","KY","38.663328","-85.16803","-5","1"
"41010","Corinth","KY","38.484843","-84.61017","-5","1"
"41011","Covington","KY","39.0752","-84.52064","-5","1"
"41012","Covington","KY","38.944663","-84.520501","-5","1"
"41014","Covington","KY","39.067811","-84.5039","-5","1"
"41015","Latonia","KY","39.013062","-84.49419","-5","1"
"41016","Covington","KY","39.087593","-84.55057","-5","1"
"41017","Ft Mitchell","KY","39.036361","-84.56801","-5","1"
"41018","Erlanger","KY","39.013755","-84.60229","-5","1"
"41019","Covington","KY","38.944663","-84.520501","-5","1"
"41022","Florence","KY","38.962372","-84.747789","-5","1"
"41030","Crittenden","KY","38.788439","-84.602","-5","1"
"41031","Cynthiana","KY","38.397678","-84.2939","-5","1"
"41033","De Mossville","KY","38.773111","-84.44889","-5","1"
"41034","Dover","KY","38.730747","-83.88762","-5","1"
"41035","Dry Ridge","KY","38.691006","-84.6418","-5","1"
"41037","Elizaville","KY","38.3481","-83.718626","-5","1"
"41039","Ewing","KY","38.424954","-83.86286","-5","1"
"41040","Falmouth","KY","38.656527","-84.32811","-5","1"
"41041","Flemingsburg","KY","38.418131","-83.72497","-5","1"
"41042","Florence","KY","38.983853","-84.64401","-5","1"
"41043","Foster","KY","38.765448","-84.16998","-5","1"
"41044","Germantown","KY","38.63785","-83.96651","-5","1"
"41045","Ghent","KY","38.724439","-85.05007","-5","1"
"41046","Glencoe","KY","38.742296","-84.81223","-5","1"
"41048","Hebron","KY","39.0805","-84.68754","-5","1"
"41049","Hillsboro","KY","38.286314","-83.6512","-5","1"
"41051","Independence","KY","38.941953","-84.54902","-5","1"
"41052","Jonesville","KY","38.6622","-84.77495","-5","1"
"41053","Kenton","KY","38.944663","-84.520501","-5","1"
"41054","Mason","KY","38.593226","-84.578552","-5","1"
"41055","Mayslick","KY","38.52217","-83.85894","-5","1"
"41056","Maysville","KY","38.624534","-83.76561","-5","1"
"41059","Melbourne","KY","39.022732","-84.36575","-5","1"
"41061","Milford","KY","38.688556","-84.070074","-5","1"
"41062","Minerva","KY","38.719573","-83.910276","-5","1"
"41063","Morning View","KY","38.842166","-84.48802","-5","1"
"41064","Mount Olivet","KY","38.508638","-84.05145","-5","1"
"41065","Muses Mills","KY","38.3481","-83.718626","-5","1"
"41071","Newport","KY","39.08347","-84.48681","-5","1"
"41072","Newport","KY","38.963761","-84.368926","-5","1"
"41073","Bellevue","KY","39.103011","-84.47987","-5","1"
"41074","Dayton","KY","39.10941","-84.46986","-5","1"
"41075","Fort Thomas","KY","39.076011","-84.45127","-5","1"
"41076","Newport","KY","39.019185","-84.44204","-5","1"
"41080","Petersburg","KY","39.062761","-84.85236","-5","1"
"41081","Plummers Landing","KY","38.3481","-83.718626","-5","1"
"41083","Sanders","KY","38.666588","-84.96756","-5","1"
"41085","Silver Grove","KY","39.034293","-84.39156","-5","1"
"41086","Sparta","KY","38.709838","-84.88807","-5","1"
"41091","Union","KY","38.930285","-84.71603","-5","1"
"41092","Verona","KY","38.815335","-84.68485","-5","1"
"41093","Wallingford","KY","38.37106","-83.57103","-5","1"
"41094","Walton","KY","38.87872","-84.62558","-5","1"
"41095","Warsaw","KY","38.775686","-84.89756","-5","1"
"41096","Washington","KY","38.61225","-83.808021","-5","1"
"41097","Williamstown","KY","38.628866","-84.5679","-5","1"
"41098","Worthville","KY","38.60395","-85.03388","-5","1"
"41099","Newport","KY","38.963761","-84.368926","-5","1"
"41101","Ashland","KY","38.473961","-82.64532","-5","1"
"41102","Ashland","KY","38.439526","-82.6932","-5","1"
"41105","Ashland","KY","38.370285","-82.694757","-5","1"
"41114","Ashland","KY","38.370285","-82.694757","-5","1"
"41121","Argillite","KY","38.456608","-82.82615","-5","1"
"41124","Blaine","KY","38.028476","-82.84781","-5","1"
"41127","Camp Dix","KY","38.602881","-83.361625","-5","1"
"41128","Carter","KY","38.433912","-83.133597","-5","1"
"41129","Catlettsburg","KY","38.360669","-82.61836","-5","1"
"41132","Denton","KY","38.251159","-82.83496","-5","1"
"41135","Emerson","KY","38.365096","-83.27206","-5","1"
"41137","Firebrick","KY","38.688142","-83.04838","-5","1"
"41139","Flatwoods","KY","38.52032","-82.72175","-5","1"
"41141","Garrison","KY","38.570194","-83.14301","-5","1"
"41142","Grahn","KY","38.282767","-83.0727","-5","1"
"41143","Grayson","KY","38.323106","-82.94997","-5","1"
"41144","Greenup","KY","38.552472","-82.86514","-5","1"
"41146","Hitchins","KY","38.272476","-82.90494","-5","1"
"41149","Isonville","KY","38.061324","-83.05005","-5","1"
"41150","Jacobs","KY","38.225087","-83.242129","-5","1"
"41156","Lloyd","KY","38.565211","-82.916586","-5","1"
"41159","Martha","KY","38.019104","-82.9507","-5","1"
"41160","Mazie","KY","38.074113","-82.744663","-5","1"
"41163","Grayson","KY","38.338445","-82.939541","-5","1"
"41164","Olive Hill","KY","38.292177","-83.18381","-5","1"
"41166","Quincy","KY","38.630683","-83.11739","-5","1"
"41168","Rush","KY","38.298546","-82.77714","-5","1"
"41169","Russell","KY","38.538456","-82.70856","-5","1"
"41170","Saint Paul","KY","38.68177","-83.0695","-5","1"
"41171","Sandy Hook","KY","38.089097","-83.09554","-5","1"
"41173","Soldier","KY","38.262029","-83.28472","-5","1"
"41174","South Portsmouth","KY","38.71293","-83.02353","-5","1"
"41175","South Shore","KY","38.676695","-82.9686","-5","1"
"41179","Vanceburg","KY","38.530915","-83.38506","-5","1"
"41180","Webbville","KY","38.132937","-82.85098","-5","1"
"41181","Willard","KY","38.204459","-82.907615","-5","1"
"41183","Worthington","KY","38.54912","-82.73508","-5","1"
"41189","Tollesboro","KY","38.546281","-83.55909","-5","1"
"41201","Adams","KY","38.076051","-82.73975","-5","1"
"41203","Beauty","KY","37.846064","-82.44835","-5","1"
"41204","Boons Camp","KY","37.81711","-82.68897","-5","1"
"41214","Debord","KY","37.775385","-82.57034","-5","1"
"41215","Denver","KY","37.771963","-82.865092","-5","1"
"41216","East Point","KY","37.756007","-82.81931","-5","1"
"41219","Flatgap","KY","37.933492","-82.90279","-5","1"
"41222","Hagerhill","KY","37.780917","-82.82744","-5","1"
"41224","Inez","KY","37.866327","-82.52903","-5","1"
"41226","Keaton","KY","37.992794","-82.94551","-5","1"
"41228","Leander","KY","37.752473","-82.87484","-5","1"
"41230","Louisa","KY","38.071237","-82.64062","-5","1"
"41231","Lovely","KY","37.810757","-82.39411","-5","1"
"41232","Lowmansville","KY","37.916701","-82.73746","-5","1"
"41234","Meally","KY","37.795418","-82.7337","-5","1"
"41238","Oil Springs","KY","37.841448","-82.94106","-5","1"
"41240","Paintsville","KY","37.823275","-82.78167","-5","1"
"41250","Pilgrim","KY","37.758445","-82.48919","-5","1"
"41254","River","KY","37.887278","-82.73688","-5","1"
"41255","Sitka","KY","37.916221","-82.83962","-5","1"
"41256","Staffordsville","KY","37.832617","-82.86299","-5","1"
"41257","Stambaugh","KY","37.940709","-82.81233","-5","1"
"41260","Thelma","KY","37.831324","-82.76039","-5","1"
"41262","Tomahawk","KY","37.855873","-82.62091","-5","1"
"41263","Tutor Key","KY","37.8583","-82.7598","-5","1"
"41264","Ulysses","KY","37.935529","-82.68331","-5","1"
"41265","Van Lear","KY","37.761356","-82.72165","-5","1"
"41267","Warfield","KY","37.855146","-82.41666","-5","1"
"41268","West Van Lear","KY","37.789291","-82.78437","-5","1"
"41271","Williamsport","KY","37.831277","-82.726407","-5","1"
"41274","Wittensville","KY","37.86388","-82.80914","-5","1"
"41301","Campton","KY","37.716311","-83.51835","-5","1"
"41307","Athol","KY","37.515013","-83.26432","-5","1"
"41310","Bays","KY","37.640938","-83.24466","-5","1"
"41311","Beattyville","KY","37.578547","-83.70348","-5","1"
"41313","Bethany","KY","37.740503","-83.475446","-5","1"
"41314","Booneville","KY","37.430777","-83.66771","-5","1"
"41317","Clayhole","KY","37.461944","-83.18256","-5","1"
"41332","Hazel Green","KY","37.797688","-83.36866","-5","1"
"41333","Heidelberg","KY","37.556255","-83.776253","-5","1"
"41338","Island City","KY","37.398617","-83.704908","-5","1"
"41339","Jackson","KY","37.533559","-83.34547","-5","1"
"41342","Lee City","KY","37.740503","-83.475446","-5","1"
"41344","Lerose","KY","37.502641","-83.62117","-5","1"
"41347","Lone","KY","37.54418","-83.600784","-5","1"
"41348","Lost Creek","KY","37.426337","-83.29911","-5","1"
"41351","Mistletoe","KY","37.398617","-83.704908","-5","1"
"41352","Mize","KY","37.914002","-83.233761","-5","1"
"41360","Pine Ridge","KY","37.791388","-83.64971","-5","1"
"41362","Primrose","KY","37.60332","-83.713974","-5","1"
"41364","Ricetown","KY","37.382832","-83.62327","-5","1"
"41365","Rogers","KY","37.711278","-83.63647","-5","1"
"41366","Rousseau","KY","37.593059","-83.287774","-5","1"
"41367","Rowdy","KY","37.383285","-83.2404","-5","1"
"41368","Saint Helens","KY","37.611684","-83.64341","-5","1"
"41377","Talbert","KY","37.416002","-83.44991","-5","1"
"41385","Vancleve","KY","37.635723","-83.35077","-5","1"
"41386","Vincent","KY","37.473347","-83.81722","-5","1"
"41390","Whick","KY","37.424083","-83.37595","-5","1"
"41397","Zoe","KY","37.643659","-83.67763","-5","1"
"41408","Cannel City","KY","37.792272","-83.28137","-5","1"
"41410","Cisco","KY","37.690636","-83.074592","-5","1"
"41413","Crockett","KY","37.970507","-83.125202","-5","1"
"41419","Edna","KY","37.690636","-83.074592","-5","1"
"41421","Elkfork","KY","37.997666","-83.16103","-5","1"
"41422","Elsie","KY","37.690636","-83.074592","-5","1"
"41425","Ezel","KY","37.891486","-83.44413","-5","1"
"41426","Falcon","KY","37.784924","-82.99783","-5","1"
"41433","Gapville","KY","37.690636","-83.074592","-5","1"
"41444","Ivyton","KY","37.690636","-83.074592","-5","1"
"41451","Malone","KY","37.914002","-83.233761","-5","1"
"41459","Ophir","KY","37.914002","-83.233761","-5","1"
"41463","Salyersville","KY","37.745824","-83.073603","-5","1"
"41464","Royalton","KY","37.65026","-82.94544","-5","1"
"41465","Salyersville","KY","37.736751","-83.08652","-5","1"
"41472","West Liberty","KY","37.932283","-83.23821","-5","1"
"41477","Wrigley","KY","37.914002","-83.233761","-5","1"
"41501","Pikeville","KY","37.478169","-82.5189","-5","1"
"41502","Pikeville","KY","37.481637","-82.550507","-5","1"
"41503","South Williamson","KY","37.67059","-82.28465","-5","1"
"41512","Ashcamp","KY","37.254188","-82.47961","-5","1"
"41513","Belcher","KY","37.357536","-82.3631","-5","1"
"41514","Belfry","KY","37.672296","-82.30442","-5","1"
"41517","Burdine","KY","37.184477","-82.61109","-5","1"
"41519","Canada","KY","37.60512","-82.31477","-5","1"
"41520","Dorton","KY","37.279027","-82.57732","-5","1"
"41522","Elkhorn City","KY","37.300397","-82.39516","-5","1"
"41524","Fedscreek","KY","37.424071","-82.23762","-5","1"
"41526","Fords Branch","KY","37.437194","-82.518527","-5","1"
"41527","Forest Hills","KY","37.641773","-82.27793","-5","1"
"41528","Freeburn","KY","37.561944","-82.13471","-5","1"
"41531","Hardy","KY","37.599893","-82.23349","-5","1"
"41534","Hellier","KY","37.2701","-82.48553","-5","1"
"41535","Huddy","KY","37.598267","-82.27611","-5","1"
"41537","Jenkins","KY","37.192483","-82.6235","-5","1"
"41538","Jonancy","KY","37.314335","-82.59506","-5","1"
"41539","Kimper","KY","37.504315","-82.32797","-5","1"
"41540","Lick Creek","KY","37.396574","-82.33349","-5","1"
"41542","Lookout","KY","37.314848","-82.464979","-5","1"
"41543","McAndrews","KY","37.553553","-82.28283","-5","1"
"41544","McCarr","KY","37.59865","-82.16836","-5","1"
"41546","McVeigh","KY","37.550374","-82.25703","-5","1"
"41547","Majestic","KY","37.544224","-82.06488","-5","1"
"41548","Mouthcard","KY","37.369612","-82.23523","-5","1"
"41549","Myra","KY","37.293386","-82.60019","-5","1"
"41553","Phelps","KY","37.506174","-82.15907","-5","1"
"41554","Phyllis","KY","37.445906","-82.32708","-5","1"
"41555","Pinsonfork","KY","37.52976","-82.26665","-5","1"
"41557","Raccoon","KY","37.514166","-82.43625","-5","1"
"41558","Ransom","KY","37.533643","-82.21145","-5","1"
"41559","Regina","KY","37.364548","-82.40573","-5","1"
"41560","Robinson Creek","KY","37.389786","-82.55812","-5","1"
"41561","Rockhouse","KY","37.33162","-82.462574","-5","1"
"41562","Shelbiana","KY","37.416995","-82.4571","-5","1"
"41563","Shelby Gap","KY","37.216465","-82.54639","-5","1"
"41564","Sidney","KY","37.610331","-82.36125","-5","1"
"41566","Steele","KY","37.417254","-82.18823","-5","1"
"41567","Stone","KY","37.560929","-82.28796","-5","1"
"41568","Stopover","KY","37.49947","-82.05643","-5","1"
"41569","Toler","KY","37.633524","-82.25408","-5","1"
"41571","Varney","KY","37.625031","-82.38704","-5","1"
"41572","Virgie","KY","37.322411","-82.61598","-5","1"
"41601","Allen","KY","37.611434","-82.72503","-5","1"
"41602","Auxier","KY","37.73696","-82.74012","-5","1"
"41603","Banner","KY","37.601078","-82.69496","-5","1"
"41604","Beaver","KY","37.370358","-82.66944","-5","1"
"41605","Betsy Layne","KY","37.554631","-82.63174","-5","1"
"41606","Bevinsville","KY","37.362943","-82.73277","-5","1"
"41607","Blue River","KY","37.617197","-82.85634","-5","1"
"41612","Bypro","KY","37.358509","-82.7207","-5","1"
"41615","Dana","KY","37.550496","-82.6933","-5","1"
"41616","David","KY","37.587133","-82.87272","-5","1"
"41619","Drift","KY","37.496608","-82.75942","-5","1"
"41621","Dwale","KY","37.623492","-82.72417","-5","1"
"41622","Eastern","KY","37.514748","-82.81097","-5","1"
"41630","Garrett","KY","37.470216","-82.8409","-5","1"
"41631","Grethel","KY","37.479754","-82.64922","-5","1"
"41632","Gunlock","KY","37.555846","-82.94995","-5","1"
"41635","Harold","KY","37.509291","-82.63494","-5","1"
"41636","Hi Hat","KY","37.398774","-82.73257","-5","1"
"41640","Hueysville","KY","37.493888","-82.94192","-5","1"
"41642","Ivel","KY","37.587011","-82.66028","-5","1"
"41643","Lackey","KY","37.470999","-82.829405","-5","1"
"41645","Langley","KY","37.544465","-82.80178","-5","1"
"41647","McDowell","KY","37.449076","-82.7264","-5","1"
"41649","Martin","KY","37.568873","-82.75937","-5","1"
"41650","Melvin","KY","37.351125","-82.69298","-5","1"
"41651","Minnie","KY","37.465744","-82.75492","-5","1"
"41653","Prestonsburg","KY","37.667872","-82.75876","-5","1"
"41655","Printer","KY","37.511126","-82.72053","-5","1"
"41659","Stanville","KY","37.569845","-82.62562","-5","1"
"41660","Teaberry","KY","37.428801","-82.64374","-5","1"
"41663","Tram","KY","37.568942","-82.64774","-5","1"
"41666","Wayland","KY","37.446983","-82.80852","-5","1"
"41667","Weeksbury","KY","37.322234","-82.69699","-5","1"
"41668","West Prestonsburg","KY","37.670986","-82.760975","-5","1"
"41669","Wheelwright","KY","37.331465","-82.71906","-5","1"
"41701","Hazard","KY","37.274854","-83.19061","-5","1"
"41702","Hazard","KY","37.320076","-83.206495","-5","1"
"41705","Fort Thomas","KY","39.08359","-84.450912","-5","1"
"41712","Ary","KY","37.373384","-83.15186","-5","1"
"41713","Avawam","KY","37.22539","-83.273609","-5","1"
"41714","Bear Branch","KY","37.163342","-83.51527","-5","1"
"41719","Bonnyman","KY","37.295365","-83.25414","-5","1"
"41721","Buckhorn","KY","37.325318","-83.49048","-5","1"
"41722","Bulan","KY","37.369312","-83.1156","-5","1"
"41723","Busy","KY","37.257714","-83.31253","-5","1"
"41725","Carrie","KY","37.33195","-83.02976","-5","1"
"41727","Chavies","KY","37.350689","-83.34049","-5","1"
"41729","Combs","KY","37.266633","-83.21226","-5","1"
"41730","Confluence","KY","37.263348","-83.39943","-5","1"
"41731","Cornettsville","KY","37.115385","-83.08501","-5","1"
"41735","Delphia","KY","37.029744","-83.08919","-5","1"
"41736","Dice","KY","37.370521","-83.23714","-5","1"
"41739","Dwarf","KY","37.348289","-83.11137","-5","1"
"41740","Emmalena","KY","37.348377","-83.04938","-5","1"
"41743","Fisty","KY","37.30636","-83.090441","-5","1"
"41745","Gays Creek","KY","37.328336","-83.4399","-5","1"
"41746","Happy","KY","37.204045","-83.09845","-5","1"
"41747","Hardburly","KY","37.300202","-83.122477","-5","1"
"41749","Hyden","KY","37.17621","-83.38301","-5","1"
"41751","Jeff","KY","37.207333","-83.13361","-5","1"
"41754","Krypton","KY","37.31629","-83.33267","-5","1"
"41759","Sassafras","KY","37.229381","-83.03409","-5","1"
"41760","Scuddy","KY","37.205562","-83.08055","-5","1"
"41762","Sizerock","KY","37.223635","-83.50599","-5","1"
"41763","Slemp","KY","37.04877","-83.13904","-5","1"
"41764","Smilax","KY","37.113248","-83.24326","-5","1"
"41766","Thousandsticks","KY","37.187088","-83.44978","-5","1"
"41772","Vest","KY","37.393894","-83.02313","-5","1"
"41773","Vicco","KY","37.221636","-83.05627","-5","1"
"41774","Viper","KY","37.158397","-83.13673","-5","1"
"41775","Wendover","KY","37.10014","-83.34647","-5","1"
"41776","Wooton","KY","37.167173","-83.2852","-5","1"
"41777","Yeaddiss","KY","37.065439","-83.22479","-5","1"
"41778","Yerkes","KY","37.279297","-83.3187","-5","1"
"41804","Blackey","KY","37.141017","-82.99081","-5","1"
"41810","Cromona","KY","37.185228","-82.69447","-5","1"
"41812","Deane","KY","37.241284","-82.75013","-5","1"
"41815","Ermine","KY","37.150537","-82.79468","-5","1"
"41817","Garner","KY","37.36778","-82.91535","-5","1"
"41819","Gordon","KY","36.98586","-83.06497","-5","1"
"41821","Hallie","KY","37.088069","-82.99728","-5","1"
"41822","Hindman","KY","37.333551","-82.97212","-5","1"
"41824","Isom","KY","37.194426","-82.88714","-5","1"
"41825","Jackhorn","KY","37.215305","-82.70468","-5","1"
"41826","Jeremiah","KY","37.164562","-82.93047","-5","1"
"41828","Kite","KY","37.303276","-82.77851","-5","1"
"41831","Leburn","KY","37.387358","-82.95633","-5","1"
"41832","Letcher","KY","37.148006","-82.95634","-5","1"
"41833","Linefork","KY","37.021403","-82.98159","-5","1"
"41834","Littcarr","KY","37.270358","-82.9403","-5","1"
"41835","McRoberts","KY","37.205961","-82.67347","-5","1"
"41836","Mallie","KY","37.245041","-82.8955","-5","1"
"41837","Mayking","KY","37.135518","-82.74606","-5","1"
"41838","Millstone","KY","37.168682","-82.75036","-5","1"
"41839","Mousie","KY","37.420362","-82.87543","-5","1"
"41840","Neon","KY","37.195448","-82.71232","-5","1"
"41843","Pine Top","KY","37.273854","-82.86011","-5","1"
"41844","Pippa Passes","KY","37.334629","-82.87549","-5","1"
"41845","Premium","KY","37.123583","-82.93216","-5","1"
"41847","Redfox","KY","37.21583","-82.95449","-5","1"
"41848","Roxana","KY","37.110216","-82.94073","-5","1"
"41849","Seco","KY","37.172969","-82.72934","-5","1"
"41855","Thornton","KY","37.156856","-82.76167","-5","1"
"41858","Whitesburg","KY","37.130559","-82.83185","-5","1"
"41859","Dema","KY","37.392257","-82.78204","-5","1"
"41861","Raven","KY","37.386051","-82.83138","-5","1"
"41862","Topmost","KY","37.357624","-82.79564","-5","1"
"42001","Paducah","KY","37.066543","-88.65687","-6","1"
"42002","Paducah","KY","37.085511","-88.71247","-6","1"
"42003","Paducah","KY","37.044233","-88.59046","-6","1"
"42011","Fredonia","KY","37.220735","-88.061294","-6","1"
"42020","Almo","KY","36.697107","-88.29836","-6","1"
"42021","Arlington","KY","36.796741","-88.997","-6","1"
"42022","Bandana","KY","37.149003","-88.94252","-6","1"
"42023","Bardwell","KY","36.881954","-88.98347","-6","1"
"42024","Barlow","KY","37.071352","-89.04326","-6","1"
"42025","Benton","KY","36.854812","-88.33515","-6","1"
"42027","Boaz","KY","36.92516","-88.63778","-6","1"
"42028","Burna","KY","37.24122","-88.33829","-6","1"
"42029","Calvert City","KY","37.013505","-88.37269","-6","1"
"42031","Clinton","KY","36.678217","-88.97559","-6","1"
"42032","Columbus","KY","36.755242","-89.10667","-6","1"
"42033","Crayne","KY","37.336533","-88.079607","-6","1"
"42035","Cunningham","KY","36.911107","-88.84412","-6","1"
"42036","Dexter","KY","36.731901","-88.24594","-6","1"
"42037","Dycusburg","KY","37.157866","-88.183598","-6","1"
"42038","Eddyville","KY","37.051386","-88.03613","-6","1"
"42039","Fancy Farm","KY","36.800353","-88.83224","-6","1"
"42040","Farmington","KY","36.614839","-88.5005","-6","1"
"42041","Fulton","KY","36.532059","-88.89132","-6","1"
"42044","Gilbertsville","KY","36.97877","-88.28273","-6","1"
"42045","Grand Rivers","KY","37.031683","-88.24498","-6","1"
"42046","Hamlin","KY","36.6033","-88.092285","-6","1"
"42047","Hampton","KY","37.2948","-88.41026","-6","1"
"42048","Hardin","KY","36.765893","-88.26527","-6","1"
"42049","Hazel","KY","36.511681","-88.32543","-6","1"
"42050","Hickman","KY","36.558598","-89.19789","-6","1"
"42051","Hickory","KY","36.852344","-88.63769","-6","1"
"42053","Kevil","KY","37.107447","-88.86061","-6","1"
"42054","Kirksey","KY","36.716315","-88.44499","-6","1"
"42055","Kuttawa","KY","37.058356","-88.14097","-6","1"
"42056","La Center","KY","37.08716","-88.97616","-6","1"
"42058","Ledbetter","KY","37.054715","-88.48043","-6","1"
"42060","Lovelaceville","KY","36.968906","-88.82817","-6","1"
"42061","Lowes","KY","36.885527","-88.77469","-6","1"
"42063","Lynnville","KY","36.723872","-88.652009","-6","1"
"42064","Marion","KY","37.331602","-88.06997","-6","1"
"42066","Mayfield","KY","36.733761","-88.63449","-6","1"
"42069","Melber","KY","36.921462","-88.75871","-6","1"
"42070","Milburn","KY","36.863147","-88.995991","-6","1"
"42071","Murray","KY","36.617443","-88.28746","-6","1"
"42076","New Concord","KY","36.540753","-88.06837","-6","1"
"42078","Salem","KY","37.282124","-88.24568","-6","1"
"42079","Sedalia","KY","36.574074","-88.56359","-6","1"
"42081","Smithland","KY","37.217493","-88.40884","-6","1"
"42082","Symsonia","KY","36.922652","-88.5104","-6","1"
"42083","Tiline","KY","37.150978","-88.29191","-6","1"
"42084","Tolu","KY","37.433695","-88.24498","-6","1"
"42085","Water Valley","KY","36.578907","-88.82074","-6","1"
"42086","West Paducah","KY","37.089948","-88.7597","-6","1"
"42087","Wickliffe","KY","36.96575","-89.0324","-6","1"
"42088","Wingo","KY","36.627427","-88.74845","-6","1"
"42101","Bowling Green","KY","37.010643","-86.46145","-6","1"
"42102","Bowling Green","KY","36.922292","-86.387046","-6","1"
"42103","Bowling Green","KY","36.969761","-86.38247","-6","1"
"42104","Bowling Green","KY","36.930527","-86.44751","-6","1"
"42109","Bowling Green","KY","36.961988","-86.450786","-6","1"
"42120","Adolphus","KY","36.661883","-86.25964","-6","1"
"42122","Alvaton","KY","36.86316","-86.35202","-6","1"
"42123","Austin","KY","36.820727","-86.00112","-6","1"
"42124","Beaumont","KY","36.857666","-85.649583","-6","1"
"42127","Cave City","KY","37.131203","-85.94633","-6","1"
"42128","Drake","KY","36.983441","-86.394012","-6","1"
"42129","Edmonton","KY","36.988613","-85.58534","-6","1"
"42130","Eighty Eight","KY","36.91297","-85.775282","-6","1"
"42131","Etoile","KY","36.82928","-85.90806","-6","1"
"42133","Fountain Run","KY","36.721319","-85.96139","-6","1"
"42134","Franklin","KY","36.718074","-86.58202","-6","1"
"42135","Franklin","KY","36.758166","-86.581957","-6","1"
"42140","Gamaliel","KY","36.655006","-85.80866","-6","1"
"42141","Glasgow","KY","36.970776","-85.91232","-6","1"
"42142","Glasgow","KY","36.946326","-85.957797","-6","1"
"42150","Halfway","KY","36.782131","-86.184088","-6","1"
"42151","Hestand","KY","36.63667","-85.55275","-6","1"
"42152","Hiseville","KY","37.098753","-85.816472","-6","1"
"42153","Holland","KY","36.665767","-86.04006","-6","1"
"42154","Knob Lick","KY","37.066581","-85.73482","-6","1"
"42156","Lucas","KY","36.840503","-85.995572","-6","1"
"42157","Mount Hermon","KY","36.778567","-85.81772","-6","1"
"42159","Oakland","KY","37.016847","-86.25187","-6","1"
"42160","Park City","KY","37.0896","-86.06474","-6","1"
"42163","Rocky Hill","KY","37.09425","-86.143188","-6","1"
"42164","Scottsville","KY","36.767969","-86.1813","-6","1"
"42166","Summer Shade","KY","36.86322","-85.71774","-6","1"
"42167","Tompkinsville","KY","36.712179","-85.67567","-6","1"
"42170","Woodburn","KY","36.832502","-86.554","-6","1"
"42171","Smiths Grove","KY","37.046968","-86.17181","-6","1"
"42201","Aberdeen","KY","37.279564","-86.670181","-6","1"
"42202","Adairville","KY","36.681441","-86.85365","-6","1"
"42203","Allegre","KY","36.929243","-87.219328","-6","1"
"42204","Allensville","KY","36.70996","-87.07105","-6","1"
"42206","Auburn","KY","36.881837","-86.71983","-6","1"
"42207","Bee Spring","KY","37.293315","-86.26557","-6","1"
"42209","Brooklyn","KY","37.197491","-86.67216","-6","1"
"42210","Brownsville","KY","37.215448","-86.29013","-6","1"
"42211","Cadiz","KY","36.846471","-87.86409","-6","1"
"42214","Center","KY","37.143908","-85.66945","-6","1"
"42215","Cerulean","KY","36.983293","-87.68273","-6","1"
"42216","Clifty","KY","37.004492","-87.152148","-6","1"
"42217","Crofton","KY","37.04413","-87.48219","-6","1"
"42219","Dunbar","KY","37.170909","-86.767822","-6","1"
"42220","Elkton","KY","36.887716","-87.18526","-6","1"
"42221","Fairview","KY","36.898071","-87.496529","-6","1"
"42223","Fort Campbell","KY","36.654943","-87.46188","-6","1"
"42232","Gracey","KY","36.847924","-87.6579","-6","1"
"42234","Guthrie","KY","36.673268","-87.18089","-6","1"
"42235","Hadley","KY","36.983441","-86.394012","-6","1"
"42236","Herndon","KY","36.705024","-87.59935","-6","1"
"42240","Hopkinsville","KY","36.866845","-87.47617","-6","1"
"42241","Hopkinsville","KY","36.898071","-87.496529","-6","1"
"42251","Huntsville","KY","37.157967","-86.885846","-6","1"
"42252","Jetson","KY","37.248326","-86.509271","-6","1"
"42253","Science Hill","KY","37.17925","-84.633915","-5","1"
"42254","La Fayette","KY","36.657405","-87.65633","-6","1"
"42256","Lewisburg","KY","37.020366","-86.94284","-6","1"
"42257","Lindseyville","KY","37.237211","-86.299361","-6","1"
"42259","Mammoth Cave","KY","37.274689","-86.19818","-6","1"
"42261","Morgantown","KY","37.219254","-86.67988","-6","1"
"42262","Oak Grove","KY","36.664334","-87.42789","-6","1"
"42265","Olmstead","KY","36.752802","-87.02003","-6","1"
"42266","Pembroke","KY","36.780906","-87.34305","-6","1"
"42267","Provo","KY","37.229645","-86.804803","-6","1"
"42270","Richardsville","KY","36.983441","-86.394012","-6","1"
"42273","Rochester","KY","37.196636","-86.87625","-6","1"
"42274","Rockfield","KY","36.931416","-86.62507","-6","1"
"42275","Roundhill","KY","37.223167","-86.44062","-6","1"
"42276","Russellville","KY","36.860612","-86.88171","-6","1"
"42280","Sharon Grove","KY","36.953559","-87.09887","-6","1"
"42283","South Union","KY","36.869206","-86.663225","-6","1"
"42285","Sweeden","KY","37.273726","-86.27499","-6","1"
"42286","Trenton","KY","36.727378","-87.26971","-6","1"
"42287","Welchs Creek","KY","37.311676","-86.52913","-6","1"
"42288","Woodbury","KY","37.197491","-86.67216","-6","1"
"42301","Owensboro","KY","37.753347","-87.17419","-6","1"
"42302","Owensboro","KY","37.745491","-87.112823","-6","1"
"42303","Owensboro","KY","37.758568","-87.08714","-6","1"
"42304","Owensboro","KY","37.745491","-87.112823","-6","1"
"42320","Beaver Dam","KY","37.377266","-86.88364","-6","1"
"42321","Beech Creek","KY","37.177839","-87.05761","-6","1"
"42322","Beech Grove","KY","37.615062","-87.406866","-6","1"
"42323","Beechmont","KY","37.172261","-87.03677","-6","1"
"42324","Belton","KY","37.150125","-87.00657","-6","1"
"42325","Bremen","KY","37.333802","-87.26807","-6","1"
"42326","Browder","KY","37.198074","-87.01403","-6","1"
"42327","Calhoun","KY","37.575772","-87.29499","-6","1"
"42328","Centertown","KY","37.410099","-87.03433","-6","1"
"42330","Central City","KY","37.299591","-87.12992","-6","1"
"42332","Cleaton","KY","37.251296","-87.09071","-6","1"
"42333","Cromwell","KY","37.349023","-86.76565","-6","1"
"42334","Curdsville","KY","37.745491","-87.112823","-6","1"
"42337","Drakesboro","KY","37.227223","-87.01349","-6","1"
"42338","Dundee","KY","37.559872","-86.77254","-6","1"
"42339","Dunmor","KY","37.094139","-86.9746","-6","1"
"42343","Fordsville","KY","37.655016","-86.69303","-6","1"
"42344","Graham","KY","37.240117","-87.29396","-6","1"
"42345","Greenville","KY","37.166299","-87.18333","-6","1"
"42347","Hartford","KY","37.471839","-86.9063","-6","1"
"42348","Hawesville","KY","37.882498","-86.76297","-6","1"
"42349","Horse Branch","KY","37.433703","-86.66952","-6","1"
"42350","Island","KY","37.456942","-87.17107","-6","1"
"42351","Lewisport","KY","37.918157","-86.89243","-6","1"
"42352","Livermore","KY","37.502836","-87.11162","-6","1"
"42354","McHenry","KY","37.3799","-86.9258","-6","1"
"42355","Maceo","KY","37.86975","-86.99535","-6","1"
"42356","Maple Mount","KY","37.693229","-87.323841","-6","1"
"42361","Olaton","KY","37.517388","-86.6846","-6","1"
"42364","Pellville","KY","37.827235","-86.804814","-6","1"
"42365","Penrod","KY","37.114594","-87.00175","-6","1"
"42366","Philpot","KY","37.729714","-86.92838","-6","1"
"42367","Powderly","KY","37.242948","-87.154898","-6","1"
"42368","Reynolds Station","KY","37.710929","-86.75487","-6","1"
"42369","Rockport","KY","37.337926","-86.99685","-6","1"
"42370","Rosine","KY","37.448681","-86.74121","-6","1"
"42371","Rumsey","KY","37.508047","-87.29293","-6","1"
"42372","Sacramento","KY","37.41277","-87.28063","-6","1"
"42374","South Carrollton","KY","37.33976","-87.14514","-6","1"
"42375","Stanley","KY","37.745491","-87.112823","-6","1"
"42376","Utica","KY","37.598406","-87.09113","-6","1"
"42377","West Louisville","KY","37.745491","-87.112823","-6","1"
"42378","Whitesville","KY","37.666515","-86.86454","-6","1"
"42400","Morganfield","KY","37.784577","-87.72406","-6","1"
"42402","Baskett","KY","37.778911","-87.60124","-6","1"
"42403","Blackford","KY","37.448198","-87.93391","-6","1"
"42404","Clay","KY","37.481719","-87.8394","-6","1"
"42406","Corydon","KY","37.743264","-87.73173","-6","1"
"42408","Dawson Springs","KY","37.183465","-87.68413","-6","1"
"42409","Dixon","KY","37.52165","-87.69701","-6","1"
"42410","Earlington","KY","37.275896","-87.51498","-6","1"
"42411","Fredonia","KY","37.216778","-88.01438","-6","1"
"42413","Hanson","KY","37.425687","-87.495","-6","1"
"42419","Henderson","KY","37.807173","-87.599052","-6","1"
"42420","Henderson","KY","37.825094","-87.56055","-6","1"
"42431","Madisonville","KY","37.330791","-87.50378","-6","1"
"42436","Manitou","KY","37.458645","-87.54828","-6","1"
"42437","Morganfield","KY","37.67416","-87.90199","-6","1"
"42440","Mortons Gap","KY","37.238785","-87.46986","-6","1"
"42441","Nebo","KY","37.36327","-87.65307","-6","1"
"42442","Nortonville","KY","37.178627","-87.46702","-6","1"
"42444","Poole","KY","37.641689","-87.63786","-6","1"
"42445","Princeton","KY","37.12596","-87.87429","-6","1"
"42450","Providence","KY","37.396445","-87.76428","-6","1"
"42451","Reed","KY","37.859415","-87.37005","-6","1"
"42452","Robards","KY","37.674669","-87.54291","-6","1"
"42453","Saint Charles","KY","37.143686","-87.59662","-6","1"
"42455","Sebree","KY","37.600857","-87.52635","-6","1"
"42456","Slaughters","KY","37.514424","-87.49975","-6","1"
"42457","Smith Mills","KY","37.801347","-87.76586","-6","1"
"42458","Spottsville","KY","37.860142","-87.41866","-6","1"
"42459","Sturgis","KY","37.558719","-87.99632","-6","1"
"42460","Sullivan","KY","37.493997","-87.932773","-6","1"
"42461","Uniontown","KY","37.771573","-87.91614","-6","1"
"42462","Waverly","KY","37.729871","-87.81891","-6","1"
"42463","Wheatcroft","KY","37.488169","-87.8631","-6","1"
"42464","White Plains","KY","37.168568","-87.37879","-6","1"
"42501","Somerset","KY","37.075624","-84.54437","-5","1"
"42502","Somerset","KY","37.09325","-84.427729","-5","1"
"42503","Somerset","KY","37.112274","-84.588","-5","1"
"42516","Bethelridge","KY","37.191504","-84.79832","-5","1"
"42518","Bronston","KY","36.94593","-84.63278","-5","1"
"42519","Burnside","KY","36.965123","-84.55458","-5","1"
"42528","Dunnville","KY","37.180186","-85.02396","-5","1"
"42533","Ferguson","KY","37.067452","-84.60301","-5","1"
"42539","Liberty","KY","37.305705","-84.94589","-5","1"
"42541","Middleburg","KY","37.3677","-84.80732","-5","1"
"42544","Nancy","KY","37.029286","-84.81365","-5","1"
"42553","Science Hill","KY","37.177577","-84.65481","-5","1"
"42558","Tateville","KY","36.94919","-84.581482","-5","1"
"42564","West Somerset","KY","37.111433","-84.592898","-5","1"
"42565","Windsor","KY","37.144759","-84.89524","-5","1"
"42566","Yosemite","KY","37.303038","-84.77674","-5","1"
"42567","Eubank","KY","37.250746","-84.61781","-5","1"
"42602","Albany","KY","36.72024","-85.13539","-6","1"
"42603","Alpha","KY","36.7703","-85.01043","-6","1"
"42629","Jamestown","KY","36.946642","-85.09981","-6","1"
"42631","Marshes Siding","KY","36.762748","-84.51036","-5","1"
"42632","Mill Springs","KY","36.932769","-84.7757","-5","1"
"42633","Monticello","KY","36.801922","-84.82841","-5","1"
"42634","Parkers Lake","KY","36.881682","-84.42143","-5","1"
"42635","Pine Knot","KY","36.663153","-84.41611","-5","1"
"42637","Monticello","KY","36.843563","-84.841004","-5","1"
"42638","Revelo","KY","36.673236","-84.47095","-5","1"
"42642","Russell Springs","KY","37.05401","-85.06142","-6","1"
"42647","Stearns","KY","36.710692","-84.55416","-5","1"
"42649","Strunk","KY","36.631706","-84.42183","-5","1"
"42653","Whitley City","KY","36.772507","-84.47785","-5","1"
"42701","Elizabethtown","KY","37.704287","-85.86403","-5","1"
"42702","Elizabethtown","KY","37.723474","-85.976854","-5","1"
"42711","Bakerton","KY","36.898169","-85.31056","-6","1"
"42712","Big Clifty","KY","37.581023","-86.15642","-5","1"
"42713","Bonnieville","KY","37.381189","-85.88175","-6","1"
"42715","Breeding","KY","36.954911","-85.39553","-6","1"
"42716","Buffalo","KY","37.47534","-85.60987","-5","1"
"42717","Burkesville","KY","36.765985","-85.39971","-6","1"
"42718","Campbellsville","KY","37.372314","-85.3549","-5","1"
"42719","Campbellsville","KY","37.337936","-85.330374","-5","1"
"42720","Cane Valley","KY","37.121145","-85.370926","-6","1"
"42721","Caneyville","KY","37.413211","-86.49884","-6","1"
"42722","Canmer","KY","37.271372","-85.72639","-6","1"
"42724","Cecilia","KY","37.668721","-86.02527","-5","1"
"42726","Clarkson","KY","37.429456","-86.16448","-6","1"
"42728","Columbia","KY","37.123196","-85.27561","-6","1"
"42729","Cub Run","KY","37.304661","-86.12987","-6","1"
"42731","Dubre","KY","36.8395","-85.55526","-6","1"
"42732","Eastview","KY","37.606543","-86.10413","-5","1"
"42733","Elk Horn","KY","37.353227","-85.1628","-5","1"
"42735","Fairplay","KY","37.045089","-85.29683","-6","1"
"42740","Glendale","KY","37.59641","-85.92294","-5","1"
"42741","Glens Fork","KY","36.98182","-85.22988","-6","1"
"42742","Gradyville","KY","37.098391","-85.50199","-6","1"
"42743","Greensburg","KY","37.234802","-85.51436","-6","1"
"42746","Hardyville","KY","37.199656","-85.73469","-6","1"
"42748","Hodgenville","KY","37.566527","-85.71452","-5","1"
"42749","Horse Cave","KY","37.176738","-85.88288","-6","1"
"42753","Knifley","KY","37.242258","-85.20271","-6","1"
"42754","Leitchfield","KY","37.479797","-86.30731","-6","1"
"42755","Leitchfield","KY","37.471943","-86.343941","-6","1"
"42757","Magnolia","KY","37.415382","-85.71597","-6","1"
"42758","Mannsville","KY","37.360392","-85.198031","-5","1"
"42759","Marrowbone","KY","36.824961","-85.50481","-6","1"
"42761","Milltown","KY","37.113189","-85.44177","-6","1"
"42762","Millwood","KY","37.443289","-86.40531","-6","1"
"42764","Mount Sherman","KY","37.463961","-85.639231","-5","1"
"42765","Munfordville","KY","37.291869","-85.90786","-6","1"
"42776","Sonora","KY","37.52025","-85.8807","-5","1"
"42782","Summersville","KY","37.349798","-85.64536","-6","1"
"42783","Summit","KY","37.567134","-86.085259","-5","1"
"42784","Upton","KY","37.456599","-85.90164","-5","1"
"42786","Waterview","KY","36.819839","-85.462435","-6","1"
"42788","White Mills","KY","37.55125","-86.03115","-5","1"
