"70000","Laplace","LA","30.08677","-90.513522","-6","1"
"70001","Metairie","LA","29.984096","-90.16902","-6","1"
"70002","Metairie","LA","30.011517","-90.16245","-6","1"
"70003","Metairie","LA","29.997168","-90.2138","-6","1"
"70004","Metairie","LA","29.677893","-90.0901","-6","1"
"70005","Metairie","LA","29.999453","-90.13398","-6","1"
"70006","Metairie","LA","30.013985","-90.19128","-6","1"
"70009","Metairie","LA","29.677893","-90.0901","-6","1"
"70010","Metairie","LA","29.677893","-90.0901","-6","1"
"70011","Metairie","LA","29.677893","-90.0901","-6","1"
"70021","Jefferson","LA","29.960375","-90.156143","-6","1"
"70030","Des Allemands","LA","29.810193","-90.44769","-6","1"
"70031","Ama","LA","29.942703","-90.29969","-6","1"
"70032","Arabi","LA","29.958802","-89.99902","-6","1"
"70033","Metairie","LA","29.677893","-90.0901","-6","1"
"70036","Barataria","LA","29.715795","-90.12419","-6","1"
"70037","Belle Chasse","LA","29.822707","-90.00616","-6","1"
"70038","Boothville","LA","29.307982","-89.38007","-6","1"
"70039","Boutte","LA","29.900075","-90.38655","-6","1"
"70040","Braithwaite","LA","29.749706","-89.94043","-6","1"
"70041","Buras","LA","29.351783","-89.51381","-6","1"
"70042","Carlisle","LA","29.380066","-89.477464","-6","1"
"70043","Chalmette","LA","29.946404","-89.96118","-6","1"
"70044","Chalmette","LA","29.96765","-89.951441","-6","1"
"70046","Davant","LA","29.61829","-89.872599","-6","1"
"70047","Destrehan","LA","29.969128","-90.37563","-6","1"
"70048","Reserve","LA","30.071155","-90.546138","-6","1"
"70049","Edgard","LA","30.033974","-90.5538","-6","1"
"70050","Empire","LA","29.384033","-89.59696","-6","1"
"70051","Garyville","LA","30.058276","-90.61738","-6","1"
"70052","Gramercy","LA","30.053907","-90.68915","-6","1"
"70053","Gretna","LA","29.915355","-90.05335","-6","1"
"70054","Gretna","LA","29.677893","-90.0901","-6","1"
"70055","Metairie","LA","29.677893","-90.0901","-6","1"
"70056","Gretna","LA","29.894261","-90.03072","-6","1"
"70057","Hahnville","LA","29.967081","-90.41012","-6","1"
"70058","Harvey","LA","29.878578","-90.06903","-6","1"
"70059","Harvey","LA","29.677893","-90.0901","-6","1"
"70060","Metairie","LA","29.677893","-90.0901","-6","1"
"70062","Kenner","LA","29.991051","-90.2469","-6","1"
"70063","Kenner","LA","29.677893","-90.0901","-6","1"
"70064","Kenner","LA","29.677893","-90.0901","-6","1"
"70065","Kenner","LA","30.022853","-90.25133","-6","1"
"70066","Killona","LA","29.999471","-90.48708","-6","1"
"70067","Lafitte","LA","29.652752","-90.1012","-6","1"
"70068","La Place","LA","30.073941","-90.48516","-6","1"
"70069","La Place","LA","30.091158","-90.483189","-6","1"
"70070","Luling","LA","29.907162","-90.35142","-6","1"
"70071","Lutcher","LA","30.04401","-90.69956","-6","1"
"70072","Marrero","LA","29.869283","-90.10933","-6","1"
"70073","Marrero","LA","29.677893","-90.0901","-6","1"
"70075","Meraux","LA","29.935089","-89.92089","-6","1"
"70076","Mount Airy","LA","30.055429","-90.64073","-6","1"
"70078","New Sarpy","LA","29.981674","-90.38595","-6","1"
"70079","Norco","LA","30.007089","-90.41389","-6","1"
"70080","Paradis","LA","29.878373","-90.43063","-6","1"
"70081","Pilottown","LA","29.285081","-89.364034","-6","1"
"70082","Pointe A La Hache","LA","29.572751","-89.78139","-6","1"
"70083","Port Sulphur","LA","29.529091","-89.7883","-6","1"
"70084","Reserve","LA","30.059516","-90.55987","-6","1"
"70085","Saint Bernard","LA","29.86089","-89.82225","-6","1"
"70086","Saint James","LA","30.013027","-90.85714","-6","1"
"70087","Saint Rose","LA","29.962601","-90.30965","-6","1"
"70090","Vacherie","LA","29.979997","-90.71178","-6","1"
"70091","Venice","LA","29.277457","-89.35898","-6","1"
"70092","Violet","LA","29.902193","-89.89726","-6","1"
"70093","Violet","LA","29.877893","-89.878719","-6","1"
"70094","Westwego","LA","29.91534","-90.17737","-6","1"
"70096","Westwego","LA","29.677893","-90.0901","-6","1"
"70112","New Orleans","LA","29.956804","-90.07757","-6","1"
"70113","New Orleans","LA","29.943505","-90.08408","-6","1"
"70114","New Orleans","LA","29.938155","-90.03667","-6","1"
"70115","New Orleans","LA","29.927305","-90.10197","-6","1"
"70116","New Orleans","LA","29.968054","-90.06403","-6","1"
"70117","New Orleans","LA","29.970404","-90.03036","-6","1"
"70118","New Orleans","LA","29.952305","-90.12347","-6","1"
"70119","New Orleans","LA","29.974504","-90.08747","-6","1"
"70121","New Orleans","LA","29.961875","-90.16037","-6","1"
"70122","New Orleans","LA","30.006353","-90.06264","-6","1"
"70123","New Orleans","LA","29.952605","-90.20536","-6","1"
"70124","New Orleans","LA","30.006003","-90.10947","-6","1"
"70125","New Orleans","LA","29.951705","-90.10411","-6","1"
"70126","New Orleans","LA","30.016002","-90.01972","-6","1"
"70127","New Orleans","LA","30.033475","-89.97736","-6","1"
"70128","New Orleans","LA","30.05031","-89.95638","-6","1"
"70129","New Orleans","LA","30.063059","-89.88511","-6","1"
"70130","New Orleans","LA","29.938005","-90.07195","-6","1"
"70131","New Orleans","LA","29.917005","-89.98982","-6","1"
"70139","New Orleans","LA","30.032997","-89.882564","-6","1"
"70140","New Orleans","LA","29.95612","-90.078312","-6","1"
"70141","New Orleans","LA","29.677893","-90.0901","-6","1"
"70142","New Orleans","LA","30.032997","-89.882564","-6","1"
"70143","New Orleans","LA","30.032997","-89.882564","-6","1"
"70144","New Orleans","LA","29.930433","-90.038021","-6","1"
"70145","New Orleans","LA","30.032997","-89.882564","-6","1"
"70146","New Orleans","LA","30.032997","-89.882564","-6","1"
"70148","New Orleans","LA","30.030902","-90.068022","-6","1"
"70149","New Orleans","LA","30.032997","-89.882564","-6","1"
"70150","New Orleans","LA","30.032997","-89.882564","-6","1"
"70151","New Orleans","LA","30.032997","-89.882564","-6","1"
"70152","New Orleans","LA","30.032997","-89.882564","-6","1"
"70153","New Orleans","LA","30.032997","-89.882564","-6","1"
"70154","New Orleans","LA","30.032997","-89.882564","-6","1"
"70155","New Orleans","LA","29.940138","-90.109823","-6","1"
"70156","New Orleans","LA","30.032997","-89.882564","-6","1"
"70157","New Orleans","LA","30.032997","-89.882564","-6","1"
"70158","New Orleans","LA","29.922905","-90.070922","-6","1"
"70159","New Orleans","LA","30.032997","-89.882564","-6","1"
"70160","New Orleans","LA","30.032997","-89.882564","-6","1"
"70161","New Orleans","LA","30.032997","-89.882564","-6","1"
"70162","New Orleans","LA","30.032997","-89.882564","-6","1"
"70163","New Orleans","LA","29.95006","-90.07532","-6","1"
"70164","New Orleans","LA","30.032997","-89.882564","-6","1"
"70165","New Orleans","LA","30.032997","-89.882564","-6","1"
"70166","New Orleans","LA","30.032997","-89.882564","-6","1"
"70167","New Orleans","LA","30.032997","-89.882564","-6","1"
"70170","New Orleans","LA","30.032997","-89.882564","-6","1"
"70172","New Orleans","LA","30.032997","-89.882564","-6","1"
"70174","New Orleans","LA","30.032997","-89.882564","-6","1"
"70175","New Orleans","LA","30.032997","-89.882564","-6","1"
"70176","New Orleans","LA","30.032997","-89.882564","-6","1"
"70177","New Orleans","LA","30.032997","-89.882564","-6","1"
"70178","New Orleans","LA","30.032997","-89.882564","-6","1"
"70179","New Orleans","LA","30.032997","-89.882564","-6","1"
"70181","New Orleans","LA","29.677893","-90.0901","-6","1"
"70182","New Orleans","LA","30.067646","-89.815993","-6","1"
"70183","New Orleans","LA","29.677893","-90.0901","-6","1"
"70184","New Orleans","LA","30.032997","-89.882564","-6","1"
"70185","New Orleans","LA","30.032997","-89.882564","-6","1"
"70186","New Orleans","LA","30.032997","-89.882564","-6","1"
"70187","New Orleans","LA","30.032997","-89.882564","-6","1"
"70189","New Orleans","LA","30.032997","-89.882564","-6","1"
"70190","New Orleans","LA","30.032997","-89.882564","-6","1"
"70195","New Orleans","LA","30.032997","-89.882564","-6","1"
"70199","New Orleans","LA","29.987528","-90.079501","-6","1"
"70301","Thibodaux","LA","29.797776","-90.81809","-6","1"
"70302","Thibodaux","LA","29.458689","-90.502848","-6","1"
"70310","Thibodaux","LA","29.803282","-90.816914","-6","1"
"70339","Pierre Part","LA","29.931838","-91.19813","-6","1"
"70340","Amelia","LA","29.688425","-91.220844","-6","1"
"70341","Belle Rose","LA","30.030819","-91.07576","-6","1"
"70342","Berwick","LA","29.692515","-91.22938","-6","1"
"70343","Bourg","LA","29.553952","-90.59881","-6","1"
"70344","Chauvin","LA","29.385126","-90.61939","-6","1"
"70345","Cut Off","LA","29.523897","-90.34043","-6","1"
"70346","Donaldsonville","LA","30.103905","-91.00104","-6","1"
"70352","Donner","LA","29.696385","-90.944418","-6","1"
"70353","Dulac","LA","29.384672","-90.69689","-6","1"
"70354","Galliano","LA","29.435146","-90.30479","-6","1"
"70355","Gheens","LA","29.670214","-90.46202","-6","1"
"70356","Gibson","LA","29.658394","-90.97455","-6","1"
"70357","Golden Meadow","LA","29.275485","-90.24378","-6","1"
"70358","Grand Isle","LA","29.227769","-90.01211","-6","1"
"70359","Gray","LA","29.696636","-90.77238","-6","1"
"70360","Houma","LA","29.593377","-90.7475","-6","1"
"70361","Houma","LA","29.382117","-90.865568","-6","1"
"70363","Houma","LA","29.560581","-90.6903","-6","1"
"70364","Houma","LA","29.626988","-90.72076","-6","1"
"70369","Houma","LA","30.285602","-92.096266","-6","1"
"70371","Kraemer","LA","29.865202","-90.596159","-6","1"
"70372","Labadieville","LA","29.829135","-90.9636","-6","1"
"70373","Larose","LA","29.535139","-90.44546","-6","1"
"70374","Lockport","LA","29.620122","-90.49218","-6","1"
"70375","Mathews","LA","29.697038","-90.55223","-6","1"
"70376","Modeste","LA","30.204707","-90.869481","-6","1"
"70377","Montegut","LA","29.428462","-90.52556","-6","1"
"70380","Morgan City","LA","29.694806","-91.18252","-6","1"
"70381","Morgan City","LA","29.694629","-91.259347","-6","1"
"70384","Cankton","LA","30.350849","-92.107422","-6","1"
"70390","Napoleonville","LA","29.91599","-91.02187","-6","1"
"70391","Paincourtville","LA","29.990967","-91.05456","-6","1"
"70392","Patterson","LA","29.69828","-91.31347","-6","1"
"70393","Plattenville","LA","29.995157","-91.02586","-6","1"
"70394","Raceland","LA","29.715302","-90.6097","-6","1"
"70395","Schriever","LA","29.718856","-90.83425","-6","1"
"70397","Theriot","LA","29.352141","-90.82604","-6","1"
"70401","Hammond","LA","30.517866","-90.47254","-6","1"
"70402","Hammond","LA","30.513982","-90.480403","-6","1"
"70403","Hammond","LA","30.484785","-90.4762","-6","1"
"70404","Hammond","LA","30.505061","-90.422504","-6","1"
"70420","Abita Springs","LA","30.482725","-90.00103","-6","1"
"70421","Akers","LA","30.612371","-90.405312","-6","1"
"70422","Amite","LA","30.723034","-90.52108","-6","1"
"70426","Angie","LA","30.932125","-89.86251","-6","1"
"70427","Bogalusa","LA","30.762908","-89.87774","-6","1"
"70428","Sun","LA","30.591363","-89.941408","-6","1"
"70429","Bogalusa","LA","30.83503","-90.037115","-6","1"
"70431","Bush","LA","30.613004","-89.93089","-6","1"
"70432","Covington","LA","30.496278","-90.131145","-6","1"
"70433","Covington","LA","30.470793","-90.10491","-6","1"
"70434","Covington","LA","30.492753","-90.125666","-6","1"
"70435","Covington","LA","30.53978","-90.07953","-6","1"
"70436","Fluker","LA","30.793858","-90.51026","-6","1"
"70437","Folsom","LA","30.616777","-90.1898","-6","1"
"70438","Franklinton","LA","30.844465","-90.12066","-6","1"
"70440","Mandeville","LA","30.375852","-90.07828","-6","1"
"70441","Greensburg","LA","30.867259","-90.74688","-6","1"
"70442","Husser","LA","30.686968","-90.32332","-6","1"
"70443","Independence","LA","30.628735","-90.51744","-6","1"
"70444","Kentwood","LA","30.923938","-90.50206","-6","1"
"70445","Lacombe","LA","30.327126","-89.93118","-6","1"
"70446","Loranger","LA","30.623502","-90.35689","-6","1"
"70447","Madisonville","LA","30.424049","-90.18519","-6","1"
"70448","Mandeville","LA","30.367119","-90.05999","-6","1"
"70449","Maurepas","LA","30.272335","-90.72701","-6","1"
"70450","Mount Hermon","LA","30.944302","-90.26252","-6","1"
"70451","Natalbany","LA","30.546528","-90.48375","-6","1"
"70452","Pearl River","LA","30.401481","-89.76917","-6","1"
"70453","Pine Grove","LA","30.702471","-90.77604","-6","1"
"70454","Ponchatoula","LA","30.427599","-90.41728","-6","1"
"70455","Robert","LA","30.520782","-90.30638","-6","1"
"70456","Roseland","LA","30.769493","-90.51064","-6","1"
"70457","Saint Benedict","LA","30.42551","-89.881256","-6","1"
"70458","Slidell","LA","30.269565","-89.77587","-6","1"
"70459","Slidell","LA","30.42551","-89.881256","-6","1"
"70460","Slidell","LA","30.298048","-89.81176","-6","1"
"70461","Slidell","LA","30.266707","-89.73049","-6","1"
"70462","Springfield","LA","30.386031","-90.57297","-6","1"
"70463","Sun","LA","30.658471","-89.90398","-6","1"
"70464","Talisheek","LA","30.534785","-89.88582","-6","1"
"70465","Tangipahoa","LA","30.875453","-90.51254","-6","1"
"70466","Tickfaw","LA","30.560995","-90.50196","-6","1"
"70467","Angie","LA","30.90169","-89.820725","-6","1"
"70469","Slidell","LA","30.42551","-89.881256","-6","1"
"70470","Mandeville","LA","30.42551","-89.881256","-6","1"
"70471","Mandeville","LA","30.400949","-90.08105","-6","1"
"70494","Ponchatoula","LA","30.432586","-90.452775","-6","1"
"70499","Franklinton","LA","30.847346","-90.154156","-6","1"
"70501","Lafayette","LA","30.2334","-92.00959","-6","1"
"70502","Lafayette","LA","30.319799","-92.026969","-6","1"
"70503","Lafayette","LA","30.185867","-92.04706","-6","1"
"70504","Lafayette","LA","30.21385","-92.01866","-6","1"
"70505","Lafayette","LA","30.202251","-92.01877","-6","1"
"70506","Lafayette","LA","30.211901","-92.05912","-6","1"
"70507","Lafayette","LA","30.2786","-92.02759","-6","1"
"70508","Lafayette","LA","30.163368","-92.01974","-6","1"
"70509","Lafayette","LA","30.156506","-92.000019","-6","1"
"70510","Abbeville","LA","29.943573","-92.14872","-6","1"
"70511","Abbeville","LA","30.032434","-92.176655","-6","1"
"70512","Arnaudville","LA","30.411741","-91.91702","-6","1"
"70513","Avery Island","LA","29.907136","-91.90578","-6","1"
"70514","Baldwin","LA","29.841827","-91.54679","-6","1"
"70515","Basile","LA","30.47461","-92.58568","-6","1"
"70516","Branch","LA","30.365586","-92.30363","-6","1"
"70517","Breaux Bridge","LA","30.301254","-91.86169","-6","1"
"70518","Broussard","LA","30.134801","-91.95251","-6","1"
"70519","Cade","LA","30.079692","-91.911387","-6","1"
"70520","Carencro","LA","30.327199","-92.0433","-6","1"
"70521","Cecilia","LA","30.336379","-91.84786","-6","1"
"70522","Centerville","LA","29.75226","-91.439679","-6","1"
"70523","Charenton","LA","29.883266","-91.5301","-6","1"
"70524","Chataignier","LA","30.566122","-92.32115","-6","1"
"70525","Church Point","LA","30.414588","-92.21772","-6","1"
"70526","Crowley","LA","30.213767","-92.37921","-6","1"
"70527","Crowley","LA","30.228409","-92.301795","-6","1"
"70528","Delcambre","LA","29.945707","-91.98682","-6","1"
"70529","Duson","LA","30.198258","-92.16211","-6","1"
"70531","Egan","LA","30.237007","-92.51199","-6","1"
"70532","Elton","LA","30.477275","-92.69691","-6","1"
"70533","Erath","LA","29.941157","-92.03811","-6","1"
"70534","Estherwood","LA","30.182784","-92.46576","-6","1"
"70535","Eunice","LA","30.492895","-92.41578","-6","1"
"70537","Evangeline","LA","30.261809","-92.5677","-6","1"
"70538","Franklin","LA","29.759314","-91.52561","-6","1"
"70540","Garden City","LA","29.761665","-91.46569","-6","1"
"70541","Grand Coteau","LA","30.419571","-92.04753","-6","1"
"70542","Gueydan","LA","30.005408","-92.54417","-6","1"
"70543","Iota","LA","30.328683","-92.49549","-6","1"
"70544","Jeanerette","LA","29.910582","-91.6698","-6","1"
"70546","Jennings","LA","30.242533","-92.66375","-6","1"
"70548","Kaplan","LA","29.984184","-92.3207","-6","1"
"70549","Lake Arthur","LA","30.082515","-92.72596","-6","1"
"70550","Lawtell","LA","30.517709","-92.1835","-6","1"
"70551","Leonville","LA","30.475194","-91.973736","-6","1"
"70552","Loreauville","LA","30.076638","-91.71294","-6","1"
"70554","Mamou","LA","30.63","-92.42652","-6","1"
"70555","Maurice","LA","30.101305","-92.13152","-6","1"
"70556","Mermentau","LA","30.188258","-92.57614","-6","1"
"70558","Milton","LA","30.101464","-92.06338","-6","1"
"70559","Morse","LA","30.142775","-92.51166","-6","1"
"70560","New Iberia","LA","29.975453","-91.84073","-6","1"
"70562","New Iberia","LA","29.739932","-91.6331","-6","1"
"70563","New Iberia","LA","30.022348","-91.78314","-6","1"
"70569","Lydia","LA","29.909643","-91.812552","-6","1"
"70570","Opelousas","LA","30.530965","-92.09521","-6","1"
"70571","Opelousas","LA","30.57445","-92.086077","-6","1"
"70575","Perry","LA","29.866543","-92.158982","-6","1"
"70576","Pine Prairie","LA","30.781744","-92.41968","-6","1"
"70577","Port Barre","LA","30.549089","-91.93006","-6","1"
"70578","Rayne","LA","30.234581","-92.26431","-6","1"
"70580","Reddell","LA","30.675449","-92.42562","-6","1"
"70581","Roanoke","LA","30.24711","-92.73951","-6","1"
"70582","Saint Martinville","LA","30.148473","-91.8003","-6","1"
"70583","Scott","LA","30.244311","-92.10099","-6","1"
"70584","Sunset","LA","30.394648","-92.07786","-6","1"
"70585","Turkey Creek","LA","30.871853","-92.40532","-6","1"
"70586","Ville Platte","LA","30.710639","-92.30628","-6","1"
"70589","Washington","LA","30.653805","-92.05479","-6","1"
"70591","Welsh","LA","30.246368","-92.83199","-6","1"
"70592","Youngsville","LA","30.103107","-91.99993","-6","1"
"70593","Lafayette","LA","30.20812","-92.095109","-6","1"
"70594","Raceland","LA","29.700243","-90.570722","-6","1"
"70596","Lafayette","LA","30.20812","-92.095109","-6","1"
"70598","Lafayette","LA","30.20812","-92.095109","-6","1"
"70601","Lake Charles","LA","30.226399","-93.20496","-6","1"
"70602","Lake Charles","LA","30.264232","-93.326527","-6","1"
"70605","Lake Charles","LA","30.165907","-93.24905","-6","1"
"70606","Lake Charles","LA","30.264232","-93.326527","-6","1"
"70607","Lake Charles","LA","30.129908","-93.19632","-6","1"
"70609","Lake Charles","LA","30.264232","-93.326527","-6","1"
"70611","Lake Charles","LA","30.32797","-93.2109","-6","1"
"70612","Lake Charles","LA","30.264232","-93.326527","-6","1"
"70615","Lake Charles","LA","30.239906","-93.14977","-6","1"
"70616","Lake Charles","LA","30.264232","-93.326527","-6","1"
"70629","Lake Charles","LA","30.264232","-93.326527","-6","1"
"70630","Bell City","LA","30.077002","-93.03224","-6","1"
"70631","Cameron","LA","29.778234","-93.40907","-6","1"
"70632","Creole","LA","29.836547","-93.0363","-6","1"
"70633","Dequincy","LA","30.44431","-93.41221","-6","1"
"70634","Deridder","LA","30.835881","-93.27071","-6","1"
"70637","Dry Creek","LA","30.685067","-92.98065","-6","1"
"70638","Elizabeth","LA","30.86741","-92.79442","-6","1"
"70639","Evans","LA","30.994164","-93.49998","-6","1"
"70640","Fenton","LA","30.366126","-92.91837","-6","1"
"70642","Fullerton","LA","31.111979","-93.200936","-6","1"
"70643","Grand Chenier","LA","29.77124","-92.88732","-6","1"
"70644","Grant","LA","30.799893","-92.94408","-6","1"
"70645","Hackberry","LA","29.995358","-93.37575","-6","1"
"70646","Hayes","LA","30.107308","-92.91992","-6","1"
"70647","Iowa","LA","30.243213","-93.00386","-6","1"
"70648","Kinder","LA","30.494379","-92.85992","-6","1"
"70650","Lacassine","LA","30.235892","-92.91527","-6","1"
"70651","Leblanc","LA","30.518729","-92.96199","-6","1"
"70652","Longville","LA","30.599065","-93.2561","-6","1"
"70653","Merryville","LA","30.685274","-93.55827","-6","1"
"70654","Mittie","LA","30.710561","-92.89081","-6","1"
"70655","Oberlin","LA","30.620456","-92.74582","-6","1"
"70656","Pitkin","LA","30.937089","-92.94802","-6","1"
"70657","Ragley","LA","30.472103","-93.13957","-6","1"
"70658","Reeves","LA","30.518748","-93.02735","-6","1"
"70659","Rosepine","LA","30.921274","-93.28194","-6","1"
"70660","Singer","LA","30.586251","-93.42135","-6","1"
"70661","Starks","LA","30.338939","-93.66472","-6","1"
"70662","Sugartown","LA","30.811926","-93.00582","-6","1"
"70663","Sulphur","LA","30.245205","-93.3636","-6","1"
"70664","Sulphur","LA","30.264232","-93.326527","-6","1"
"70665","Sulphur","LA","30.154028","-93.42412","-6","1"
"70668","Vinton","LA","30.183689","-93.59815","-6","1"
"70669","Westlake","LA","30.251665","-93.27047","-6","1"
"70704","Baker","LA","30.51589","-91.080373","-6","1"
"70706","Denham Springs","LA","30.608471","-90.92758","-6","1"
"70707","Gonzales","LA","30.204707","-90.869481","-6","1"
"70710","Addis","LA","30.350306","-91.26121","-6","1"
"70711","Albany","LA","30.508318","-90.58546","-6","1"
"70712","Angola","LA","30.949066","-91.59294","-6","1"
"70714","Baker","LA","30.584787","-91.14763","-6","1"
"70715","Batchelor","LA","30.822847","-91.70531","-6","1"
"70716","Bayou Goula","LA","30.261384","-91.36026","-6","1"
"70717","Blanks","LA","30.547187","-91.59119","-6","1"
"70718","Brittany","LA","30.201004","-90.868876","-6","1"
"70719","Brusly","LA","30.384402","-91.25549","-6","1"
"70720","Bueche","LA","30.587305","-91.33252","-6","1"
"70721","Carville","LA","30.216906","-91.07975","-6","1"
"70722","Clinton","LA","30.823174","-90.921","-6","1"
"70723","Convent","LA","30.063433","-90.84644","-6","1"
"70725","Darrow","LA","30.130584","-90.95909","-6","1"
"70726","Denham Springs","LA","30.468526","-90.92827","-6","1"
"70727","Denham Springs","LA","30.337495","-90.843449","-6","1"
"70728","Duplessis","LA","30.295446","-90.945836","-6","1"
"70729","Erwinville","LA","30.546033","-91.41898","-6","1"
"70730","Ethel","LA","30.810733","-91.11541","-6","1"
"70732","Fordoche","LA","30.605673","-91.61612","-6","1"
"70733","French Settlement","LA","30.307865","-90.80054","-6","1"
"70734","Geismar","LA","30.211172","-91.00875","-6","1"
"70736","Glynn","LA","30.633678","-91.33786","-6","1"
"70737","Gonzales","LA","30.229237","-90.92251","-6","1"
"70738","Burnside","LA","30.204707","-90.869481","-6","1"
"70739","Greenwell Springs","LA","30.585687","-90.98014","-6","1"
"70740","Grosse Tete","LA","30.399271","-91.42148","-6","1"
"70743","Hester","LA","30.019278","-90.77619","-6","1"
"70744","Holden","LA","30.535477","-90.67464","-6","1"
"70747","Innis","LA","30.878083","-91.67672","-6","1"
"70748","Jackson","LA","30.826285","-91.22812","-6","1"
"70749","Jarreau","LA","30.622391","-91.41468","-6","1"
"70750","Krotz Springs","LA","30.514159","-91.74246","-6","1"
"70751","Labarre","LA","30.7513","-91.566273","-6","1"
"70752","Lakeland","LA","30.587852","-91.39994","-6","1"
"70753","Lettsworth","LA","30.917437","-91.7126","-6","1"
"70754","Livingston","LA","30.447866","-90.75228","-6","1"
"70755","Livonia","LA","30.568308","-91.55075","-6","1"
"70756","Lottie","LA","30.548421","-91.6325","-6","1"
"70757","Maringouin","LA","30.483791","-91.51619","-6","1"
"70759","Morganza","LA","30.720494","-91.58029","-6","1"
"70760","New Roads","LA","30.700337","-91.44032","-6","1"
"70761","Norwood","LA","30.972292","-91.07895","-6","1"
"70762","Oscar","LA","30.609979","-91.46181","-6","1"
"70763","Paulina","LA","30.03318","-90.73674","-6","1"
"70764","Plaquemine","LA","30.270694","-91.24853","-6","1"
"70765","Plaquemine","LA","30.261384","-91.36026","-6","1"
"70767","Port Allen","LA","30.473536","-91.26324","-6","1"
"70769","Prairieville","LA","30.31144","-90.93955","-6","1"
"70770","Pride","LA","30.642585","-90.99489","-6","1"
"70772","Rosedale","LA","30.439483","-91.46806","-6","1"
"70773","Rougon","LA","30.613588","-91.36361","-6","1"
"70774","Saint Amant","LA","30.212699","-90.81947","-6","1"
"70775","Saint Francisville","LA","30.857355","-91.37308","-6","1"
"70776","Saint Gabriel","LA","30.264611","-91.09595","-6","1"
"70777","Slaughter","LA","30.722133","-91.10915","-6","1"
"70778","Sorrento","LA","30.182068","-90.85707","-6","1"
"70780","Sunshine","LA","30.287104","-91.15362","-6","1"
"70781","Torbert","LA","30.561065","-91.48607","-6","1"
"70782","Tunica","LA","30.934986","-91.53701","-6","1"
"70783","Ventress","LA","30.680083","-91.39852","-6","1"
"70784","Wakefield","LA","30.917453","-91.358149","-6","1"
"70785","Walker","LA","30.521962","-90.84035","-6","1"
"70786","Watson","LA","30.550219","-90.958219","-6","1"
"70787","Weyanoke","LA","30.962103","-91.47351","-6","1"
"70788","White Castle","LA","30.153959","-91.1593","-6","1"
"70789","Wilson","LA","30.925815","-91.09672","-6","1"
"70791","Zachary","LA","30.655578","-91.14015","-6","1"
"70792","Uncle Sam","LA","30.027914","-90.802759","-6","1"
"70801","Baton Rouge","LA","30.44884","-91.18633","-6","1"
"70802","Baton Rouge","LA","30.44629","-91.17305","-6","1"
"70803","Baton Rouge","LA","30.405002","-91.186834","-6","1"
"70804","Baton Rouge","LA","30.386267","-91.133905","-6","1"
"70805","Baton Rouge","LA","30.485639","-91.15612","-6","1"
"70806","Baton Rouge","LA","30.44495","-91.13806","-6","1"
"70807","Baton Rouge","LA","30.534088","-91.17865","-6","1"
"70808","Baton Rouge","LA","30.411391","-91.1497","-6","1"
"70809","Baton Rouge","LA","30.403341","-91.08035","-6","1"
"70810","Baton Rouge","LA","30.361609","-91.09041","-6","1"
"70811","Baton Rouge","LA","30.525121","-91.13185","-6","1"
"70812","Baton Rouge","LA","30.504989","-91.1188","-6","1"
"70813","Baton Rouge","LA","30.520111","-91.194863","-6","1"
"70814","Baton Rouge","LA","30.484756","-91.06862","-6","1"
"70815","Baton Rouge","LA","30.45514","-91.06358","-6","1"
"70816","Baton Rouge","LA","30.425791","-91.03815","-6","1"
"70817","Baton Rouge","LA","30.387642","-90.99921","-6","1"
"70818","Baton Rouge","LA","30.537938","-91.04812","-6","1"
"70819","Baton Rouge","LA","30.46534","-91.01659","-6","1"
"70820","Baton Rouge","LA","30.373865","-91.17065","-6","1"
"70821","Baton Rouge","LA","30.461252","-91.044723","-6","1"
"70822","Baton Rouge","LA","30.51589","-91.080373","-6","1"
"70823","Baton Rouge","LA","30.51589","-91.080373","-6","1"
"70825","Baton Rouge","LA","30.51589","-91.080373","-6","1"
"70826","Baton Rouge","LA","30.51589","-91.080373","-6","1"
"70827","Baton Rouge","LA","30.433837","-91.082468","-6","1"
"70831","Baton Rouge","LA","30.51589","-91.080373","-6","1"
"70832","Elton","LA","30.484853","-92.694679","-6","1"
"70833","Baton Rouge","LA","30.51589","-91.080373","-6","1"
"70835","Baton Rouge","LA","30.51589","-91.080373","-6","1"
"70836","Baton Rouge","LA","30.388292","-91.08631","-6","1"
"70837","Baton Rouge","LA","30.51589","-91.080373","-6","1"
"70848","Baton Rouge","LA","30.433083","-91.102808","-6","1"
"70874","Baton Rouge","LA","30.590238","-91.2054","-6","1"
"70879","Baton Rouge","LA","30.51589","-91.080373","-6","1"
"70883","Baton Rouge","LA","30.51589","-91.080373","-6","1"
"70884","Baton Rouge","LA","30.51589","-91.080373","-6","1"
"70892","Baton Rouge","LA","30.51589","-91.080373","-6","1"
"70893","Baton Rouge","LA","30.412991","-91.171456","-6","1"
"70894","Baton Rouge","LA","30.51589","-91.080373","-6","1"
"70895","Baton Rouge","LA","30.51589","-91.080373","-6","1"
"70896","Baton Rouge","LA","30.51589","-91.080373","-6","1"
"70898","Baton Rouge","LA","30.51589","-91.080373","-6","1"
"70952","Youngsville","LA","30.117148","-91.990319","-6","1"
"71001","Arcadia","LA","32.57761","-92.9062","-6","1"
"71002","Ashland","LA","32.129489","-93.08273","-6","1"
"71003","Athens","LA","32.642811","-93.01709","-6","1"
"71004","Belcher","LA","32.765739","-93.88028","-6","1"
"71006","Benton","LA","32.697056","-93.6991","-6","1"
"71007","Bethany","LA","32.420611","-94.00923","-6","1"
"71008","Bienville","LA","32.331964","-92.95173","-6","1"
"71009","Blanchard","LA","32.579853","-93.89317","-6","1"
"71016","Castor","LA","32.204949","-93.10383","-6","1"
"71018","Cotton Valley","LA","32.803257","-93.40802","-6","1"
"71019","Coushatta","LA","32.050033","-93.31928","-6","1"
"71021","Cullen","LA","32.969535","-93.44959","-6","1"
"71023","Doyline","LA","32.487485","-93.39035","-6","1"
"71024","Dubberly","LA","32.502528","-93.21326","-6","1"
"71025","East Point","LA","32.062391","-93.367949","-6","1"
"71027","Frierson","LA","32.234006","-93.69008","-6","1"
"71028","Gibsland","LA","32.518748","-93.05705","-6","1"
"71029","Gilliam","LA","32.828541","-93.83918","-6","1"
"71030","Gloster","LA","32.191147","-93.8191","-6","1"
"71031","Goldonna","LA","32.01716","-92.9059","-6","1"
"71032","Grand Cane","LA","32.110359","-93.78584","-6","1"
"71033","Greenwood","LA","32.453029","-93.99683","-6","1"
"71034","Hall Summit","LA","32.176112","-93.30398","-6","1"
"71036","Harmon","LA","32.062391","-93.367949","-6","1"
"71037","Haughton","LA","32.569798","-93.55133","-6","1"
"71038","Haynesville","LA","32.954851","-93.11344","-6","1"
"71039","Heflin","LA","32.429157","-93.29549","-6","1"
"71040","Homer","LA","32.78288","-93.03176","-6","1"
"71043","Hosston","LA","32.890777","-93.87995","-6","1"
"71044","Ida","LA","32.983957","-93.89254","-6","1"
"71045","Jamestown","LA","32.342739","-93.16075","-6","1"
"71046","Keatchie","LA","32.168532","-93.95402","-6","1"
"71047","Keithville","LA","32.309864","-93.87089","-6","1"
"71048","Lisbon","LA","32.830135","-92.85568","-6","1"
"71049","Logansport","LA","31.991863","-93.98356","-6","1"
"71050","Longstreet","LA","32.117539","-93.913834","-6","1"
"71051","Elm Grove","LA","32.31718","-93.50366","-6","1"
"71052","Mansfield","LA","32.031067","-93.68585","-6","1"
"71053","South Mansfield","LA","32.048905","-93.608059","-6","1"
"71055","Minden","LA","32.631009","-93.28751","-6","1"
"71058","Minden","LA","32.576948","-93.250705","-6","1"
"71059","Mansfield","LA","32.044529","-93.691972","-6","1"
"71060","Mooringsport","LA","32.679068","-93.97534","-6","1"
"71061","Oil City","LA","32.748354","-93.97188","-6","1"
"71063","Pelican","LA","31.920574","-93.48365","-6","1"
"71064","Plain Dealing","LA","32.913383","-93.68912","-6","1"
"71065","Pleasant Hill","LA","31.810803","-93.5082","-6","1"
"71066","Powhatan","LA","31.874172","-93.19719","-6","1"
"71067","Princeton","LA","32.596886","-93.5026","-6","1"
"71068","Ringgold","LA","32.304429","-93.33008","-6","1"
"71069","Rodessa","LA","32.978828","-93.99733","-6","1"
"71070","Saline","LA","32.122435","-92.98414","-6","1"
"71071","Sarepta","LA","32.924798","-93.45295","-6","1"
"71072","Shongaloo","LA","32.941481","-93.3102","-6","1"
"71073","Sibley","LA","32.535107","-93.30297","-6","1"
"71075","Springhill","LA","32.994597","-93.45992","-6","1"
"71076","Castor","LA","32.25043","-93.155616","-6","1"
"71078","Stonewall","LA","32.278422","-93.79469","-6","1"
"71079","Summerfield","LA","32.937726","-92.80471","-6","1"
"71080","Taylor","LA","32.366002","-93.101086","-6","1"
"71082","Vivian","LA","32.849008","-93.97599","-6","1"
"71095","Jamestown","LA","32.34205","-93.203923","-6","1"
"71101","Shreveport","LA","32.505352","-93.74861","-6","1"
"71102","Shreveport","LA","32.607556","-93.75256","-6","1"
"71103","Shreveport","LA","32.490777","-93.76761","-6","1"
"71104","Shreveport","LA","32.484232","-93.73671","-6","1"
"71105","Shreveport","LA","32.457903","-93.7133","-6","1"
"71106","Shreveport","LA","32.426104","-93.74542","-6","1"
"71107","Shreveport","LA","32.56443","-93.8305","-6","1"
"71108","Shreveport","LA","32.449286","-93.78","-6","1"
"71109","Shreveport","LA","32.474453","-93.80022","-6","1"
"71110","Barksdale AFB","LA","32.477994","-93.61918","-6","1"
"71111","Bossier City","LA","32.552315","-93.70836","-6","1"
"71112","Bossier City","LA","32.478752","-93.6704","-6","1"
"71113","Bossier City","LA","32.62762","-93.608968","-6","1"
"71115","Shreveport","LA","32.350987","-93.62938","-6","1"
"71118","Shreveport","LA","32.397255","-93.8043","-6","1"
"71119","Shreveport","LA","32.487601","-93.89064","-6","1"
"71120","Shreveport","LA","32.607556","-93.75256","-6","1"
"71129","Shreveport","LA","32.42067","-93.8877","-6","1"
"71130","Shreveport","LA","32.607556","-93.75256","-6","1"
"71133","Shreveport","LA","32.607556","-93.75256","-6","1"
"71134","Shreveport","LA","32.607556","-93.75256","-6","1"
"71135","Shreveport","LA","32.607556","-93.75256","-6","1"
"71136","Shreveport","LA","32.607556","-93.75256","-6","1"
"71137","Shreveport","LA","32.607556","-93.75256","-6","1"
"71138","Shreveport","LA","32.607556","-93.75256","-6","1"
"71148","Shreveport","LA","32.607556","-93.75256","-6","1"
"71149","Shreveport","LA","32.607556","-93.75256","-6","1"
"71151","Shreveport","LA","32.607556","-93.75256","-6","1"
"71152","Shreveport","LA","32.607556","-93.75256","-6","1"
"71153","Shreveport","LA","32.607556","-93.75256","-6","1"
"71154","Shreveport","LA","32.607556","-93.75256","-6","1"
"71156","Shreveport","LA","32.607556","-93.75256","-6","1"
"71161","Shreveport","LA","32.607556","-93.75256","-6","1"
"71162","Shreveport","LA","32.607556","-93.75256","-6","1"
"71163","Shreveport","LA","32.607556","-93.75256","-6","1"
"71164","Shreveport","LA","32.607556","-93.75256","-6","1"
"71165","Shreveport","LA","32.607556","-93.75256","-6","1"
"71166","Shreveport","LA","32.607556","-93.75256","-6","1"
"71171","Bossier City","LA","32.62762","-93.608968","-6","1"
"71172","Bossier City","LA","32.62762","-93.608968","-6","1"
"71201","Monroe","LA","32.519393","-92.10755","-6","1"
"71202","Monroe","LA","32.456862","-92.08881","-6","1"
"71203","Monroe","LA","32.547067","-92.04384","-6","1"
"71207","Monroe","LA","32.490777","-92.159354","-6","1"
"71208","Monroe","LA","32.496764","-92.075615","-6","1"
"71209","Monroe","LA","32.527693","-92.075583","-6","1"
"71210","Monroe","LA","32.490777","-92.159354","-6","1"
"71211","Monroe","LA","32.490777","-92.159354","-6","1"
"71212","Monroe","LA","32.528593","-92.072683","-6","1"
"71213","Monroe","LA","32.490777","-92.159354","-6","1"
"71218","Archibald","LA","32.350427","-91.7722","-6","1"
"71219","Baskin","LA","32.308243","-91.71527","-6","1"
"71220","Bastrop","LA","32.814969","-91.90678","-6","1"
"71221","Bastrop","LA","32.823863","-91.843528","-6","1"
"71222","Bernice","LA","32.829213","-92.65296","-6","1"
"71223","Bonita","LA","32.919093","-91.67737","-6","1"
"71225","Calhoun","LA","32.507942","-92.34923","-6","1"
"71226","Chatham","LA","32.277816","-92.45283","-6","1"
"71227","Choudrant","LA","32.533389","-92.49164","-6","1"
"71229","Collinston","LA","32.678312","-91.89546","-6","1"
"71230","Crowville","LA","32.138935","-91.691899","-6","1"
"71232","Delhi","LA","32.438621","-91.50809","-6","1"
"71233","Delta","LA","32.341594","-91.216458","-6","1"
"71234","Downsville","LA","32.641967","-92.3529","-6","1"
"71235","Dubach","LA","32.683644","-92.67179","-6","1"
"71237","Epps","LA","32.597244","-91.47664","-6","1"
"71238","Eros","LA","32.361562","-92.37517","-6","1"
"71240","Fairbanks","LA","32.490777","-92.159354","-6","1"
"71241","Farmerville","LA","32.764289","-92.37657","-6","1"
"71242","Forest","LA","32.82388","-91.398944","-6","1"
"71243","Fort Necessity","LA","31.950754","-91.78463","-6","1"
"71245","Grambling","LA","32.526277","-92.71794","-6","1"
"71247","Hodge","LA","32.272141","-92.72489","-6","1"
"71249","Jigger","LA","32.138935","-91.691899","-6","1"
"71250","Jones","LA","32.978295","-91.61945","-6","1"
"71251","Jonesboro","LA","32.229884","-92.69763","-6","1"
"71253","Kilbourne","LA","32.995821","-91.31686","-6","1"
"71254","Lake Providence","LA","32.806899","-91.20759","-6","1"
"71256","Lillie","LA","32.957004","-92.70152","-6","1"
"71259","Mangham","LA","32.286179","-91.80804","-6","1"
"71260","Marion","LA","32.885372","-92.23581","-6","1"
"71261","Mer Rouge","LA","32.770852","-91.74361","-6","1"
"71263","Oak Grove","LA","32.887552","-91.4107","-6","1"
"71264","Oak Ridge","LA","32.601149","-91.79917","-6","1"
"71266","Pioneer","LA","32.714211","-91.45776","-6","1"
"71268","Quitman","LA","32.341112","-92.72027","-6","1"
"71269","Rayville","LA","32.457301","-91.78754","-6","1"
"71270","Ruston","LA","32.52476","-92.64696","-6","1"
"71272","Ruston","LA","32.525825","-92.649298","-6","1"
"71273","Ruston","LA","32.606535","-92.648384","-6","1"
"71275","Simsboro","LA","32.513699","-92.80633","-6","1"
"71276","Sondheimer","LA","32.582205","-91.11541","-6","1"
"71277","Spearsville","LA","32.957393","-92.57935","-6","1"
"71279","Start","LA","32.49191","-91.856326","-6","1"
"71280","Sterlington","LA","32.700356","-92.08283","-6","1"
"71281","Swartz","LA","32.490777","-92.159354","-6","1"
"71282","Tallulah","LA","32.397286","-91.17657","-6","1"
"71284","Tallulah","LA","32.341594","-91.216458","-6","1"
"71286","Transylvania","LA","32.660116","-91.20531","-6","1"
"71291","West Monroe","LA","32.526944","-92.1599","-6","1"
"71292","West Monroe","LA","32.456034","-92.18276","-6","1"
"71294","West Monroe","LA","32.490777","-92.159354","-6","1"
"71295","Winnsboro","LA","32.156791","-91.72874","-6","1"
"71301","Alexandria","LA","31.294532","-92.46015","-6","1"
"71302","Alexandria","LA","31.261716","-92.42469","-6","1"
"71303","Alexandria","LA","31.302432","-92.50515","-6","1"
"71306","Alexandria","LA","31.075638","-92.446135","-6","1"
"71307","Alexandria","LA","31.203393","-92.526927","-6","1"
"71309","Alexandria","LA","31.30473","-92.619593","-6","1"
"71315","Alexandria","LA","31.139651","-92.398384","-6","1"
"71316","Acme","LA","31.252471","-91.77031","-6","1"
"71320","Bordelonville","LA","31.1741","-91.72501","-6","1"
"71322","Bunkie","LA","30.920328","-92.16809","-6","1"
"71323","Center Point","LA","31.247945","-92.21624","-6","1"
"71324","Chase","LA","32.138935","-91.691899","-6","1"
"71325","Cheneyville","LA","30.996931","-92.32228","-6","1"
"71326","Clayton","LA","31.755985","-91.57852","-6","1"
"71327","Cottonport","LA","30.98676","-92.04319","-6","1"
"71328","Deville","LA","31.365331","-92.19546","-6","1"
"71329","Dupont","LA","31.095889","-91.97899","-6","1"
"71330","Echo","LA","31.110171","-92.23657","-6","1"
"71331","Effie","LA","31.21968","-92.07345","-6","1"
"71333","Evergreen","LA","30.930026","-92.08955","-6","1"
"71334","Ferriday","LA","31.667978","-91.51382","-6","1"
"71336","Gilbert","LA","32.037425","-91.64475","-6","1"
"71339","Hamburg","LA","31.024614","-91.92715","-6","1"
"71340","Harrisonburg","LA","31.765818","-91.82382","-6","1"
"71341","Hessmer","LA","31.060792","-92.15702","-6","1"
"71342","Jena","LA","31.654792","-92.12872","-6","1"
"71343","Jonesville","LA","31.586986","-91.86725","-6","1"
"71345","Lebeau","LA","30.728695","-91.9727","-6","1"
"71346","Lecompte","LA","31.114462","-92.40455","-6","1"
"71348","Libuse","LA","31.203393","-92.526927","-6","1"
"71350","Mansura","LA","31.067379","-92.05447","-6","1"
"71351","Marksville","LA","31.140727","-92.08056","-6","1"
"71353","Melville","LA","30.698425","-91.75288","-6","1"
"71354","Monterey","LA","31.381317","-91.76914","-6","1"
"71355","Moreauville","LA","31.05305","-91.91001","-6","1"
"71356","Morrow","LA","30.835875","-92.06564","-6","1"
"71357","Newellton","LA","32.090387","-91.24121","-6","1"
"71358","Palmetto","LA","30.717386","-91.89085","-6","1"
"71359","Pineville","LA","31.203393","-92.526927","-6","1"
"71360","Pineville","LA","31.352105","-92.4006","-6","1"
"71361","Pineville","LA","31.36923","-92.419836","-6","1"
"71362","Plaucheville","LA","30.945975","-91.95294","-6","1"
"71363","Rhinehart","LA","31.596272","-91.77941","-6","1"
"71365","Ruby","LA","31.203393","-92.526927","-6","1"
"71366","Saint Joseph","LA","31.924224","-91.31265","-6","1"
"71367","Saint Landry","LA","30.895994","-92.3126","-6","1"
"71368","Sicily Island","LA","31.85889","-91.67463","-6","1"
"71369","Simmesport","LA","30.966506","-91.82242","-6","1"
"71371","Trout","LA","31.695553","-92.22751","-6","1"
"71373","Vidalia","LA","31.540784","-91.48698","-6","1"
"71375","Waterproof","LA","31.796575","-91.4343","-6","1"
"71377","Wildsville","LA","31.615767","-91.78713","-6","1"
"71378","Wisner","LA","31.938233","-91.70832","-6","1"
"71401","Aimwell","LA","31.769334","-91.97998","-6","1"
"71403","Anacoco","LA","31.215039","-93.42301","-6","1"
"71404","Atlanta","LA","31.755314","-92.75474","-6","1"
"71405","Ball","LA","31.415125","-92.394536","-6","1"
"71406","Belmont","LA","31.733049","-93.51746","-6","1"
"71407","Bentley","LA","31.527479","-92.48404","-6","1"
"71409","Boyce","LA","31.332031","-92.67485","-6","1"
"71410","Calvin","LA","31.963299","-92.77985","-6","1"
"71411","Campti","LA","31.903462","-93.09805","-6","1"
"71414","Clarence","LA","31.817257","-93.02552","-6","1"
"71415","Clarks","LA","32.026445","-92.13951","-6","1"
"71416","Cloutierville","LA","31.541077","-92.89842","-6","1"
"71417","Colfax","LA","31.5254","-92.6815","-6","1"
"71418","Columbia","LA","32.130124","-92.06755","-6","1"
"71419","Converse","LA","31.80442","-93.71835","-6","1"
"71422","Dodson","LA","32.08115","-92.63979","-6","1"
"71423","Dry Prong","LA","31.563093","-92.54954","-6","1"
"71424","Elmer","LA","31.168617","-92.6977","-6","1"
"71425","Enterprise","LA","31.899409","-91.91043","-6","1"
"71426","Fisher","LA","31.492622","-93.46457","-6","1"
"71427","Flatwoods","LA","31.378139","-92.88735","-6","1"
"71428","Flora","LA","31.612444","-93.097958","-6","1"
"71429","Florien","LA","31.398236","-93.44422","-6","1"
"71430","Forest Hill","LA","31.050239","-92.52474","-6","1"
"71431","Gardner","LA","31.258681","-92.677545","-6","1"
"71432","Georgetown","LA","31.759474","-92.38927","-6","1"
"71433","Glenmora","LA","31.004922","-92.62099","-6","1"
"71434","Gorum","LA","31.440908","-92.94724","-6","1"
"71435","Grayson","LA","32.024884","-92.16421","-6","1"
"71436","McNary","LA","30.97759","-92.572039","-6","1"
"71438","Hineston","LA","31.118135","-92.79996","-6","1"
"71439","Hornbeck","LA","31.330255","-93.38882","-6","1"
"71440","Joyce","LA","31.951166","-92.565884","-6","1"
"71441","Kelly","LA","31.95047","-92.15107","-6","1"
"71443","Kurthwood","LA","31.1019","-93.361238","-6","1"
"71444","Lacamp","LA","31.120174","-93.104943","-6","1"
"71446","Leesville","LA","31.138723","-93.22745","-6","1"
"71447","Lena","LA","31.452874","-92.79465","-6","1"
"71448","Longleaf","LA","31.203393","-92.526927","-6","1"
"71449","Many","LA","31.514631","-93.54869","-6","1"
"71450","Marthaville","LA","31.77112","-93.41547","-6","1"
"71452","Melrose","LA","31.612618","-92.98075","-6","1"
"71454","Montgomery","LA","31.671252","-92.85932","-6","1"
"71455","Mora","LA","31.371519","-92.97318","-6","1"
"71456","Natchez","LA","31.660742","-92.98886","-6","1"
"71457","Natchitoches","LA","31.751287","-93.09021","-6","1"
"71458","Natchitoches","LA","31.747563","-93.079055","-6","1"
"71459","Leesville","LA","31.072209","-93.21762","-6","1"
"71460","Negreet","LA","31.448907","-93.621234","-6","1"
"71461","Newllano","LA","31.114793","-93.27979","-6","1"
"71462","Noble","LA","31.672295","-93.71997","-6","1"
"71463","Oakdale","LA","30.806617","-92.65224","-6","1"
"71465","Olla","LA","31.861406","-92.19259","-6","1"
"71466","Otis","LA","31.200922","-92.72641","-6","1"
"71467","Pollock","LA","31.529155","-92.39418","-6","1"
"71468","Provencal","LA","31.494144","-93.17508","-6","1"
"71469","Robeline","LA","31.693192","-93.29586","-6","1"
"71471","Saint Maurice","LA","31.749699","-92.927989","-6","1"
"71472","Sieper","LA","31.206148","-92.80459","-6","1"
"71473","Sikes","LA","32.100491","-92.43442","-6","1"
"71474","Simpson","LA","31.252873","-93.02395","-6","1"
"71475","Slagle","LA","31.111979","-93.200936","-6","1"
"71477","Tioga","LA","31.399855","-92.604193","-6","1"
"71479","Tullos","LA","31.823038","-92.34017","-6","1"
"71480","Urania","LA","31.861708","-92.29141","-6","1"
"71481","Verda","LA","31.592547","-92.58483","-6","1"
"71483","Winnfield","LA","31.915828","-92.6445","-6","1"
"71485","Woodworth","LA","31.163538","-92.50144","-6","1"
"71486","Zwolle","LA","31.597407","-93.66397","-6","1"
"71496","Leesville","LA","31.110298","-93.289988","-6","1"
"71497","Natchitoches","LA","31.747563","-93.079055","-6","1"
"71545","Montgomery","LA","31.66581","-92.890325","-6","1"
