"27006","Advance","NC","35.954679","-80.44132","-5","1"
"27007","Ararat","NC","36.390363","-80.58746","-5","1"
"27009","Belews Creek","NC","36.236829","-80.07495","-5","1"
"27010","Bethania","NC","36.182975","-80.338662","-5","1"
"27011","Boonville","NC","36.218385","-80.70955","-5","1"
"27012","Clemmons","NC","36.027101","-80.39312","-5","1"
"27013","Cleveland","NC","35.73956","-80.69407","-5","1"
"27014","Cooleemee","NC","35.812635","-80.55724","-5","1"
"27016","Danbury","NC","36.429179","-80.19588","-5","1"
"27017","Dobson","NC","36.367258","-80.72296","-5","1"
"27018","East Bend","NC","36.198622","-80.52694","-5","1"
"27019","Germanton","NC","36.297049","-80.23777","-5","1"
"27020","Hamptonville","NC","36.115196","-80.81872","-5","1"
"27021","King","NC","36.293122","-80.3546","-5","1"
"27022","Lawsonville","NC","36.52235","-80.22195","-5","1"
"27023","Lewisville","NC","36.097767","-80.42715","-5","1"
"27024","Lowgap","NC","36.520921","-80.84824","-5","1"
"27025","Madison","NC","36.383107","-79.97451","-5","1"
"27027","Mayodan","NC","36.421448","-79.97458","-5","1"
"27028","Mocksville","NC","35.920477","-80.57143","-5","1"
"27030","Mount Airy","NC","36.49376","-80.62336","-5","1"
"27031","White Plains","NC","36.399366","-80.70809","-5","1"
"27040","Pfafftown","NC","36.182718","-80.36487","-5","1"
"27041","Pilot Mountain","NC","36.398995","-80.48006","-5","1"
"27042","Pine Hall","NC","36.335676","-80.05135","-5","1"
"27043","Pinnacle","NC","36.331502","-80.4417","-5","1"
"27045","Rural Hall","NC","36.232354","-80.30391","-5","1"
"27046","Sandy Ridge","NC","36.488575","-80.09267","-5","1"
"27047","Siloam","NC","36.305687","-80.5824","-5","1"
"27048","Stoneville","NC","36.47266","-79.90522","-5","1"
"27049","Toast","NC","36.551332","-80.655786","-5","1"
"27050","Tobaccoville","NC","36.235252","-80.38089","-5","1"
"27051","Walkertown","NC","36.174243","-80.16679","-5","1"
"27052","Walnut Cove","NC","36.298241","-80.14383","-5","1"
"27053","Westfield","NC","36.473951","-80.34752","-5","1"
"27054","Woodleaf","NC","35.787743","-80.59377","-5","1"
"27055","Yadkinville","NC","36.12301","-80.64557","-5","1"
"27094","Rural Hall","NC","36.027482","-80.20728","-5","1"
"27098","Rural Hall","NC","36.027482","-80.20728","-5","1"
"27099","Rural Hall","NC","36.027482","-80.20728","-5","1"
"27101","Winston Salem","NC","36.107037","-80.21918","-5","1"
"27102","Winston Salem","NC","36.032304","-80.396168","-5","1"
"27103","Winston Salem","NC","36.066545","-80.30733","-5","1"
"27104","Winston Salem","NC","36.094104","-80.31503","-5","1"
"27105","Winston Salem","NC","36.147887","-80.23423","-5","1"
"27106","Winston Salem","NC","36.141395","-80.3137","-5","1"
"27107","Winston Salem","NC","36.046215","-80.18998","-5","1"
"27108","Winston Salem","NC","36.027482","-80.20728","-5","1"
"27109","Winston Salem","NC","36.133577","-80.2768","-5","1"
"27110","Winston Salem","NC","36.027482","-80.20728","-5","1"
"27111","Winston Salem","NC","36.027482","-80.20728","-5","1"
"27113","Winston Salem","NC","36.027482","-80.20728","-5","1"
"27114","Winston Salem","NC","36.027482","-80.20728","-5","1"
"27115","Winston Salem","NC","36.027482","-80.20728","-5","1"
"27116","Winston Salem","NC","36.027482","-80.20728","-5","1"
"27117","Winston Salem","NC","36.027482","-80.20728","-5","1"
"27120","Winston Salem","NC","36.027482","-80.20728","-5","1"
"27127","Winston Salem","NC","36.039398","-80.26171","-5","1"
"27130","Winston Salem","NC","36.027482","-80.20728","-5","1"
"27144","Salisbury","NC","35.708966","-80.464515","-5","1"
"27150","Winston Salem","NC","36.027482","-80.20728","-5","1"
"27151","Winston Salem","NC","36.027482","-80.20728","-5","1"
"27152","Winston Salem","NC","36.027482","-80.20728","-5","1"
"27155","Winston Salem","NC","36.027482","-80.20728","-5","1"
"27156","Winston Salem","NC","36.027482","-80.20728","-5","1"
"27157","Winston Salem","NC","36.027482","-80.20728","-5","1"
"27198","Winston Salem","NC","36.027482","-80.20728","-5","1"
"27199","Winston Salem","NC","36.027482","-80.20728","-5","1"
"27201","Alamance","NC","36.031836","-79.485643","-5","1"
"27202","Altamahaw","NC","36.185712","-79.50496","-5","1"
"27203","Asheboro","NC","35.686122","-79.82919","-5","1"
"27204","Asheboro","NC","35.788286","-79.720556","-5","1"
"27205","Asheboro","NC","35.665973","-79.832161","-5","1"
"27207","Bear Creek","NC","35.613837","-79.38984","-5","1"
"27208","Bennett","NC","35.559258","-79.54591","-5","1"
"27209","Biscoe","NC","35.354158","-79.76839","-5","1"
"27212","Blanch","NC","36.461871","-79.26388","-5","1"
"27213","Bonlee","NC","35.648194","-79.414859","-5","1"
"27214","Browns Summit","NC","36.205771","-79.69839","-5","1"
"27215","Burlington","NC","36.072336","-79.4698","-5","1"
"27216","Burlington","NC","36.047523","-79.479743","-5","1"
"27217","Burlington","NC","36.132737","-79.41135","-5","1"
"27220","Burlington","NC","36.046677","-79.389631","-5","1"
"27228","Bynum","NC","35.783476","-79.129791","-5","1"
"27229","Candor","NC","35.280008","-79.79467","-5","1"
"27230","Cedar Falls","NC","35.802758","-79.879711","-5","1"
"27231","Cedar Grove","NC","36.207994","-79.16879","-5","1"
"27233","Climax","NC","35.911979","-79.69566","-5","1"
"27235","Colfax","NC","36.092076","-80.01009","-5","1"
"27237","Cumnock","NC","35.467567","-79.165314","-5","1"
"27239","Denton","NC","35.618434","-80.10517","-5","1"
"27242","Eagle Springs","NC","35.307299","-79.65327","-5","1"
"27243","Efland","NC","36.082138","-79.18649","-5","1"
"27244","Elon College","NC","36.152742","-79.50839","-5","1"
"27247","Ether","NC","35.451411","-79.783404","-5","1"
"27248","Franklinville","NC","35.761433","-79.69835","-5","1"
"27249","Gibsonville","NC","36.125747","-79.56352","-5","1"
"27252","Goldston","NC","35.564257","-79.35011","-5","1"
"27253","Graham","NC","36.031837","-79.37815","-5","1"
"27256","Gulf","NC","35.562184","-79.28751","-5","1"
"27258","Haw River","NC","36.064176","-79.34421","-5","1"
"27259","Highfalls","NC","35.492077","-79.479016","-5","1"
"27260","High Point","NC","35.950436","-79.99345","-5","1"
"27261","High Point","NC","36.080707","-80.0244","-5","1"
"27262","High Point","NC","35.964586","-80.02239","-5","1"
"27263","High Point","NC","35.914548","-79.96062","-5","1"
"27264","High Point","NC","36.080707","-80.0244","-5","1"
"27265","High Point","NC","36.017647","-80.00628","-5","1"
"27278","Hillsborough","NC","36.079726","-79.09459","-5","1"
"27281","Jackson Springs","NC","35.177643","-79.60491","-5","1"
"27282","Jamestown","NC","35.998221","-79.93573","-5","1"
"27283","Julian","NC","35.936904","-79.63191","-5","1"
"27284","Kernersville","NC","36.119887","-80.08726","-5","1"
"27285","Kernersville","NC","36.027482","-80.20728","-5","1"
"27288","Eden","NC","36.505996","-79.74935","-5","1"
"27289","Eden","NC","36.392135","-79.773094","-5","1"
"27291","Leasburg","NC","36.415102","-79.14221","-5","1"
"27292","Lexington","NC","35.775789","-80.23174","-5","1"
"27293","Lexington","NC","35.882943","-80.275963","-5","1"
"27294","Lexington","NC","35.882943","-80.275963","-5","1"
"27295","Lexington","NC","35.856896","-80.28961","-5","1"
"27298","Liberty","NC","35.884276","-79.56809","-5","1"
"27299","Linwood","NC","35.752578","-80.37587","-5","1"
"27301","McLeansville","NC","36.108536","-79.6808","-5","1"
"27302","Mebane","NC","36.111449","-79.27142","-5","1"
"27305","Milton","NC","36.532166","-79.21379","-5","1"
"27306","Mount Gilead","NC","35.227919","-79.99741","-5","1"
"27310","Oak Ridge","NC","36.178137","-79.9842","-5","1"
"27311","Pelham","NC","36.49076","-79.48073","-5","1"
"27312","Pittsboro","NC","35.756091","-79.17848","-5","1"
"27313","Pleasant Garden","NC","35.937595","-79.75441","-5","1"
"27314","Prospect Hill","NC","36.285009","-79.19809","-5","1"
"27315","Providence","NC","36.512448","-79.37498","-5","1"
"27316","Ramseur","NC","35.711954","-79.63723","-5","1"
"27317","Randleman","NC","35.817411","-79.80389","-5","1"
"27320","Reidsville","NC","36.345919","-79.67075","-5","1"
"27321","Reidsville","NC","36.347568","-79.680318","-5","1"
"27322","Reidsville","NC","36.392135","-79.773094","-5","1"
"27323","Reidsville","NC","36.392135","-79.773094","-5","1"
"27325","Robbins","NC","35.447663","-79.57555","-5","1"
"27326","Ruffin","NC","36.478349","-79.55518","-5","1"
"27330","Sanford","NC","35.458804","-79.16415","-5","1"
"27331","Sanford","NC","35.372577","-79.276577","-5","1"
"27332","Sanford","NC","35.401023","-79.14419","-5","1"
"27340","Saxapahaw","NC","35.948814","-79.329664","-5","1"
"27341","Seagrove","NC","35.53332","-79.71018","-5","1"
"27342","Sedalia","NC","36.075975","-79.63132","-5","1"
"27343","Semora","NC","36.495772","-79.09331","-5","1"
"27344","Siler City","NC","35.729692","-79.44984","-5","1"
"27349","Snow Camp","NC","35.897155","-79.42344","-5","1"
"27350","Sophia","NC","35.808395","-79.90244","-5","1"
"27351","Southmont","NC","35.660548","-80.283647","-5","1"
"27355","Staley","NC","35.79386","-79.55521","-5","1"
"27356","Star","NC","35.414095","-79.78487","-5","1"
"27357","Stokesdale","NC","36.252154","-79.97548","-5","1"
"27358","Summerfield","NC","36.209976","-79.88921","-5","1"
"27359","Swepsonville","NC","36.021389","-79.357399","-5","1"
"27360","Thomasville","NC","35.871","-80.08603","-5","1"
"27361","Thomasville","NC","35.882943","-80.275963","-5","1"
"27370","Trinity","NC","35.843856","-79.9849","-5","1"
"27371","Troy","NC","35.382213","-79.92418","-5","1"
"27373","Wallburg","NC","35.882943","-80.275963","-5","1"
"27374","Welcome","NC","35.781848","-80.203546","-5","1"
"27375","Wentworth","NC","36.392135","-79.773094","-5","1"
"27376","West End","NC","35.248989","-79.54383","-5","1"
"27377","Whitsett","NC","36.050652","-79.59483","-5","1"
"27379","Yanceyville","NC","36.387904","-79.33107","-5","1"
"27391","Troy","NC","35.353048","-79.901349","-5","1"
"27397","Yanceyville","NC","36.403393","-79.333836","-5","1"
"27401","Greensboro","NC","36.071135","-79.77468","-5","1"
"27402","Greensboro","NC","36.106711","-79.791901","-5","1"
"27403","Greensboro","NC","36.064485","-79.82206","-5","1"
"27404","Greensboro","NC","36.080707","-80.0244","-5","1"
"27405","Greensboro","NC","36.107499","-79.75242","-5","1"
"27406","Greensboro","NC","36.022863","-79.77895","-5","1"
"27407","Greensboro","NC","36.025379","-79.87112","-5","1"
"27408","Greensboro","NC","36.101385","-79.81425","-5","1"
"27409","Greensboro","NC","36.083885","-79.94122","-5","1"
"27410","Greensboro","NC","36.116854","-79.88291","-5","1"
"27411","Greensboro","NC","36.080707","-80.0244","-5","1"
"27412","Greensboro","NC","36.066129","-79.806735","-5","1"
"27413","Greensboro","NC","36.080707","-80.0244","-5","1"
"27415","Greensboro","NC","36.080707","-80.0244","-5","1"
"27416","Greensboro","NC","36.080707","-80.0244","-5","1"
"27417","Greensboro","NC","36.080707","-80.0244","-5","1"
"27419","Greensboro","NC","36.080707","-80.0244","-5","1"
"27420","Greensboro","NC","36.112987","-79.775913","-5","1"
"27425","Greensboro","NC","36.080707","-80.0244","-5","1"
"27427","Greensboro","NC","36.080707","-80.0244","-5","1"
"27429","Greensboro","NC","36.080707","-80.0244","-5","1"
"27435","Greensboro","NC","36.080707","-80.0244","-5","1"
"27438","Greensboro","NC","36.080707","-80.0244","-5","1"
"27455","Greensboro","NC","36.156707","-79.80644","-5","1"
"27480","Greensboro","NC","36.080707","-80.0244","-5","1"
"27495","Greensboro","NC","36.080707","-80.0244","-5","1"
"27498","Greensboro","NC","36.080707","-80.0244","-5","1"
"27499","Greensboro","NC","36.080707","-80.0244","-5","1"
"27501","Angier","NC","35.494384","-78.71","-5","1"
"27502","Apex","NC","35.73663","-78.86462","-5","1"
"27503","Bahama","NC","36.158344","-78.87419","-5","1"
"27504","Benson","NC","35.390431","-78.53155","-5","1"
"27505","Broadway","NC","35.42638","-79.03409","-5","1"
"27506","Buies Creek","NC","35.406513","-78.73848","-5","1"
"27507","Bullock","NC","36.525791","-78.57014","-5","1"
"27508","Bunn","NC","35.954331","-78.25342","-5","1"
"27509","Butner","NC","36.138298","-78.75882","-5","1"
"27510","Carrboro","NC","35.912489","-79.08144","-5","1"
"27511","Cary","NC","35.755651","-78.77508","-5","1"
"27512","Cary","NC","35.808387","-78.839488","-5","1"
"27513","Cary","NC","35.797882","-78.79702","-5","1"
"27514","Chapel Hill","NC","35.915083","-79.02939","-5","1"
"27515","Chapel Hill","NC","36.05251","-79.107692","-5","1"
"27516","Chapel Hill","NC","35.912786","-79.10931","-5","1"
"27517","Chapel Hill","NC","35.892359","-79.020849","-5","1"
"27518","Cary","NC","35.797692","-78.625265","-5","1"
"27519","Cary","NC","35.76812","-78.829548","-5","1"
"27520","Clayton","NC","35.635275","-78.4489","-5","1"
"27521","Coats","NC","35.408375","-78.66964","-5","1"
"27522","Creedmoor","NC","36.111937","-78.69122","-5","1"
"27523","Eagle Rock","NC","35.797692","-78.625265","-5","1"
"27524","Four Oaks","NC","35.4152","-78.42116","-5","1"
"27525","Franklinton","NC","36.104866","-78.45893","-5","1"
"27526","Fuquay Varina","NC","35.575302","-78.80234","-5","1"
"27529","Garner","NC","35.679194","-78.60246","-5","1"
"27530","Goldsboro","NC","35.384344","-78.00893","-5","1"
"27531","Goldsboro","NC","35.463121","-77.995728","-5","1"
"27532","Goldsboro","NC","35.372045","-78.052422","-5","1"
"27533","Goldsboro","NC","35.372045","-78.052422","-5","1"
"27534","Goldsboro","NC","35.377069","-77.92463","-5","1"
"27536","Henderson","NC","36.340681","-78.39425","-5","1"
"27537","Henderson","NC","36.33705","-78.387374","-5","1"
"27539","Apex","NC","35.681429","-78.782556","-5","1"
"27540","Holly Springs","NC","35.643545","-78.83486","-5","1"
"27541","Hurdle Mills","NC","36.264894","-79.08338","-5","1"
"27542","Kenly","NC","35.606392","-78.13755","-5","1"
"27543","Kipling","NC","35.429849","-78.882395","-5","1"
"27544","Kittrell","NC","36.215193","-78.43861","-5","1"
"27545","Knightdale","NC","35.790516","-78.48345","-5","1"
"27546","Lillington","NC","35.396654","-78.83852","-5","1"
"27549","Louisburg","NC","36.062239","-78.24953","-5","1"
"27551","Macon","NC","36.474898","-78.04505","-5","1"
"27552","Mamers","NC","35.413579","-78.979964","-5","1"
"27553","Manson","NC","36.484233","-78.30615","-5","1"
"27555","Micro","NC","35.562142","-78.20349","-5","1"
"27556","Middleburg","NC","36.413473","-78.327491","-5","1"
"27557","Middlesex","NC","35.777862","-78.19889","-5","1"
"27559","Moncure","NC","35.631434","-79.0894","-5","1"
"27560","Morrisville","NC","35.846363","-78.83866","-5","1"
"27561","Raleigh","NC","35.898538","-78.738904","-5","1"
"27562","New Hill","NC","35.633286","-78.97271","-5","1"
"27563","Norlina","NC","36.450603","-78.21676","-5","1"
"27564","Creedmoor","NC","36.101529","-78.713346","-5","1"
"27565","Oxford","NC","36.340501","-78.61595","-5","1"
"27568","Pine Level","NC","35.511864","-78.24273","-5","1"
"27569","Princeton","NC","35.458912","-78.1638","-5","1"
"27570","Ridgeway","NC","36.441215","-78.24044","-5","1"
"27571","Rolesville","NC","35.921662","-78.45805","-5","1"
"27572","Rougemont","NC","36.238956","-78.88293","-5","1"
"27573","Roxboro","NC","36.414739","-78.97375","-5","1"
"27574","Roxboro","NC","36.416628","-78.970224","-5","1"
"27576","Selma","NC","35.557966","-78.26479","-5","1"
"27577","Smithfield","NC","35.506459","-78.34446","-5","1"
"27581","Stem","NC","36.195036","-78.72657","-5","1"
"27582","Stovall","NC","36.454831","-78.5702","-5","1"
"27583","Timberlake","NC","36.291896","-78.93552","-5","1"
"27584","Townsville","NC","36.528939","-78.44504","-5","1"
"27586","Vaughan","NC","36.37367","-78.110931","-5","1"
"27587","Wake Forest","NC","35.97154","-78.52241","-5","1"
"27588","Wake Forest","NC","35.973108","-78.450754","-5","1"
"27589","Warrenton","NC","36.378439","-78.13903","-5","1"
"27591","Wendell","NC","35.781595","-78.37287","-5","1"
"27592","Willow Spring","NC","35.554891","-78.67038","-5","1"
"27593","Wilsons Mills","NC","35.590731","-78.360723","-5","1"
"27594","Wise","NC","36.37367","-78.110931","-5","1"
"27596","Youngsville","NC","36.000487","-78.44921","-5","1"
"27597","Zebulon","NC","35.848039","-78.30135","-5","1"
"27599","Chapel Hill","NC","36.05251","-79.107692","-5","1"
"27601","Raleigh","NC","35.774451","-78.63274","-5","1"
"27602","Raleigh","NC","35.758667","-78.671089","-5","1"
"27603","Raleigh","NC","35.716105","-78.65734","-5","1"
"27604","Raleigh","NC","35.814572","-78.58348","-5","1"
"27605","Raleigh","NC","35.788284","-78.65316","-5","1"
"27606","Raleigh","NC","35.758268","-78.71783","-5","1"
"27607","Raleigh","NC","35.807458","-78.70086","-5","1"
"27608","Raleigh","NC","35.808451","-78.64667","-5","1"
"27609","Raleigh","NC","35.844753","-78.63263","-5","1"
"27610","Raleigh","NC","35.767829","-78.5861","-5","1"
"27611","Raleigh","NC","35.797692","-78.625265","-5","1"
"27612","Raleigh","NC","35.847788","-78.70161","-5","1"
"27613","Raleigh","NC","35.899208","-78.71161","-5","1"
"27614","Raleigh","NC","35.939255","-78.60317","-5","1"
"27615","Raleigh","NC","35.891726","-78.63203","-5","1"
"27616","Raleigh","NC","35.865441","-78.54929","-5","1"
"27617","Raleigh","NC","35.906016","-78.743197","-5","1"
"27619","Raleigh","NC","35.851463","-78.63141","-5","1"
"27620","Raleigh","NC","35.797692","-78.625265","-5","1"
"27621","Raleigh","NC","35.797692","-78.625265","-5","1"
"27622","Raleigh","NC","35.797692","-78.625265","-5","1"
"27623","Raleigh","NC","35.797692","-78.625265","-5","1"
"27624","Raleigh","NC","35.797692","-78.625265","-5","1"
"27625","Raleigh","NC","35.797692","-78.625265","-5","1"
"27626","Raleigh","NC","35.797692","-78.625265","-5","1"
"27627","Raleigh","NC","35.797692","-78.625265","-5","1"
"27628","Raleigh","NC","35.797692","-78.625265","-5","1"
"27629","Raleigh","NC","35.817497","-78.552388","-5","1"
"27630","Thomasville","NC","35.875344","-80.081269","-5","1"
"27634","Raleigh","NC","35.797692","-78.625265","-5","1"
"27635","Raleigh","NC","35.797692","-78.625265","-5","1"
"27636","Raleigh","NC","35.797692","-78.625265","-5","1"
"27640","Raleigh","NC","35.797692","-78.625265","-5","1"
"27650","Raleigh","NC","35.797692","-78.625265","-5","1"
"27656","Raleigh","NC","35.797692","-78.625265","-5","1"
"27658","Raleigh","NC","35.797692","-78.625265","-5","1"
"27661","Raleigh","NC","35.797692","-78.625265","-5","1"
"27668","Raleigh","NC","35.797692","-78.625265","-5","1"
"27675","Raleigh","NC","35.797692","-78.625265","-5","1"
"27676","Raleigh","NC","35.797692","-78.625265","-5","1"
"27690","Raleigh","NC","35.797692","-78.625265","-5","1"
"27695","Raleigh","NC","35.797692","-78.625265","-5","1"
"27697","Raleigh","NC","35.88224","-78.413371","-5","1"
"27698","Raleigh","NC","35.797692","-78.625265","-5","1"
"27699","Raleigh","NC","35.797692","-78.625265","-5","1"
"27701","Durham","NC","35.997193","-78.89731","-5","1"
"27702","Durham","NC","36.051155","-78.857651","-5","1"
"27703","Durham","NC","35.966431","-78.83969","-5","1"
"27704","Durham","NC","36.034561","-78.86892","-5","1"
"27705","Durham","NC","36.015992","-78.95911","-5","1"
"27706","Durham","NC","35.993143","-78.93735","-5","1"
"27707","Durham","NC","35.963994","-78.93602","-5","1"
"27708","Durham","NC","36.028685","-78.92398","-5","1"
"27709","Durham","NC","36.051155","-78.857651","-5","1"
"27710","Durham","NC","36.051155","-78.857651","-5","1"
"27711","Durham","NC","36.051155","-78.857651","-5","1"
"27712","Durham","NC","36.087738","-78.92313","-5","1"
"27713","Durham","NC","35.905765","-78.92113","-5","1"
"27715","Durham","NC","36.051155","-78.857651","-5","1"
"27717","Durham","NC","36.051155","-78.857651","-5","1"
"27722","Durham","NC","36.051155","-78.857651","-5","1"
"27801","Rocky Mount","NC","35.935125","-77.77076","-5","1"
"27802","Rocky Mount","NC","35.935563","-77.78077","-5","1"
"27803","Rocky Mount","NC","35.924465","-77.83689","-5","1"
"27804","Rocky Mount","NC","35.973773","-77.82694","-5","1"
"27805","Aulander","NC","36.223682","-77.10397","-5","1"
"27806","Aurora","NC","35.308035","-76.79019","-5","1"
"27807","Bailey","NC","35.797988","-78.10641","-5","1"
"27808","Bath","NC","35.47031","-76.77855","-5","1"
"27809","Battleboro","NC","36.032405","-77.78636","-5","1"
"27810","Belhaven","NC","35.545041","-76.60012","-5","1"
"27811","Bellarthur","NC","35.584685","-77.513357","-5","1"
"27812","Bethel","NC","35.799764","-77.37765","-5","1"
"27813","Black Creek","NC","35.633996","-77.93311","-5","1"
"27814","Blounts Creek","NC","35.384013","-76.93188","-5","1"
"27816","Castalia","NC","36.085542","-78.07321","-5","1"
"27817","Chocowinity","NC","35.487026","-77.07986","-5","1"
"27818","Como","NC","36.507288","-77.01668","-5","1"
"27819","Conetoe","NC","35.818414","-77.45335","-5","1"
"27820","Conway","NC","36.416472","-77.23117","-5","1"
"27821","Edward","NC","35.321447","-76.87437","-5","1"
"27822","Elm City","NC","35.809514","-77.8601","-5","1"
"27823","Enfield","NC","36.190589","-77.71859","-5","1"
"27824","Engelhard","NC","35.514202","-76.00736","-5","1"
"27825","Everetts","NC","35.866711","-77.084958","-5","1"
"27826","Fairfield","NC","35.575982","-76.20409","-5","1"
"27827","Falkland","NC","35.69872","-77.5108","-5","1"
"27828","Farmville","NC","35.598204","-77.59066","-5","1"
"27829","Fountain","NC","35.686549","-77.64461","-5","1"
"27830","Fremont","NC","35.552162","-77.9727","-5","1"
"27831","Garysburg","NC","36.458825","-77.57834","-5","1"
"27832","Gaston","NC","36.502541","-77.68887","-5","1"
"27833","Greenville","NC","35.580444","-77.392609","-5","1"
"27834","Greenville","NC","35.626653","-77.37896","-5","1"
"27835","Greenville","NC","35.588523","-77.353092","-5","1"
"27836","Greenville","NC","35.580444","-77.392609","-5","1"
"27837","Grimesland","NC","35.531965","-77.20349","-5","1"
"27838","Gumberry","NC","36.356129","-77.483072","-5","1"
"27839","Halifax","NC","36.310967","-77.57821","-5","1"
"27840","Hamilton","NC","35.948738","-77.2083","-5","1"
"27841","Hassell","NC","35.908558","-77.27835","-5","1"
"27842","Henrico","NC","36.531252","-77.86277","-5","1"
"27843","Hobgood","NC","35.999591","-77.40241","-5","1"
"27844","Hollister","NC","36.255897","-77.93998","-5","1"
"27845","Jackson","NC","36.366571","-77.44254","-5","1"
"27846","Jamesville","NC","35.759335","-76.89865","-5","1"
"27847","Kelford","NC","36.184037","-77.21536","-5","1"
"27849","Lewiston Woodville","NC","36.083011","-77.19032","-5","1"
"27850","Littleton","NC","36.451785","-77.90383","-5","1"
"27851","Lucama","NC","35.640324","-78.02336","-5","1"
"27852","Macclesfield","NC","35.746654","-77.64342","-5","1"
"27853","Margarettsville","NC","36.518839","-77.30888","-5","1"
"27854","Milwaukee","NC","36.363144","-77.386748","-5","1"
"27855","Murfreesboro","NC","36.432993","-77.10287","-5","1"
"27856","Nashville","NC","35.993357","-77.96738","-5","1"
"27857","Oak City","NC","35.948539","-77.27013","-5","1"
"27858","Greenville","NC","35.579216","-77.33836","-5","1"
"27859","Palmyra","NC","36.064879","-77.364499","-5","1"
"27860","Pantego","NC","35.624117","-76.67274","-5","1"
"27861","Parmele","NC","35.819037","-77.314288","-5","1"
"27862","Pendleton","NC","36.490929","-77.1981","-5","1"
"27863","Pikeville","NC","35.491814","-77.98298","-5","1"
"27864","Pinetops","NC","35.795738","-77.64106","-5","1"
"27865","Pinetown","NC","35.588518","-76.83431","-5","1"
"27866","Pleasant Hill","NC","36.52177","-77.51319","-5","1"
"27867","Potecasi","NC","36.356129","-77.483072","-5","1"
"27868","Red Oak","NC","36.054832","-77.911635","-5","1"
"27869","Rich Square","NC","36.281144","-77.28809","-5","1"
"27870","Roanoke Rapids","NC","36.448592","-77.67144","-5","1"
"27871","Robersonville","NC","35.821436","-77.26186","-5","1"
"27872","Roxobel","NC","36.203511","-77.24791","-5","1"
"27873","Saratoga","NC","35.65363","-77.77649","-5","1"
"27874","Scotland Neck","NC","36.128851","-77.41983","-5","1"
"27875","Scranton","NC","35.481914","-76.44693","-5","1"
"27876","Seaboard","NC","36.487125","-77.43618","-5","1"
"27877","Severn","NC","36.515084","-77.18438","-5","1"
"27878","Sharpsburg","NC","35.867224","-77.83054","-5","1"
"27879","Simpson","NC","35.567478","-77.280169","-5","1"
"27880","Sims","NC","35.748755","-78.06759","-5","1"
"27881","Speed","NC","35.915927","-77.585471","-5","1"
"27882","Spring Hope","NC","35.94178","-78.11872","-5","1"
"27883","Stantonsburg","NC","35.598504","-77.81173","-5","1"
"27884","Stokes","NC","35.700448","-77.27014","-5","1"
"27885","Swanquarter","NC","35.452071","-76.27892","-5","1"
"27886","Tarboro","NC","35.905299","-77.54056","-5","1"
"27887","Tillery","NC","36.235198","-77.502602","-5","1"
"27888","Walstonburg","NC","35.593689","-77.70192","-5","1"
"27889","Washington","NC","35.560439","-77.03459","-5","1"
"27890","Weldon","NC","36.421387","-77.60825","-5","1"
"27891","Whitakers","NC","36.10607","-77.73","-5","1"
"27892","Williamston","NC","35.824061","-77.08093","-5","1"
"27893","Wilson","NC","35.715315","-77.91989","-5","1"
"27894","Wilson","NC","35.715778","-77.904283","-5","1"
"27895","Wilson","NC","35.719923","-77.926691","-5","1"
"27896","Wilson","NC","35.768693","-77.95167","-5","1"
"27897","Woodland","NC","36.332552","-77.20441","-5","1"
"27906","Elizabeth City","NC","36.285388","-76.213284","-5","1"
"27907","Elizabeth City","NC","36.285026","-76.255312","-5","1"
"27909","Elizabeth City","NC","36.293192","-76.23692","-5","1"
"27910","Ahoskie","NC","36.293352","-76.98612","-5","1"
"27915","Avon","NC","35.354252","-75.50417","-5","1"
"27916","Aydlett","NC","36.314447","-75.89888","-5","1"
"27917","Barco","NC","36.388493","-75.98097","-5","1"
"27919","Belvidere","NC","36.319777","-76.49654","-5","1"
"27920","Buxton","NC","35.263128","-75.55787","-5","1"
"27921","Camden","NC","36.344333","-76.16595","-5","1"
"27922","Cofield","NC","36.339548","-76.88086","-5","1"
"27923","Coinjock","NC","36.381161","-75.94115","-5","1"
"27924","Colerain","NC","36.192231","-76.83458","-5","1"
"27925","Columbia","NC","35.883885","-76.22037","-5","1"
"27926","Corapeake","NC","36.519826","-76.61637","-5","1"
"27927","Corolla","NC","36.435092","-75.84497","-5","1"
"27928","Creswell","NC","35.849234","-76.4067","-5","1"
"27929","Currituck","NC","36.433902","-75.97921","-5","1"
"27930","Durants Neck","NC","36.198539","-76.373908","-5","1"
"27932","Edenton","NC","36.093252","-76.62077","-5","1"
"27935","Eure","NC","36.440867","-76.86007","-5","1"
"27936","Frisco","NC","35.24554","-75.618","-5","1"
"27937","Gates","NC","36.501152","-76.78039","-5","1"
"27938","Gatesville","NC","36.410008","-76.75097","-5","1"
"27939","Grandy","NC","36.239666","-75.87361","-5","1"
"27941","Harbinger","NC","36.099065","-75.81974","-5","1"
"27942","Harrellsville","NC","36.289302","-76.76737","-5","1"
"27943","Hatteras","NC","35.218342","-75.68792","-5","1"
"27944","Hertford","NC","36.157292","-76.4275","-5","1"
"27946","Hobbsville","NC","36.362745","-76.60188","-5","1"
"27947","Jarvisburg","NC","36.189366","-75.86047","-5","1"
"27948","Kill Devil Hills","NC","36.022242","-75.67686","-5","1"
"27949","Kitty Hawk","NC","36.115899","-75.72772","-5","1"
"27950","Knotts Island","NC","36.513626","-75.9518","-5","1"
"27953","Manns Harbor","NC","35.795867","-75.85014","-5","1"
"27954","Manteo","NC","35.913938","-75.67961","-5","1"
"27956","Maple","NC","36.419422","-76.03362","-5","1"
"27957","Merry Hill","NC","36.067244","-76.76046","-5","1"
"27958","Moyock","NC","36.497406","-76.13715","-5","1"
"27959","Nags Head","NC","35.923805","-75.61144","-5","1"
"27960","Ocracoke","NC","35.113265","-75.97255","-5","1"
"27962","Plymouth","NC","35.842107","-76.73206","-5","1"
"27964","Point Harbor","NC","36.093211","-75.80319","-5","1"
"27965","Poplar Branch","NC","36.273428","-75.87867","-5","1"
"27966","Powells Point","NC","36.13655","-75.82653","-5","1"
"27967","Powellsville","NC","36.234231","-76.94686","-5","1"
"27968","Rodanthe","NC","35.661979","-75.47741","-5","1"
"27969","Roduco","NC","36.424152","-76.702125","-5","1"
"27970","Roper","NC","35.892486","-76.57584","-5","1"
"27972","Salvo","NC","35.538351","-75.47473","-5","1"
"27973","Shawboro","NC","36.384779","-76.08293","-5","1"
"27974","Shiloh","NC","36.233836","-76.03822","-5","1"
"27976","South Mills","NC","36.466396","-76.29809","-5","1"
"27978","Stumpy Point","NC","35.698493","-75.772775","-5","1"
"27979","Sunbury","NC","36.440509","-76.60411","-5","1"
"27980","Tyner","NC","36.256548","-76.62627","-5","1"
"27981","Wanchese","NC","35.845046","-75.63954","-5","1"
"27982","Waves","NC","35.56179","-75.47152","-5","1"
"27983","Windsor","NC","36.015391","-76.9349","-5","1"
"27985","Winfall","NC","36.217959","-76.46994","-5","1"
"27986","Winton","NC","36.386605","-76.92641","-5","1"
"28001","Albemarle","NC","35.351477","-80.19879","-5","1"
"28002","Albemarle","NC","35.264179","-80.108188","-5","1"
"28003","Marshville","NC","34.995653","-80.355204","-5","1"
"28006","Alexis","NC","35.403268","-81.09974","-5","1"
"28007","Ansonville","NC","35.104652","-80.10965","-5","1"
"28009","Badin","NC","35.40846","-80.11171","-5","1"
"28010","Barium Springs","NC","35.719228","-80.89909","-5","1"
"28012","Belmont","NC","35.2406","-81.04028","-5","1"
"28016","Bessemer City","NC","35.292581","-81.28723","-5","1"
"28017","Boiling Springs","NC","35.254223","-81.65456","-5","1"
"28018","Bostic","NC","35.441168","-81.7995","-5","1"
"28019","Caroleen","NC","35.279371","-81.79475","-5","1"
"28020","Casar","NC","35.518637","-81.62728","-5","1"
"28021","Cherryville","NC","35.383935","-81.39368","-5","1"
"28023","China Grove","NC","35.567189","-80.59116","-5","1"
"28024","Cliffside","NC","35.241615","-81.775456","-5","1"
"28025","Concord","NC","35.400407","-80.56574","-5","1"
"28026","Concord","NC","35.346285","-80.541088","-5","1"
"28027","Concord","NC","35.405636","-80.63823","-5","1"
"28031","Cornelius","NC","35.477583","-80.8924","-5","1"
"28032","Cramerton","NC","35.239702","-81.07753","-5","1"
"28033","Crouse","NC","35.416189","-81.31911","-5","1"
"28034","Dallas","NC","35.333668","-81.18303","-5","1"
"28036","Davidson","NC","35.490772","-80.82576","-5","1"
"28037","Denver","NC","35.501448","-81.00412","-5","1"
"28038","Earl","NC","35.198687","-81.54162","-5","1"
"28039","East Spencer","NC","35.677889","-80.44593","-5","1"
"28040","Ellenboro","NC","35.346886","-81.75621","-5","1"
"28041","Faith","NC","35.58167","-80.45806","-5","1"
"28042","Fallston","NC","35.373884","-81.543706","-5","1"
"28043","Forest City","NC","35.317602","-81.86722","-5","1"
"28051","Gastonia","NC","35.284018","-81.189693","-5","1"
"28052","Gastonia","NC","35.248787","-81.2142","-5","1"
"28053","Gastonia","NC","35.275073","-81.213369","-5","1"
"28054","Gastonia","NC","35.263287","-81.15312","-5","1"
"28055","Gastonia","NC","35.284018","-81.189693","-5","1"
"28056","Gastonia","NC","35.229565","-81.12847","-5","1"
"28070","Huntersville","NC","35.462187","-80.898668","-5","1"
"28071","Gold Hill","NC","35.513974","-80.32779","-5","1"
"28072","Granite Quarry","NC","35.614966","-80.44198","-5","1"
"28073","Grover","NC","35.189591","-81.47928","-5","1"
"28074","Harris","NC","35.224743","-81.885081","-5","1"
"28075","Harrisburg","NC","35.335294","-80.6633","-5","1"
"28076","Henrietta","NC","35.256252","-81.77804","-5","1"
"28077","High Shoals","NC","35.404772","-81.20268","-5","1"
"28078","Huntersville","NC","35.409544","-80.86362","-5","1"
"28079","Indian Trail","NC","35.105208","-80.62098","-5","1"
"28080","Iron Station","NC","35.454565","-81.12368","-5","1"
"28081","Kannapolis","NC","35.499521","-80.64447","-5","1"
"28082","Kannapolis","NC","35.346285","-80.541088","-5","1"
"28083","Kannapolis","NC","35.492989","-80.60293","-5","1"
"28086","Kings Mountain","NC","35.241188","-81.3614","-5","1"
"28088","Landis","NC","35.543639","-80.61167","-5","1"
"28089","Lattimore","NC","35.318573","-81.66601","-5","1"
"28090","Lawndale","NC","35.450548","-81.56223","-5","1"
"28091","Lilesville","NC","34.970129","-79.93705","-5","1"
"28092","Lincolnton","NC","35.473447","-81.24094","-5","1"
"28093","Lincolnton","NC","35.484822","-81.239543","-5","1"
"28097","Locust","NC","35.267185","-80.4268","-5","1"
"28098","Lowell","NC","35.267234","-81.09942","-5","1"
"28101","McAdenville","NC","35.256379","-81.07978","-5","1"
"28102","McFarlan","NC","34.819916","-79.97188","-5","1"
"28103","Marshville","NC","34.99545","-80.35635","-5","1"
"28104","Matthews","NC","35.067285","-80.68424","-5","1"
"28105","Matthews","NC","35.116851","-80.7164","-5","1"
"28106","Matthews","NC","35.26002","-80.804151","-5","1"
"28107","Midland","NC","35.247181","-80.52363","-5","1"
"28108","Mineral Springs","NC","34.916253","-80.640383","-5","1"
"28109","Misenheimer","NC","35.485703","-80.28811","-5","1"
"28110","Monroe","NC","35.031947","-80.56002","-5","1"
"28111","Monroe","NC","35.011204","-80.558743","-5","1"
"28112","Monroe","NC","34.936388","-80.5382","-5","1"
"28114","Mooresboro","NC","35.243585","-81.75656","-5","1"
"28115","Mooresville","NC","35.584157","-80.80258","-5","1"
"28117","Mooresville","NC","35.571827","-80.89228","-5","1"
"28119","Morven","NC","34.858713","-80.02232","-5","1"
"28120","Mount Holly","NC","35.311862","-81.02441","-5","1"
"28123","Mount Mourne","NC","35.529792","-80.947028","-5","1"
"28124","Mount Pleasant","NC","35.407499","-80.41228","-5","1"
"28125","Mount Ulla","NC","35.664696","-80.71056","-5","1"
"28126","Newell","NC","35.276794","-80.716495","-5","1"
"28127","New London","NC","35.463024","-80.1649","-5","1"
"28128","Norwood","NC","35.228831","-80.15214","-5","1"
"28129","Oakboro","NC","35.232542","-80.33123","-5","1"
"28130","Paw Creek","NC","35.26002","-80.804151","-5","1"
"28133","Peachland","NC","34.969886","-80.27001","-5","1"
"28134","Pineville","NC","35.086017","-80.89034","-5","1"
"28135","Polkton","NC","35.043566","-80.21272","-5","1"
"28136","Polkville","NC","35.396126","-81.630272","-5","1"
"28137","Richfield","NC","35.49326","-80.25524","-5","1"
"28138","Rockwell","NC","35.536561","-80.42959","-5","1"
"28139","Rutherfordton","NC","35.361333","-81.98377","-5","1"
"28144","Salisbury","NC","35.679639","-80.46645","-5","1"
"28145","Salisbury","NC","35.682683","-80.477116","-5","1"
"28146","Salisbury","NC","35.614422","-80.43115","-5","1"
"28147","Salisbury","NC","35.665362","-80.54673","-5","1"
"28150","Shelby","NC","35.315118","-81.55584","-5","1"
"28151","Shelby","NC","35.233125","-81.574711","-5","1"
"28152","Shelby","NC","35.258879","-81.57867","-5","1"
"28159","Spencer","NC","35.693339","-80.4342","-5","1"
"28160","Spindale","NC","35.360536","-81.92506","-5","1"
"28163","Stanfield","NC","35.245048","-80.4163","-5","1"
"28164","Stanley","NC","35.377576","-81.07238","-5","1"
"28166","Troutman","NC","35.687365","-80.88715","-5","1"
"28167","Union Mills","NC","35.48902","-81.95039","-5","1"
"28168","Vale","NC","35.545918","-81.42942","-5","1"
"28169","Waco","NC","35.362026","-81.42911","-5","1"
"28170","Wadesboro","NC","34.985423","-80.08543","-5","1"
"28173","Waxhaw","NC","34.929433","-80.73061","-5","1"
"28174","Wingate","NC","34.981605","-80.44305","-5","1"
"28201","Charlotte","NC","35.26002","-80.804151","-5","1"
"28202","Charlotte","NC","35.227192","-80.84419","-5","1"
"28203","Charlotte","NC","35.208992","-80.85539","-5","1"
"28204","Charlotte","NC","35.214693","-80.82665","-5","1"
"28205","Charlotte","NC","35.222406","-80.79221","-5","1"
"28206","Charlotte","NC","35.248292","-80.82748","-5","1"
"28207","Charlotte","NC","35.197643","-80.82752","-5","1"
"28208","Charlotte","NC","35.235791","-80.89295","-5","1"
"28209","Charlotte","NC","35.178543","-80.85375","-5","1"
"28210","Charlotte","NC","35.13451","-80.85632","-5","1"
"28211","Charlotte","NC","35.170094","-80.79857","-5","1"
"28212","Charlotte","NC","35.189544","-80.74742","-5","1"
"28213","Charlotte","NC","35.280464","-80.75678","-5","1"
"28214","Charlotte","NC","35.276639","-80.96111","-5","1"
"28215","Charlotte","NC","35.244468","-80.72164","-5","1"
"28216","Charlotte","NC","35.286967","-80.87903","-5","1"
"28217","Charlotte","NC","35.172319","-80.89731","-5","1"
"28218","Charlotte","NC","35.26002","-80.804151","-5","1"
"28219","Charlotte","NC","35.26002","-80.804151","-5","1"
"28220","Charlotte","NC","35.26002","-80.804151","-5","1"
"28221","Charlotte","NC","35.26002","-80.804151","-5","1"
"28222","Charlotte","NC","35.26002","-80.804151","-5","1"
"28223","Charlotte","NC","35.305552","-80.73303","-5","1"
"28224","Charlotte","NC","35.26002","-80.804151","-5","1"
"28225","Charlotte","NC","35.26002","-80.804151","-5","1"
"28226","Charlotte","NC","35.107804","-80.82139","-5","1"
"28227","Charlotte","NC","35.192919","-80.66822","-5","1"
"28228","Charlotte","NC","35.26002","-80.804151","-5","1"
"28229","Charlotte","NC","35.26002","-80.804151","-5","1"
"28230","Charlotte","NC","35.26002","-80.804151","-5","1"
"28231","Charlotte","NC","35.26002","-80.804151","-5","1"
"28232","Charlotte","NC","35.26002","-80.804151","-5","1"
"28233","Charlotte","NC","35.489411","-80.825368","-5","1"
"28234","Charlotte","NC","35.26002","-80.804151","-5","1"
"28235","Charlotte","NC","35.26002","-80.804151","-5","1"
"28236","Charlotte","NC","35.26002","-80.804151","-5","1"
"28237","Charlotte","NC","35.26002","-80.804151","-5","1"
"28240","Charlotte","NC","35.26002","-80.804151","-5","1"
"28241","Charlotte","NC","35.26002","-80.804151","-5","1"
"28242","Charlotte","NC","35.26002","-80.804151","-5","1"
"28243","Charlotte","NC","35.26002","-80.804151","-5","1"
"28244","Charlotte","NC","35.26002","-80.804151","-5","1"
"28246","Charlotte","NC","35.227542","-80.842543","-5","1"
"28247","Charlotte","NC","35.065595","-80.851149","-5","1"
"28250","Charlotte","NC","35.26002","-80.804151","-5","1"
"28253","Charlotte","NC","35.26002","-80.804151","-5","1"
"28254","Charlotte","NC","35.26002","-80.804151","-5","1"
"28255","Charlotte","NC","35.26002","-80.804151","-5","1"
"28256","Charlotte","NC","35.26002","-80.804151","-5","1"
"28258","Charlotte","NC","35.26002","-80.804151","-5","1"
"28260","Charlotte","NC","35.26002","-80.804151","-5","1"
"28261","Charlotte","NC","35.26002","-80.804151","-5","1"
"28262","Charlotte","NC","35.321279","-80.7405","-5","1"
"28265","Charlotte","NC","35.26002","-80.804151","-5","1"
"28266","Charlotte","NC","35.284459","-80.858155","-5","1"
"28269","Charlotte","NC","35.329235","-80.80486","-5","1"
"28270","Charlotte","NC","35.113906","-80.7613","-5","1"
"28272","Charlotte","NC","35.26002","-80.804151","-5","1"
"28273","Charlotte","NC","35.124032","-80.93954","-5","1"
"28274","Charlotte","NC","35.187943","-80.831693","-5","1"
"28275","Charlotte","NC","35.26002","-80.804151","-5","1"
"28277","Charlotte","NC","35.054546","-80.81792","-5","1"
"28278","Charlotte","NC","35.119012","-81.02213","-5","1"
"28280","Charlotte","NC","35.26002","-80.804151","-5","1"
"28281","Charlotte","NC","35.26002","-80.804151","-5","1"
"28282","Charlotte","NC","35.224242","-80.844743","-5","1"
"28283","Charlotte","NC","35.26002","-80.804151","-5","1"
"28284","Charlotte","NC","35.26002","-80.804151","-5","1"
"28285","Charlotte","NC","35.26002","-80.804151","-5","1"
"28286","Charlotte","NC","35.26002","-80.804151","-5","1"
"28287","Charlotte","NC","35.26002","-80.804151","-5","1"
"28288","Charlotte","NC","35.26002","-80.804151","-5","1"
"28289","Charlotte","NC","35.26002","-80.804151","-5","1"
"28290","Charlotte","NC","35.26002","-80.804151","-5","1"
"28296","Charlotte","NC","35.225242","-80.845843","-5","1"
"28297","Charlotte","NC","35.26002","-80.804151","-5","1"
"28299","Charlotte","NC","35.26002","-80.804151","-5","1"
"28301","Fayetteville","NC","35.042389","-78.84124","-5","1"
"28302","Fayetteville","NC","35.034307","-78.908828","-5","1"
"28303","Fayetteville","NC","35.084163","-78.953","-5","1"
"28304","Fayetteville","NC","35.02844","-78.97037","-5","1"
"28305","Fayetteville","NC","35.056963","-78.90369","-5","1"
"28306","Fayetteville","NC","35.003712","-78.92179","-5","1"
"28307","Fort Bragg","NC","35.142321","-79.01225","-5","1"
"28308","Pope A F B","NC","35.173377","-79.013799","-5","1"
"28309","Fayetteville","NC","35.039726","-78.842868","-5","1"
"28310","Fort Bragg","NC","35.050612","-78.80384","-5","1"
"28311","Fayetteville","NC","35.134301","-78.89411","-5","1"
"28314","Fayetteville","NC","35.060087","-79.00848","-5","1"
"28315","Aberdeen","NC","35.12416","-79.4415","-5","1"
"28318","Autryville","NC","35.020272","-78.614","-5","1"
"28319","Barnesville","NC","34.595364","-79.197058","-5","1"
"28320","Bladenboro","NC","34.552642","-78.78102","-5","1"
"28323","Bunnlevel","NC","35.316332","-78.82527","-5","1"
"28325","Calypso","NC","35.152512","-78.10474","-5","1"
"28326","Cameron","NC","35.278125","-79.15153","-5","1"
"28327","Carthage","NC","35.319639","-79.40248","-5","1"
"28328","Clinton","NC","35.000056","-78.33424","-5","1"
"28329","Clinton","NC","34.994005","-78.277669","-5","1"
"28330","Cordova","NC","34.913233","-79.82302","-5","1"
"28331","Cumberland","NC","35.150896","-78.915788","-5","1"
"28332","Dublin","NC","34.655921","-78.72076","-5","1"
"28333","Dudley","NC","35.293245","-78.01897","-5","1"
"28334","Dunn","NC","35.302419","-78.6012","-5","1"
"28335","Dunn","NC","35.350774","-78.625362","-5","1"
"28337","Elizabethtown","NC","34.647611","-78.58643","-5","1"
"28338","Ellerbe","NC","35.089476","-79.72904","-5","1"
"28339","Erwin","NC","35.322849","-78.68964","-5","1"
"28340","Fairmont","NC","34.476857","-79.13005","-5","1"
"28341","Faison","NC","35.119076","-78.16439","-5","1"
"28342","Falcon","NC","35.191142","-78.6514","-5","1"
"28343","Gibson","NC","34.767875","-79.59239","-5","1"
"28344","Godwin","NC","35.171062","-78.63648","-5","1"
"28345","Hamlet","NC","34.879186","-79.69001","-5","1"
"28347","Hoffman","NC","35.042172","-79.53503","-5","1"
"28348","Hope Mills","NC","34.954709","-78.93744","-5","1"
"28349","Kenansville","NC","34.977225","-77.94761","-5","1"
"28350","Lakeview","NC","35.24356","-79.31355","-5","1"
"28351","Laurel Hill","NC","34.827291","-79.56026","-5","1"
"28352","Laurinburg","NC","34.779227","-79.45745","-5","1"
"28353","Laurinburg","NC","34.781768","-79.482423","-5","1"
"28355","Lemon Springs","NC","35.467567","-79.165314","-5","1"
"28356","Linden","NC","35.237338","-78.79613","-5","1"
"28357","Lumber Bridge","NC","34.902698","-79.08288","-5","1"
"28358","Lumberton","NC","34.620874","-78.98986","-5","1"
"28359","Lumberton","NC","34.607669","-79.014425","-5","1"
"28360","Lumberton","NC","34.659575","-79.06282","-5","1"
"28361","Mccain","NC","35.02363","-79.246841","-5","1"
"28362","Marietta","NC","34.368246","-79.12124","-5","1"
"28363","Marston","NC","34.938451","-79.54609","-5","1"
"28364","Maxton","NC","34.735024","-79.32836","-5","1"
"28365","Mount Olive","NC","35.184516","-78.06056","-5","1"
"28366","Newton Grove","NC","35.237142","-78.36593","-5","1"
"28367","Norman","NC","35.173481","-79.72363","-5","1"
"28368","Olivia","NC","35.35149","-79.10586","-5","1"
"28369","Orrum","NC","34.434292","-79.03714","-5","1"
"28370","Pinehurst","NC","35.216222","-79.452352","-5","1"
"28371","Parkton","NC","34.912113","-78.9999","-5","1"
"28372","Pembroke","NC","34.69004","-79.18802","-5","1"
"28373","Pinebluff","NC","35.100144","-79.47979","-5","1"
"28374","Pinehurst","NC","35.195417","-79.46496","-5","1"
"28375","Proctorville","NC","34.471259","-79.041388","-5","1"
"28376","Raeford","NC","34.992085","-79.23013","-5","1"
"28377","Red Springs","NC","34.828798","-79.21215","-5","1"
"28378","Rex","NC","34.858715","-79.04705","-5","1"
"28379","Rockingham","NC","34.937078","-79.7605","-5","1"
"28380","Rockingham","NC","34.994152","-79.767341","-5","1"
"28382","Roseboro","NC","34.945305","-78.51432","-5","1"
"28383","Rowland","NC","34.571076","-79.27404","-5","1"
"28384","Saint Pauls","NC","34.804654","-78.9594","-5","1"
"28385","Salemburg","NC","35.053627","-78.50025","-5","1"
"28386","Shannon","NC","34.851865","-79.12266","-5","1"
"28387","Southern Pines","NC","35.180394","-79.39084","-5","1"
"28388","Southern Pines","NC","35.280335","-79.432734","-5","1"
"28390","Spring Lake","NC","35.211913","-78.97499","-5","1"
"28391","Stedman","NC","35.016373","-78.6941","-5","1"
"28392","Tar Heel","NC","34.742752","-78.80645","-5","1"
"28393","Turkey","NC","34.989801","-78.18555","-5","1"
"28394","Vass","NC","35.218131","-79.24449","-5","1"
"28395","Wade","NC","35.145952","-78.74102","-5","1"
"28396","Wagram","NC","34.927483","-79.40099","-5","1"
"28397","Stedman","NC","35.015586","-78.690428","-5","1"
"28398","Warsaw","NC","34.993016","-78.08407","-5","1"
"28399","White Oak","NC","34.786138","-78.70765","-5","1"
"28401","Wilmington","NC","34.235219","-77.94134","-5","1"
"28402","Wilmington","NC","34.340518","-77.901408","-5","1"
"28403","Wilmington","NC","34.221512","-77.88452","-5","1"
"28404","Wilmington","NC","33.926255","-78.07127","-5","1"
"28405","Wilmington","NC","34.254235","-77.87251","-5","1"
"28406","Wilmington","NC","34.088079","-77.852599","-5","1"
"28407","Wilmington","NC","34.088079","-77.852599","-5","1"
"28408","Wilmington","NC","34.212707","-77.792177","-5","1"
"28409","Wilmington","NC","34.169953","-77.87113","-5","1"
"28410","Wilmington","NC","34.088079","-77.852599","-5","1"
"28411","Wilmington","NC","34.285519","-77.80572","-5","1"
"28412","Wilmington","NC","34.152021","-77.91346","-5","1"
"28420","Ash","NC","34.07367","-78.48214","-5","1"
"28421","Atkinson","NC","34.524003","-78.18584","-5","1"
"28422","Bolivia","NC","34.006479","-78.19035","-5","1"
"28423","Bolton","NC","34.319905","-78.37743","-5","1"
"28424","Brunswick","NC","34.290716","-78.699417","-5","1"
"28425","Burgaw","NC","34.554821","-77.92764","-5","1"
"28428","Carolina Beach","NC","34.034336","-77.89903","-5","1"
"28429","Castle Hayne","NC","34.332126","-77.90554","-5","1"
"28430","Cerro Gordo","NC","34.285951","-78.93039","-5","1"
"28431","Chadbourn","NC","34.312363","-78.83023","-5","1"
"28432","Clarendon","NC","34.17074","-78.75997","-5","1"
"28433","Clarkton","NC","34.491177","-78.64362","-5","1"
"28434","Council","NC","34.461167","-78.46244","-5","1"
"28435","Currie","NC","34.430433","-78.10539","-5","1"
"28436","Delco","NC","34.275453","-78.26673","-5","1"
"28438","Evergreen","NC","34.430348","-78.91932","-5","1"
"28439","Fair Bluff","NC","34.309767","-79.02516","-5","1"
"28441","Garland","NC","34.788387","-78.40574","-5","1"
"28442","Hallsboro","NC","34.323483","-78.59534","-5","1"
"28443","Hampstead","NC","34.407677","-77.65238","-5","1"
"28444","Harrells","NC","34.686496","-78.32406","-5","1"
"28445","Holly Ridge","NC","34.47722","-77.55978","-5","1"
"28446","Ingold","NC","34.83661","-78.348111","-5","1"
"28447","Ivanhoe","NC","34.595158","-78.23438","-5","1"
"28448","Kelly","NC","34.464635","-78.29701","-5","1"
"28449","Kure Beach","NC","33.99207","-77.91092","-5","1"
"28450","Lake Waccamaw","NC","34.319538","-78.51678","-5","1"
"28451","Leland","NC","34.25124","-78.06492","-5","1"
"28452","Longwood","NC","33.997345","-78.5565","-5","1"
"28453","Magnolia","NC","34.888483","-78.05955","-5","1"
"28454","Maple Hill","NC","34.676719","-77.65343","-5","1"
"28455","Nakina","NC","34.11045","-78.6608","-5","1"
"28456","Riegelwood","NC","34.36338","-78.28251","-5","1"
"28457","Rocky Point","NC","34.449782","-77.88697","-5","1"
"28458","Rose Hill","NC","34.822407","-78.04176","-5","1"
"28459","Shallotte","NC","33.933388","-78.412864","-5","1"
"28460","Sneads Ferry","NC","34.52072","-77.42096","-5","1"
"28461","Southport","NC","33.963111","-78.05743","-5","1"
"28462","Supply","NC","33.974251","-78.30961","-5","1"
"28463","Tabor City","NC","34.12483","-78.82187","-5","1"
"28464","Teachey","NC","34.772249","-78.01392","-5","1"
"28465","Oak Island","NC","33.915522","-78.12862","-5","1"
"28466","Wallace","NC","34.738793","-77.97788","-5","1"
"28467","Calabash","NC","33.905566","-78.5759","-5","1"
"28468","Sunset Beach","NC","33.885203","-78.51224","-5","1"
"28469","Ocean Isle Beach","NC","33.913508","-78.44868","-5","1"
"28470","South Brunswick","NC","33.9666","-78.3878","-5","1"
"28471","Watha","NC","34.605639","-77.99977","-5","1"
"28472","Whiteville","NC","34.312063","-78.70773","-5","1"
"28478","Willard","NC","34.671237","-78.06544","-5","1"
"28479","Winnabow","NC","34.107077","-78.04965","-5","1"
"28480","Wrightsville Beach","NC","34.21222","-77.7981","-5","1"
"28501","Kinston","NC","35.260895","-77.56469","-5","1"
"28502","Kinston","NC","35.288558","-77.662614","-5","1"
"28503","Kinston","NC","35.319066","-77.595034","-5","1"
"28504","Kinston","NC","35.264739","-77.62481","-5","1"
"28508","Albertson","NC","35.11493","-77.82238","-5","1"
"28509","Alliance","NC","35.156145","-76.632264","-5","1"
"28510","Arapahoe","NC","35.000658","-76.81297","-5","1"
"28511","Atlantic","NC","34.887266","-76.33033","-5","1"
"28512","Atlantic Beach","NC","34.698274","-76.78706","-5","1"
"28513","Ayden","NC","35.463012","-77.4161","-5","1"
"28515","Bayboro","NC","35.176466","-76.71853","-5","1"
"28516","Beaufort","NC","34.769532","-76.64783","-5","1"
"28518","Beulaville","NC","34.911417","-77.77153","-5","1"
"28519","Bridgeton","NC","35.120742","-77.01969","-5","1"
"28520","Cedar Island","NC","34.984608","-76.1988","-5","1"
"28521","Chinquapin","NC","34.826715","-77.75929","-5","1"
"28522","Comfort","NC","35.005079","-77.523102","-5","1"
"28523","Cove City","NC","35.193213","-77.32292","-5","1"
"28524","Davis","NC","34.794527","-76.46317","-5","1"
"28525","Deep Run","NC","35.119845","-77.69208","-5","1"
"28526","Dover","NC","35.238886","-77.41061","-5","1"
"28527","Ernul","NC","35.244257","-77.01504","-5","1"
"28528","Gloucester","NC","34.732744","-76.53869","-5","1"
"28529","Grantsboro","NC","35.085784","-76.86135","-5","1"
"28530","Grifton","NC","35.370945","-77.42548","-5","1"
"28531","Harkers Island","NC","34.712315","-76.52748","-5","1"
"28532","Havelock","NC","34.884421","-76.88972","-5","1"
"28533","Cherry Point","NC","34.903793","-76.899976","-5","1"
"28537","Hobucken","NC","35.259895","-76.55591","-5","1"
"28538","Hookerton","NC","35.424381","-77.58452","-5","1"
"28539","Hubert","NC","34.694262","-77.20701","-5","1"
"28540","Jacksonville","NC","34.755669","-77.4559","-5","1"
"28541","Jacksonville","NC","34.692056","-77.391199","-5","1"
"28542","Camp Lejeune","NC","34.664035","-77.463687","-5","1"
"28543","Tarawa Terrace","NC","34.74167","-77.37117","-5","1"
"28544","Midway Park","NC","34.724322","-77.31866","-5","1"
"28545","Mccutcheon Field","NC","34.692056","-77.391199","-5","1"
"28546","Jacksonville","NC","34.781212","-77.3756","-5","1"
"28547","Camp Lejeune","NC","34.637348","-77.3127","-5","1"
"28551","La Grange","NC","35.320045","-77.78042","-5","1"
"28552","Lowland","NC","35.304817","-76.57115","-5","1"
"28553","Marshallberg","NC","34.725663","-76.51632","-5","1"
"28554","Maury","NC","35.481503","-77.58718","-5","1"
"28555","Maysville","NC","34.879658","-77.22214","-5","1"
"28556","Merritt","NC","35.124491","-76.66595","-5","1"
"28557","Morehead City","NC","34.729839","-76.75219","-5","1"
"28559","Fairplains","NC","36.214395","-81.165972","-5","1"
"28560","New Bern","NC","35.119674","-77.01509","-5","1"
"28561","New Bern","NC","35.103736","-77.07585","-5","1"
"28562","New Bern","NC","35.091472","-77.09936","-5","1"
"28563","New Bern","NC","35.110855","-77.06336","-5","1"
"28564","New Bern","NC","35.110855","-77.06336","-5","1"
"28570","Newport","NC","34.770681","-76.87786","-5","1"
"28571","Oriental","NC","35.040757","-76.69263","-5","1"
"28572","Pink Hill","NC","35.030154","-77.7221","-5","1"
"28573","Pollocksville","NC","35.000858","-77.21501","-5","1"
"28574","Richlands","NC","34.888736","-77.57157","-5","1"
"28575","Salter Path","NC","34.689821","-76.89242","-5","1"
"28577","Sealevel","NC","34.868975","-76.38149","-5","1"
"28578","Seven Springs","NC","35.206329","-77.87444","-5","1"
"28579","Smyrna","NC","34.753595","-76.5184","-5","1"
"28580","Snow Hill","NC","35.44451","-77.69186","-5","1"
"28581","Stacy","NC","34.842394","-76.44111","-5","1"
"28582","Stella","NC","34.756033","-77.15405","-5","1"
"28583","Stonewall","NC","35.156145","-76.632264","-5","1"
"28584","Swansboro","NC","34.69771","-77.10614","-5","1"
"28585","Trenton","NC","35.056317","-77.43518","-5","1"
"28586","Vanceboro","NC","35.302937","-77.15546","-5","1"
"28587","Vandemere","NC","35.191279","-76.660435","-5","1"
"28589","Williston","NC","34.7994","-76.49457","-5","1"
"28590","Winterville","NC","35.53445","-77.39714","-5","1"
"28594","Emerald Isle","NC","34.667473","-77.01025","-5","1"
"28599","Emerald Isle","NC","34.662495","-77.030502","-5","1"
"28601","Hickory","NC","35.759932","-81.33012","-5","1"
"28602","Hickory","NC","35.70701","-81.3534","-5","1"
"28603","Hickory","NC","35.679876","-81.287181","-5","1"
"28604","Banner Elk","NC","36.166515","-81.84672","-5","1"
"28605","Blowing Rock","NC","36.133083","-81.68783","-5","1"
"28606","Boomer","NC","36.058853","-81.30497","-5","1"
"28607","Boone","NC","36.21277","-81.66255","-5","1"
"28608","Boone","NC","36.221334","-81.713416","-5","1"
"28609","Catawba","NC","35.689806","-81.06694","-5","1"
"28610","Claremont","NC","35.725163","-81.14279","-5","1"
"28611","Collettsville","NC","36.009373","-81.73139","-5","1"
"28612","Connellys Springs","NC","35.693787","-81.51726","-5","1"
"28613","Conover","NC","35.720227","-81.21466","-5","1"
"28615","Creston","NC","36.455882","-81.65141","-5","1"
"28616","Crossnore","NC","36.024252","-81.92693","-5","1"
"28617","Crumpler","NC","36.488377","-81.39224","-5","1"
"28618","Deep Gap","NC","36.197882","-81.52276","-5","1"
"28619","Drexel","NC","35.75779","-81.60359","-5","1"
"28620","Pleasant Hill","NC","35.891211","-81.102329","-5","1"
"28621","Elkin","NC","36.283497","-80.84586","-5","1"
"28622","Elk Park","NC","36.17893","-81.95958","-5","1"
"28623","Ennice","NC","36.523031","-80.97109","-5","1"
"28624","Ferguson","NC","36.110425","-81.42262","-5","1"
"28625","Statesville","NC","35.840579","-80.87988","-5","1"
"28626","Fleetwood","NC","36.290889","-81.51951","-5","1"
"28627","Glade Valley","NC","36.445484","-81.0081","-5","1"
"28628","Glen Alpine","NC","35.721174","-81.817998","-5","1"
"28629","Glendale Springs","NC","36.343002","-81.37502","-5","1"
"28630","Granite Falls","NC","35.811919","-81.43478","-5","1"
"28631","Grassy Creek","NC","36.557892","-81.42635","-5","1"
"28633","Lenoir","NC","35.937564","-81.539847","-5","1"
"28634","Harmony","NC","35.97991","-80.77085","-5","1"
"28635","Hays","NC","36.315077","-81.13146","-5","1"
"28636","Hiddenite","NC","35.928486","-81.07441","-5","1"
"28637","Hildebran","NC","35.718432","-81.41878","-5","1"
"28638","Hudson","NC","35.840553","-81.48192","-5","1"
"28640","Jefferson","NC","36.410186","-81.42409","-5","1"
"28641","Jonas Ridge","NC","35.938422","-81.884521","-5","1"
"28642","Jonesville","NC","36.227576","-80.82988","-5","1"
"28643","Lansing","NC","36.532301","-81.53117","-5","1"
"28644","Laurel Springs","NC","36.43591","-81.27736","-5","1"
"28645","Lenoir","NC","35.934783","-81.54476","-5","1"
"28646","Linville","NC","36.073202","-81.87177","-5","1"
"28647","Linville Falls","NC","35.779182","-81.675545","-5","1"
"28649","McGrady","NC","36.329636","-81.2111","-5","1"
"28650","Maiden","NC","35.575785","-81.18843","-5","1"
"28651","Millers Creek","NC","36.241685","-81.27076","-5","1"
"28652","Minneapolis","NC","36.086466","-81.934265","-5","1"
"28653","Montezuma","NC","36.065053","-81.901715","-5","1"
"28654","Moravian Falls","NC","36.073489","-81.16056","-5","1"
"28655","Morganton","NC","35.742752","-81.71625","-5","1"
"28656","North Wilkesboro","NC","36.238438","-81.045963","-5","1"
"28657","Newland","NC","36.049348","-81.94286","-5","1"
"28658","Newton","NC","35.653437","-81.23443","-5","1"
"28659","North Wilkesboro","NC","36.169604","-81.11615","-5","1"
"28660","Olin","NC","35.970599","-80.86439","-5","1"
"28661","Patterson","NC","35.99726","-81.562609","-5","1"
"28662","Pineola","NC","36.023359","-81.84888","-5","1"
"28663","Piney Creek","NC","36.541861","-81.3195","-5","1"
"28664","Plumtree","NC","36.044098","-82.003691","-5","1"
"28665","Purlear","NC","36.195632","-81.37303","-5","1"
"28666","Icard","NC","35.726966","-81.47238","-5","1"
"28667","Rhodhiss","NC","35.777241","-81.43023","-5","1"
"28668","Roaring Gap","NC","36.38846","-81.00733","-5","1"
"28669","Roaring River","NC","36.229983","-80.99639","-5","1"
"28670","Ronda","NC","36.204458","-80.93481","-5","1"
"28671","Rutherford College","NC","35.753767","-81.53545","-5","1"
"28672","Scottville","NC","36.414156","-81.492983","-5","1"
"28673","Sherrills Ford","NC","35.589022","-80.99326","-5","1"
"28674","North Wilkesboro","NC","36.216247","-81.207166","-5","1"
"28675","Sparta","NC","36.506064","-81.1362","-5","1"
"28676","State Road","NC","36.326001","-80.86182","-5","1"
"28677","Statesville","NC","35.765719","-80.8981","-5","1"
"28678","Stony Point","NC","35.846848","-81.05152","-5","1"
"28679","Sugar Grove","NC","36.255467","-81.83002","-5","1"
"28680","Morganton","NC","35.750657","-81.695292","-5","1"
"28681","Taylorsville","NC","35.914275","-81.2083","-5","1"
"28682","Terrell","NC","35.585074","-80.96141","-5","1"
"28683","Thurmond","NC","36.394123","-80.91951","-5","1"
"28684","Todd","NC","36.345453","-81.61009","-5","1"
"28685","Traphill","NC","36.33942","-81.03564","-5","1"
"28687","Statesville","NC","35.529792","-80.947028","-5","1"
"28688","Turnersburg","NC","35.529792","-80.947028","-5","1"
"28689","Union Grove","NC","36.03559","-80.91265","-5","1"
"28690","Valdese","NC","35.740368","-81.56804","-5","1"
"28691","Valle Crucis","NC","36.209158","-81.778871","-5","1"
"28692","Vilas","NC","36.268944","-81.77819","-5","1"
"28693","Warrensville","NC","36.474746","-81.5371","-5","1"
"28694","West Jefferson","NC","36.375468","-81.47784","-5","1"
"28697","Wilkesboro","NC","36.136991","-81.17462","-5","1"
"28698","Zionville","NC","36.321009","-81.74404","-5","1"
"28699","Scotts","NC","35.831037","-81.00762","-5","1"
"28701","Alexander","NC","35.712999","-82.63479","-5","1"
"28702","Almond","NC","35.412166","-83.58395","-5","1"
"28704","Arden","NC","35.459869","-82.54142","-5","1"
"28705","Bakersville","NC","36.033454","-82.16858","-5","1"
"28707","Balsam","NC","35.419931","-83.08029","-5","1"
"28708","Balsam Grove","NC","35.289152","-82.83859","-5","1"
"28709","Barnardsville","NC","35.756437","-82.41471","-5","1"
"28710","Bat Cave","NC","35.464897","-82.28307","-5","1"
"28711","Black Mountain","NC","35.605146","-82.31665","-5","1"
"28712","Brevard","NC","35.188077","-82.75799","-5","1"
"28713","Bryson City","NC","35.395491","-83.47397","-5","1"
"28714","Burnsville","NC","35.891276","-82.30008","-5","1"
"28715","Candler","NC","35.529895","-82.70449","-5","1"
"28716","Canton","NC","35.503301","-82.85103","-5","1"
"28717","Cashiers","NC","35.103251","-83.09538","-5","1"
"28718","Cedar Mountain","NC","35.154193","-82.62466","-5","1"
"28719","Cherokee","NC","35.50359","-83.29698","-5","1"
"28720","Chimney Rock","NC","35.436893","-82.241744","-5","1"
"28721","Clyde","NC","35.60089","-82.93536","-5","1"
"28722","Columbus","NC","35.248689","-82.18161","-5","1"
"28723","Cullowhee","NC","35.256241","-83.14464","-5","1"
"28724","Dana","NC","35.295403","-82.388325","-5","1"
"28725","Dillsboro","NC","35.36852","-83.25321","-5","1"
"28726","East Flat Rock","NC","35.280702","-82.41834","-5","1"
"28727","Edneyville","NC","35.322276","-82.503226","-5","1"
"28728","Enka","NC","35.498797","-82.708024","-5","1"
"28729","Etowah","NC","35.311112","-82.60288","-5","1"
"28730","Fairview","NC","35.526686","-82.37542","-5","1"
"28731","Flat Rock","NC","35.270682","-82.41515","-5","1"
"28732","Fletcher","NC","35.437611","-82.48999","-5","1"
"28733","Fontana Dam","NC","35.435102","-83.82171","-5","1"
"28734","Franklin","NC","35.185018","-83.39032","-5","1"
"28735","Gerton","NC","35.478887","-82.34855","-5","1"
"28736","Glenville","NC","35.175847","-83.11146","-5","1"
"28737","Glenwood","NC","35.738725","-82.059494","-5","1"
"28738","Hazelwood","NC","35.468264","-83.002841","-5","1"
"28739","Hendersonville","NC","35.290454","-82.50652","-5","1"
"28740","Greenmountain","NC","36.023817","-82.29237","-5","1"
"28741","Highlands","NC","35.06252","-83.21173","-5","1"
"28742","Horse Shoe","NC","35.362016","-82.60353","-5","1"
"28743","Hot Springs","NC","35.834212","-82.86149","-5","1"
"28744","Franklin","NC","35.117299","-83.295244","-5","1"
"28745","Lake Junaluska","NC","35.527982","-82.96774","-5","1"
"28746","Lake Lure","NC","35.451314","-82.185","-5","1"
"28747","Lake Toxaway","NC","35.146004","-82.92258","-5","1"
"28748","Leicester","NC","35.661009","-82.73513","-5","1"
"28749","Little Switzerland","NC","35.849372","-82.07899","-5","1"
"28750","Lynn","NC","35.236179","-82.236198","-5","1"
"28751","Maggie Valley","NC","35.518138","-83.085","-5","1"
"28752","Marion","NC","35.709124","-82.01719","-5","1"
"28753","Marshall","NC","35.852912","-82.68447","-5","1"
"28754","Mars Hill","NC","35.866763","-82.52043","-5","1"
"28755","Micaville","NC","35.909707","-82.21395","-5","1"
"28756","Mill Spring","NC","35.336523","-82.18313","-5","1"
"28757","Montreat","NC","35.646373","-82.29968","-5","1"
"28758","Mountain Home","NC","35.37094","-82.4945","-5","1"
"28760","Naples","NC","35.381677","-82.481257","-5","1"
"28761","Nebo","NC","35.666254","-81.90629","-5","1"
"28762","Old Fort","NC","35.625414","-82.18229","-5","1"
"28763","Otto","NC","35.050529","-83.42225","-5","1"
"28765","Penland","NC","35.931539","-82.11072","-5","1"
"28766","Penrose","NC","35.264303","-82.62357","-5","1"
"28767","Old Fort","NC","35.640648","-82.165546","-5","1"
"28768","Pisgah Forest","NC","35.272331","-82.67373","-5","1"
"28770","Ridgecrest","NC","35.618596","-82.30048","-5","1"
"28771","Robbinsville","NC","35.345611","-83.79634","-5","1"
"28772","Rosman","NC","35.139812","-82.84253","-5","1"
"28773","Saluda","NC","35.23899","-82.34408","-5","1"
"28774","Sapphire","NC","35.115467","-83.01052","-5","1"
"28775","Scaly Mountain","NC","35.03107","-83.327411","-5","1"
"28776","Skyland","NC","35.483482","-82.520707","-5","1"
"28777","Spruce Pine","NC","35.910932","-82.07366","-5","1"
"28778","Swannanoa","NC","35.60243","-82.40531","-5","1"
"28779","Sylva","NC","35.37273","-83.20772","-5","1"
"28781","Topton","NC","35.241747","-83.62998","-5","1"
"28782","Tryon","NC","35.221428","-82.21712","-5","1"
"28783","Tuckasegee","NC","35.248885","-83.04111","-5","1"
"28784","Tuxedo","NC","35.219796","-82.43186","-5","1"
"28785","Maggie Valley","NC","35.569047","-83.009416","-5","1"
"28786","Waynesville","NC","35.511094","-82.99607","-5","1"
"28787","Weaverville","NC","35.723848","-82.54285","-5","1"
"28788","Webster","NC","35.328533","-83.233302","-5","1"
"28789","Whittier","NC","35.418018","-83.30887","-5","1"
"28790","Zirconia","NC","35.202275","-82.47156","-5","1"
"28791","Hendersonville","NC","35.345487","-82.49673","-5","1"
"28792","Hendersonville","NC","35.353837","-82.41625","-5","1"
"28793","Hendersonville","NC","35.292714","-82.503611","-5","1"
"28796","East Flat Rock","NC","35.29118","-82.41453","-5","1"
"28800","Asheville","NC","35.564734","-82.597992","-5","1"
"28801","Asheville","NC","35.595661","-82.55632","-5","1"
"28802","Asheville","NC","35.623732","-82.667132","-5","1"
"28803","Asheville","NC","35.54179","-82.52307","-5","1"
"28804","Asheville","NC","35.635844","-82.55992","-5","1"
"28805","Asheville","NC","35.599363","-82.50007","-5","1"
"28806","Asheville","NC","35.575877","-82.6062","-5","1"
"28808","Asheville","NC","35.486156","-82.532081","-5","1"
"28810","Asheville","NC","35.620335","-82.528558","-5","1"
"28813","Asheville","NC","35.50042","-82.502644","-5","1"
"28814","Asheville","NC","35.664752","-82.492664","-5","1"
"28815","Asheville","NC","35.620335","-82.528558","-5","1"
"28816","Asheville","NC","35.620335","-82.528558","-5","1"
"28818","Beulaville","NC","34.924076","-77.764819","-5","1"
"28849","Wrightsboro","NC","34.300421","-77.934656","-5","1"
"28894","Vass","NC","35.267373","-79.280088","-5","1"
"28901","Andrews","NC","35.202178","-83.81695","-5","1"
"28902","Brasstown","NC","35.02851","-83.94882","-5","1"
"28903","Culberson","NC","35.094379","-84.035916","-5","1"
"28904","Hayesville","NC","35.052591","-83.76683","-5","1"
"28905","Marble","NC","35.152197","-83.94231","-5","1"
"28906","Murphy","NC","35.091332","-84.09018","-5","1"
"28909","Warne","NC","34.994752","-83.90161","-5","1"
"28950","Winterville","NC","35.526959","-77.404512","-5","1"
"28954","Emerald Isle","NC","34.673805","-76.97842","-5","1"
"28971","Hendersonville","NC","35.350962","-82.494187","-5","1"
"28972","Hendersonville","NC","35.299726","-82.449228","-5","1"
