"31788","White House","TN","31.138011","-83.716729","-5","1"
"37010","Adams","TN","36.569635","-87.10026","-6","1"
"37011","Antioch","TN","36.170556","-86.8825","-6","1"
"37012","Alexandria","TN","36.076635","-86.01978","-6","1"
"37013","Antioch","TN","36.055115","-86.64782","-6","1"
"37014","Arrington","TN","35.856372","-86.66189","-6","1"
"37015","Ashland City","TN","36.299293","-87.06949","-6","1"
"37016","Auburntown","TN","35.951494","-86.09259","-6","1"
"37018","Beechgrove","TN","35.642797","-86.1669","-6","1"
"37019","Belfast","TN","35.390308","-86.70969","-6","1"
"37020","Bell Buckle","TN","35.616935","-86.39629","-6","1"
"37022","Bethpage","TN","36.501049","-86.3","-6","1"
"37023","Big Rock","TN","36.574224","-87.79018","-6","1"
"37024","Brentwood","TN","35.874553","-86.907565","-6","1"
"37025","Bon Aqua","TN","35.943598","-87.28991","-6","1"
"37026","Bradyville","TN","35.699599","-86.10976","-6","1"
"37027","Brentwood","TN","36.007373","-86.79121","-6","1"
"37028","Bumpus Mills","TN","36.633539","-87.86841","-6","1"
"37029","Burns","TN","36.047742","-87.28938","-6","1"
"37030","Carthage","TN","36.264959","-85.94893","-6","1"
"37031","Castalian Springs","TN","36.377228","-86.30112","-6","1"
"37032","Cedar Hill","TN","36.522355","-87.02542","-6","1"
"37033","Centerville","TN","35.76714","-87.49418","-6","1"
"37034","Chapel Hill","TN","35.639491","-86.6865","-6","1"
"37035","Chapmansboro","TN","36.388731","-87.13175","-6","1"
"37036","Charlotte","TN","36.225389","-87.29179","-6","1"
"37037","Christiana","TN","35.702877","-86.35134","-6","1"
"37040","Clarksville","TN","36.528448","-87.34142","-6","1"
"37041","Clarksville","TN","36.477428","-87.377197","-6","1"
"37042","Clarksville","TN","36.58068","-87.4056","-6","1"
"37043","Clarksville","TN","36.506407","-87.2572","-6","1"
"37044","Clarksville","TN","36.531398","-87.353008","-6","1"
"37046","College Grove","TN","35.7557","-86.72272","-6","1"
"37047","Cornersville","TN","35.330683","-86.8406","-6","1"
"37048","Cottontown","TN","36.491753","-86.59963","-6","1"
"37049","Cross Plains","TN","36.548569","-86.67907","-6","1"
"37050","Cumberland City","TN","36.373626","-87.63158","-6","1"
"37051","Cumberland Furnace","TN","36.310027","-87.4128","-6","1"
"37052","Cunningham","TN","36.371609","-87.4039","-6","1"
"37055","Dickson","TN","36.065779","-87.40831","-6","1"
"37056","Dickson","TN","36.146949","-87.352971","-6","1"
"37057","Dixon Springs","TN","36.389736","-86.04135","-6","1"
"37058","Dover","TN","36.477136","-87.85877","-6","1"
"37059","Dowelltown","TN","35.993983","-85.92851","-6","1"
"37060","Eagleville","TN","35.73843","-86.64441","-6","1"
"37061","Erin","TN","36.301089","-87.68198","-6","1"
"37062","Fairview","TN","35.976983","-87.14128","-6","1"
"37063","Fosterville","TN","35.859565","-86.420958","-6","1"
"37064","Franklin","TN","35.893823","-86.89919","-6","1"
"37065","Franklin","TN","35.895085","-86.921416","-6","1"
"37066","Gallatin","TN","36.388997","-86.4548","-6","1"
"37067","Franklin","TN","35.921811","-86.7952","-6","1"
"37068","Franklin","TN","35.874553","-86.907565","-6","1"
"37069","Franklin","TN","35.97706","-86.89653","-6","1"
"37070","Goodlettsville","TN","36.186605","-86.785248","-6","1"
"37071","Gladeville","TN","36.156231","-86.304922","-6","1"
"37072","Goodlettsville","TN","36.35465","-86.71879","-6","1"
"37073","Greenbrier","TN","36.427758","-86.81023","-6","1"
"37074","Hartsville","TN","36.407653","-86.15305","-6","1"
"37075","Hendersonville","TN","36.311047","-86.61173","-6","1"
"37076","Hermitage","TN","36.180507","-86.60111","-6","1"
"37077","Hendersonville","TN","36.304701","-86.621095","-6","1"
"37078","Hurricane Mills","TN","35.924976","-87.77219","-6","1"
"37079","Indian Mound","TN","36.48677","-87.66331","-6","1"
"37080","Joelton","TN","36.329551","-86.90949","-6","1"
"37082","Kingston Springs","TN","36.084917","-87.1106","-6","1"
"37083","Lafayette","TN","36.537994","-86.01497","-6","1"
"37085","Lascassas","TN","35.950979","-86.29596","-6","1"
"37086","La Vergne","TN","36.01333","-86.56268","-6","1"
"37087","Lebanon","TN","36.240331","-86.29271","-6","1"
"37088","Lebanon","TN","36.156231","-86.304922","-6","1"
"37089","La Vergne","TN","35.859565","-86.420958","-6","1"
"37090","Lebanon","TN","36.147433","-86.31061","-6","1"
"37091","Lewisburg","TN","35.461359","-86.7792","-6","1"
"37095","Liberty","TN","36.000953","-85.97669","-6","1"
"37096","Linden","TN","35.61432","-87.87486","-6","1"
"37097","Lobelville","TN","35.769743","-87.80286","-6","1"
"37098","Lyles","TN","35.882639","-87.31395","-6","1"
"37101","McEwen","TN","36.069712","-87.64489","-6","1"
"37110","McMinnville","TN","35.687286","-85.787","-6","1"
"37111","McMinnville","TN","35.678368","-85.777633","-6","1"
"37115","Madison","TN","36.264069","-86.70566","-6","1"
"37116","Madison","TN","36.186605","-86.785248","-6","1"
"37118","Milton","TN","35.929221","-86.18393","-6","1"
"37119","Mitchellville","TN","36.631981","-86.539028","-6","1"
"37121","Mount Juliet","TN","36.156231","-86.304922","-6","1"
"37122","Mount Juliet","TN","36.195016","-86.49732","-6","1"
"37127","Murfreesboro","TN","35.791021","-86.34445","-6","1"
"37128","Murfreesboro","TN","35.813319","-86.4455","-6","1"
"37129","Murfreesboro","TN","35.896645","-86.42425","-6","1"
"37130","Murfreesboro","TN","35.860152","-86.3648","-6","1"
"37131","Murfreesboro","TN","35.859565","-86.420958","-6","1"
"37132","Murfreesboro","TN","35.859565","-86.420958","-6","1"
"37133","Murfreesboro","TN","35.859565","-86.420958","-6","1"
"37134","New Johnsonville","TN","36.022057","-87.9564","-6","1"
"37135","Nolensville","TN","35.940383","-86.6686","-6","1"
"37136","Norene","TN","36.156231","-86.304922","-6","1"
"37137","Nunnelly","TN","35.88662","-87.50471","-6","1"
"37138","Old Hickory","TN","36.243698","-86.62308","-6","1"
"37140","Only","TN","35.863362","-87.67179","-6","1"
"37141","Orlinda","TN","36.60983","-86.69226","-6","1"
"37142","Palmyra","TN","36.421075","-87.49893","-6","1"
"37143","Pegram","TN","36.121471","-87.04467","-6","1"
"37144","Petersburg","TN","35.301331","-86.63337","-6","1"
"37145","Pleasant Shade","TN","36.377253","-85.90866","-6","1"
"37146","Pleasant View","TN","36.393153","-87.0285","-6","1"
"37147","Pleasantville","TN","35.679617","-87.65472","-6","1"
"37148","Portland","TN","36.576137","-86.51355","-6","1"
"37149","Readyville","TN","35.800108","-86.19391","-6","1"
"37150","Red Boiling Springs","TN","36.543183","-85.81114","-6","1"
"37151","Riddleton","TN","36.335403","-86.0317","-6","1"
"37152","Ridgetop","TN","36.396821","-86.76679","-6","1"
"37153","Rockvale","TN","35.751016","-86.55056","-6","1"
"37155","Saint Bethlehem","TN","36.477428","-87.377197","-6","1"
"37160","Shelbyville","TN","35.47066","-86.45974","-6","1"
"37161","Shelbyville","TN","35.471531","-86.489019","-6","1"
"37162","Shelbyville","TN","35.510825","-86.450042","-6","1"
"37165","Slayden","TN","36.283543","-87.458058","-6","1"
"37166","Smithville","TN","35.922583","-85.80108","-6","1"
"37167","Smyrna","TN","35.968513","-86.52231","-6","1"
"37171","Southside","TN","36.354736","-87.30571","-6","1"
"37172","Springfield","TN","36.513979","-86.86892","-6","1"
"37174","Spring Hill","TN","35.73062","-86.91144","-6","1"
"37175","Stewart","TN","36.316042","-87.89028","-6","1"
"37178","Tennessee Ridge","TN","36.323799","-87.77676","-6","1"
"37179","Thompsons Station","TN","35.79867","-86.90734","-6","1"
"37180","Unionville","TN","35.621614","-86.57353","-6","1"
"37181","Vanleer","TN","36.237999","-87.49831","-6","1"
"37183","Wartrace","TN","35.508541","-86.30889","-6","1"
"37184","Watertown","TN","36.096166","-86.13715","-6","1"
"37185","Waverly","TN","36.085376","-87.81626","-6","1"
"37186","Westmoreland","TN","36.579247","-86.23954","-6","1"
"37187","White Bluff","TN","36.117433","-87.21761","-6","1"
"37188","White House","TN","36.467624","-86.66941","-6","1"
"37189","Whites Creek","TN","36.27062","-86.82052","-6","1"
"37190","Woodbury","TN","35.813335","-86.05538","-6","1"
"37191","Woodlawn","TN","36.503792","-87.54263","-6","1"
"37201","Nashville","TN","36.164556","-86.77738","-6","1"
"37202","Nashville","TN","36.340304","-86.827254","-6","1"
"37203","Nashville","TN","36.152607","-86.78927","-6","1"
"37204","Nashville","TN","36.112058","-86.77626","-6","1"
"37205","Nashville","TN","36.113558","-86.86207","-6","1"
"37206","Nashville","TN","36.180806","-86.74176","-6","1"
"37207","Nashville","TN","36.215535","-86.77317","-6","1"
"37208","Nashville","TN","36.174806","-86.80252","-6","1"
"37209","Nashville","TN","36.151324","-86.8559","-6","1"
"37210","Nashville","TN","36.140857","-86.74437","-6","1"
"37211","Nashville","TN","36.079259","-86.72584","-6","1"
"37212","Nashville","TN","36.133251","-86.80057","-6","1"
"37213","Nashville","TN","36.167179","-86.76777","-6","1"
"37214","Nashville","TN","36.166956","-86.66869","-6","1"
"37215","Nashville","TN","36.098408","-86.82522","-6","1"
"37216","Nashville","TN","36.213004","-86.72594","-6","1"
"37217","Nashville","TN","36.103408","-86.66616","-6","1"
"37218","Nashville","TN","36.206755","-86.85215","-6","1"
"37219","Nashville","TN","36.166806","-86.78172","-6","1"
"37220","Nashville","TN","36.069659","-86.77266","-6","1"
"37221","Nashville","TN","36.065032","-86.94674","-6","1"
"37222","Nashville","TN","36.056164","-86.980116","-6","1"
"37224","Nashville","TN","36.186605","-86.785248","-6","1"
"37227","Nashville","TN","36.186605","-86.785248","-6","1"
"37228","Nashville","TN","36.190205","-86.80078","-6","1"
"37229","Nashville","TN","36.186605","-86.785248","-6","1"
"37230","Nashville","TN","36.186605","-86.785248","-6","1"
"37232","Nashville","TN","36.186605","-86.785248","-6","1"
"37234","Nashville","TN","36.186605","-86.785248","-6","1"
"37235","Nashville","TN","36.186605","-86.785248","-6","1"
"37236","Nashville","TN","36.186605","-86.785248","-6","1"
"37237","Nashville","TN","36.186605","-86.785248","-6","1"
"37238","Nashville","TN","36.186605","-86.785248","-6","1"
"37239","Nashville","TN","36.186605","-86.785248","-6","1"
"37240","Nashville","TN","36.186605","-86.785248","-6","1"
"37241","Nashville","TN","36.186605","-86.785248","-6","1"
"37242","Nashville","TN","36.186605","-86.785248","-6","1"
"37243","Nashville","TN","36.167606","-86.784498","-6","1"
"37244","Nashville","TN","36.186605","-86.785248","-6","1"
"37245","Nashville","TN","36.186605","-86.785248","-6","1"
"37246","Nashville","TN","36.158606","-86.789998","-6","1"
"37247","Nashville","TN","36.186605","-86.785248","-6","1"
"37248","Nashville","TN","36.186605","-86.785248","-6","1"
"37249","Nashville","TN","36.186605","-86.785248","-6","1"
"37250","Nashville","TN","36.186605","-86.785248","-6","1"
"37301","Altamont","TN","35.429018","-85.77679","-6","1"
"37302","Apison","TN","35.017404","-85.01322","-5","1"
"37303","Athens","TN","35.441378","-84.61975","-5","1"
"37304","Bakewell","TN","35.345216","-85.138046","-5","1"
"37305","Beersheba Springs","TN","35.467486","-85.67736","-6","1"
"37306","Belvidere","TN","35.106467","-86.2035","-6","1"
"37307","Benton","TN","35.172376","-84.63913","-5","1"
"37308","Birchwood","TN","35.357001","-84.99288","-5","1"
"37309","Calhoun","TN","35.302952","-84.74359","-5","1"
"37310","Charleston","TN","35.275808","-84.76927","-5","1"
"37311","Cleveland","TN","35.146362","-84.88723","-5","1"
"37312","Cleveland","TN","35.219532","-84.86489","-5","1"
"37313","Coalmont","TN","35.361678","-85.70288","-6","1"
"37314","Cokercreek","TN","35.246689","-84.303121","-5","1"
"37315","Collegedale","TN","35.047891","-85.057359","-5","1"
"37316","Conasauga","TN","34.995039","-84.72951","-5","1"
"37317","Copperhill","TN","35.008596","-84.3859","-5","1"
"37318","Cowan","TN","35.168862","-86.00538","-6","1"
"37320","Cleveland","TN","35.17272","-84.861885","-5","1"
"37321","Dayton","TN","35.495894","-85.01032","-5","1"
"37322","Decatur","TN","35.503723","-84.80741","-5","1"
"37323","Cleveland","TN","35.114482","-84.82836","-5","1"
"37324","Decherd","TN","35.234156","-86.0324","-6","1"
"37325","Delano","TN","35.245578","-84.58812","-5","1"
"37326","Ducktown","TN","35.030319","-84.38284","-5","1"
"37327","Dunlap","TN","35.399109","-85.38755","-6","1"
"37328","Elora","TN","35.018508","-86.36085","-6","1"
"37329","Englewood","TN","35.41142","-84.47473","-5","1"
"37330","Estill Springs","TN","35.280936","-86.12247","-6","1"
"37331","Etowah","TN","35.325991","-84.53015","-5","1"
"37332","Evensville","TN","35.585467","-84.94125","-5","1"
"37333","Farner","TN","35.14864","-84.31707","-5","1"
"37334","Fayetteville","TN","35.136177","-86.57433","-6","1"
"37335","Flintville","TN","35.063253","-86.41866","-6","1"
"37336","Georgetown","TN","35.308786","-84.93042","-5","1"
"37337","Grandview","TN","35.78168","-84.87955","-6","1"
"37338","Graysville","TN","35.443503","-85.18397","-6","1"
"37339","Gruetli Laager","TN","35.373152","-85.62361","-6","1"
"37340","Guild","TN","35.013853","-85.53107","-6","1"
"37341","Harrison","TN","35.19154","-85.09827","-5","1"
"37342","Hillsboro","TN","35.39156","-85.96367","-6","1"
"37343","Hixson","TN","35.167987","-85.21158","-5","1"
"37345","Huntland","TN","35.052678","-86.27141","-6","1"
"37347","Jasper","TN","35.065007","-85.61818","-6","1"
"37348","Kelso","TN","35.1149","-86.4421","-6","1"
"37349","Manchester","TN","35.497637","-86.07482","-6","1"
"37350","Lookout Mountain","TN","34.998375","-85.34865","-5","1"
"37351","Lupton City","TN","35.104789","-85.26415","-5","1"
"37352","Lynchburg","TN","35.276795","-86.35264","-6","1"
"37353","McDonald","TN","35.114036","-84.98535","-5","1"
"37354","Madisonville","TN","35.506259","-84.35738","-5","1"
"37355","Manchester","TN","35.500068","-86.08414","-6","1"
"37356","Monteagle","TN","35.238756","-85.82911","-6","1"
"37357","Morrison","TN","35.596484","-85.92275","-6","1"
"37359","Mulberry","TN","35.203361","-86.40563","-6","1"
"37360","Normandy","TN","35.433962","-86.26045","-6","1"
"37361","Ocoee","TN","35.108559","-84.70139","-5","1"
"37362","Oldfort","TN","35.043475","-84.73957","-5","1"
"37363","Ooltewah","TN","35.087881","-85.06005","-5","1"
"37364","Cleveland","TN","35.17272","-84.861885","-5","1"
"37365","Palmer","TN","35.375156","-85.55501","-6","1"
"37366","Pelham","TN","35.304582","-85.85456","-6","1"
"37367","Pikeville","TN","35.635097","-85.17161","-6","1"
"37369","Reliance","TN","35.191719","-84.49446","-5","1"
"37370","Riceville","TN","35.363968","-84.70392","-5","1"
"37371","Athens","TN","35.441376","-84.641623","-5","1"
"37372","Saint Andrews","TN","35.175522","-86.098338","-6","1"
"37373","Sale Creek","TN","35.391643","-85.10329","-5","1"
"37374","Sequatchie","TN","35.19174","-85.64149","-6","1"
"37375","Sewanee","TN","35.193891","-85.91048","-6","1"
"37376","Sherwood","TN","35.060787","-85.92217","-6","1"
"37377","Signal Mountain","TN","35.159778","-85.33332","-5","1"
"37378","Smartt","TN","35.678368","-85.777633","-6","1"
"37379","Soddy Daisy","TN","35.269694","-85.16227","-5","1"
"37380","South Pittsburg","TN","35.045886","-85.72513","-6","1"
"37381","Spring City","TN","35.68801","-84.82777","-5","1"
"37382","Summitville","TN","35.497637","-86.07482","-6","1"
"37383","Sewanee","TN","35.180503","-85.903522","-6","1"
"37384","Soddy Daisy","TN","35.221092","-85.209082","-5","1"
"37385","Tellico Plains","TN","35.345237","-84.27728","-5","1"
"37387","Tracy City","TN","35.275367","-85.74039","-6","1"
"37388","Tullahoma","TN","35.357522","-86.21484","-6","1"
"37389","Arnold AFB","TN","35.497637","-86.07482","-6","1"
"37391","Turtletown","TN","35.098017","-84.36195","-5","1"
"37394","Viola","TN","35.538116","-85.86169","-6","1"
"37395","Watts Bar Dam","TN","35.61722","-84.928921","-5","1"
"37396","Whiteside","TN","34.994156","-85.48755","-6","1"
"37397","Whitwell","TN","35.20297","-85.49733","-6","1"
"37398","Winchester","TN","35.192829","-86.14045","-6","1"
"37401","Chattanooga","TN","35.017818","-85.206426","-5","1"
"37402","Chattanooga","TN","35.046324","-85.31199","-5","1"
"37403","Chattanooga","TN","35.046173","-85.2988","-5","1"
"37404","Chattanooga","TN","35.030474","-85.2749","-5","1"
"37405","Chattanooga","TN","35.081323","-85.31903","-5","1"
"37406","Chattanooga","TN","35.065723","-85.25014","-5","1"
"37407","Chattanooga","TN","35.000825","-85.28673","-5","1"
"37408","Chattanooga","TN","35.030907","-85.31004","-5","1"
"37409","Chattanooga","TN","35.001842","-85.33092","-5","1"
"37410","Chattanooga","TN","35.002342","-85.31407","-5","1"
"37411","Chattanooga","TN","35.023824","-85.2333","-5","1"
"37412","Chattanooga","TN","34.996674","-85.23748","-5","1"
"37414","Chattanooga","TN","35.221092","-85.209082","-5","1"
"37415","Chattanooga","TN","35.116285","-85.28466","-5","1"
"37416","Chattanooga","TN","35.089805","-85.18152","-5","1"
"37419","Chattanooga","TN","35.031674","-85.37276","-5","1"
"37421","Chattanooga","TN","35.028574","-85.15939","-5","1"
"37422","Chattanooga","TN","35.221092","-85.209082","-5","1"
"37424","Chattanooga","TN","35.221092","-85.209082","-5","1"
"37450","Chattanooga","TN","35.221092","-85.209082","-5","1"
"37499","Chattanooga","TN","35.221092","-85.209082","-5","1"
"37501","Memphis","TN","35.169255","-89.990415","-6","1"
"37601","Johnson City","TN","36.331006","-82.3386","-5","1"
"37602","Johnson City","TN","36.271729","-82.501212","-5","1"
"37604","Johnson City","TN","36.312633","-82.3802","-5","1"
"37605","Johnson City","TN","36.315795","-82.383792","-5","1"
"37614","Johnson City","TN","36.302479","-82.36984","-5","1"
"37615","Johnson City","TN","36.405338","-82.44593","-5","1"
"37616","Afton","TN","36.218863","-82.74704","-5","1"
"37617","Blountville","TN","36.534729","-82.37229","-5","1"
"37618","Bluff City","TN","36.469605","-82.22998","-5","1"
"37620","Bristol","TN","36.561341","-82.16869","-5","1"
"37621","Bristol","TN","36.504158","-82.26446","-5","1"
"37625","Bristol","TN","36.504158","-82.26446","-5","1"
"37640","Butler","TN","36.335618","-81.97775","-5","1"
"37641","Chuckey","TN","36.21503","-82.6744","-5","1"
"37642","Church Hill","TN","36.534489","-82.71292","-5","1"
"37643","Elizabethton","TN","36.355251","-82.18843","-5","1"
"37644","Elizabethton","TN","36.436637","-82.051765","-5","1"
"37645","Mount Carmel","TN","36.560966","-82.65855","-5","1"
"37650","Erwin","TN","36.128301","-82.4273","-5","1"
"37656","Fall Branch","TN","36.4017","-82.62705","-5","1"
"37657","Flag Pond","TN","36.011662","-82.56056","-5","1"
"37658","Hampton","TN","36.269157","-82.17558","-5","1"
"37659","Jonesborough","TN","36.293805","-82.49704","-5","1"
"37660","Kingsport","TN","36.547133","-82.55408","-5","1"
"37662","Kingsport","TN","36.530517","-82.529816","-5","1"
"37663","Kingsport","TN","36.468953","-82.49765","-5","1"
"37664","Kingsport","TN","36.522968","-82.51162","-5","1"
"37665","Kingsport","TN","36.583233","-82.57249","-5","1"
"37669","Kingsport","TN","36.504158","-82.26446","-5","1"
"37680","Laurel Bloomery","TN","36.580229","-81.75509","-5","1"
"37681","Limestone","TN","36.246547","-82.62095","-5","1"
"37682","Milligan College","TN","36.296007","-82.305359","-5","1"
"37683","Mountain City","TN","36.451041","-81.81906","-5","1"
"37684","Mountain Home","TN","36.309201","-82.37338","-5","1"
"37686","Piney Flats","TN","36.430799","-82.33344","-5","1"
"37687","Roan Mountain","TN","36.192236","-82.0975","-5","1"
"37688","Shady Valley","TN","36.529827","-81.91718","-5","1"
"37690","Telford","TN","36.254547","-82.55708","-5","1"
"37691","Trade","TN","36.367169","-81.75553","-5","1"
"37692","Unicoi","TN","36.20493","-82.31214","-5","1"
"37694","Watauga","TN","36.376371","-82.278","-5","1"
"37699","Piney Flats","TN","36.504158","-82.26446","-5","1"
"37701","Alcoa","TN","35.784708","-83.97956","-5","1"
"37705","Andersonville","TN","36.217896","-84.01131","-5","1"
"37707","Arthur","TN","36.566257","-83.636479","-5","1"
"37708","Bean Station","TN","36.320262","-83.32206","-5","1"
"37709","Blaine","TN","36.161001","-83.67602","-5","1"
"37710","Briceville","TN","36.15231","-84.28968","-5","1"
"37711","Bulls Gap","TN","36.274715","-83.05737","-5","1"
"37713","Bybee","TN","36.081083","-83.13505","-5","1"
"37714","Caryville","TN","36.290972","-84.22104","-5","1"
"37715","Clairfield","TN","36.567165","-83.94202","-5","1"
"37716","Clinton","TN","36.099283","-84.14656","-5","1"
"37717","Clinton","TN","36.110028","-84.167208","-5","1"
"37719","Coalfield","TN","36.029022","-84.42541","-5","1"
"37721","Corryton","TN","36.141925","-83.8066","-5","1"
"37722","Cosby","TN","35.820011","-83.24441","-5","1"
"37723","Crab Orchard","TN","35.933213","-84.86226","-6","1"
"37724","Cumberland Gap","TN","36.566416","-83.67499","-5","1"
"37725","Dandridge","TN","35.996454","-83.39791","-5","1"
"37726","Deer Lodge","TN","36.186086","-84.838","-5","1"
"37727","Del Rio","TN","35.900308","-83.01575","-5","1"
"37729","Duff","TN","36.510252","-84.02712","-5","1"
"37730","Eagan","TN","36.553851","-83.97503","-5","1"
"37731","Eidson","TN","36.531811","-83.03714","-5","1"
"37732","Elgin","TN","36.327029","-84.60898","-5","1"
"37733","Rugby","TN","36.351914","-84.713666","-5","1"
"37737","Friendsville","TN","35.760657","-84.11925","-5","1"
"37738","Gatlinburg","TN","35.733627","-83.47156","-5","1"
"37742","Greenback","TN","35.66806","-84.1817","-5","1"
"37743","Greeneville","TN","36.102325","-82.85446","-5","1"
"37744","Greeneville","TN","36.182289","-82.73948","-5","1"
"37745","Greeneville","TN","36.229928","-82.81406","-5","1"
"37748","Harriman","TN","35.930801","-84.53135","-5","1"
"37752","Harrogate","TN","36.581713","-83.61278","-5","1"
"37753","Hartford","TN","35.822918","-83.10835","-5","1"
"37754","Heiskell","TN","36.138832","-84.03142","-5","1"
"37755","Helenwood","TN","36.434757","-84.53288","-5","1"
"37756","Huntsville","TN","36.351978","-84.42137","-5","1"
"37757","Jacksboro","TN","36.326509","-84.17277","-5","1"
"37760","Jefferson City","TN","36.109404","-83.48325","-5","1"
"37762","Jellico","TN","36.578257","-84.13698","-5","1"
"37763","Kingston","TN","35.839274","-84.50562","-5","1"
"37764","Kodak","TN","35.97555","-83.61374","-5","1"
"37765","Kyles Ford","TN","36.572764","-83.05028","-5","1"
"37766","La Follette","TN","36.388766","-84.08164","-5","1"
"37769","Lake City","TN","36.221786","-84.14984","-5","1"
"37770","Lancing","TN","36.133166","-84.66792","-5","1"
"37771","Lenoir City","TN","35.815524","-84.29301","-5","1"
"37772","Lenoir City","TN","35.800329","-84.23281","-5","1"
"37773","Lone Mountain","TN","36.466398","-83.678621","-5","1"
"37774","Loudon","TN","35.725969","-84.33069","-5","1"
"37777","Louisville","TN","35.835374","-84.01196","-5","1"
"37778","Lowland","TN","36.213293","-83.275211","-5","1"
"37779","Luttrell","TN","36.20423","-83.75046","-5","1"
"37801","Maryville","TN","35.709071","-84.05015","-5","1"
"37802","Maryville","TN","35.728283","-83.933815","-5","1"
"37803","Maryville","TN","35.693358","-83.98412","-5","1"
"37804","Maryville","TN","35.781607","-83.93591","-5","1"
"37806","Mascot","TN","36.086398","-83.7413","-5","1"
"37807","Maynardville","TN","36.251265","-83.82558","-5","1"
"37809","Midway","TN","36.162502","-83.0211","-5","1"
"37810","Mohawk","TN","36.188878","-83.09599","-5","1"
"37811","Mooresburg","TN","36.352009","-83.22676","-5","1"
"37813","Morristown","TN","36.186008","-83.27474","-5","1"
"37814","Morristown","TN","36.225565","-83.30799","-5","1"
"37815","Morristown","TN","36.213293","-83.275211","-5","1"
"37816","Morristown","TN","36.213293","-83.275211","-5","1"
"37818","Mosheim","TN","36.190417","-82.96185","-5","1"
"37819","Newcomb","TN","36.547121","-84.18206","-5","1"
"37820","New Market","TN","36.089568","-83.56389","-5","1"
"37821","Newport","TN","35.963276","-83.20116","-5","1"
"37822","Newport","TN","35.947688","-83.106554","-5","1"
"37824","New Tazewell","TN","36.449963","-83.591129","-5","1"
"37825","New Tazewell","TN","36.417235","-83.65241","-5","1"
"37826","Niota","TN","35.548316","-84.58403","-5","1"
"37828","Norris","TN","36.190257","-84.07017","-5","1"
"37829","Oakdale","TN","35.98291","-84.60149","-5","1"
"37830","Oak Ridge","TN","35.992691","-84.27044","-5","1"
"37831","Oak Ridge","TN","36.105971","-84.195796","-5","1"
"37838","Sewanee","TN","35.199411","-85.93221","-6","1"
"37840","Oliver Springs","TN","36.045663","-84.36685","-5","1"
"37841","Oneida","TN","36.49787","-84.51808","-5","1"
"37842","Ozone","TN","35.87543","-84.792927","-6","1"
"37843","Parrottsville","TN","36.013728","-83.05351","-5","1"
"37845","Petros","TN","36.09122","-84.44598","-5","1"
"37846","Philadelphia","TN","35.679462","-84.45838","-5","1"
"37847","Pioneer","TN","36.432891","-84.27781","-5","1"
"37848","Powder Springs","TN","36.24404","-83.68053","-5","1"
"37849","Powell","TN","36.044507","-84.04192","-5","1"
"37851","Pruden","TN","36.557884","-83.81392","-5","1"
"37852","Robbins","TN","36.335832","-84.6022","-5","1"
"37853","Rockford","TN","35.834126","-83.93452","-5","1"
"37854","Rockwood","TN","35.861763","-84.70042","-5","1"
"37857","Rogersville","TN","36.413437","-82.96804","-5","1"
"37860","Russellville","TN","36.248645","-83.19321","-5","1"
"37861","Rutledge","TN","36.243526","-83.51516","-5","1"
"37862","Sevierville","TN","35.818653","-83.59197","-5","1"
"37863","Pigeon Forge","TN","35.792313","-83.5605","-5","1"
"37864","Sevierville","TN","35.854211","-83.613849","-5","1"
"37865","Seymour","TN","35.853932","-83.74476","-5","1"
"37866","Sharps Chapel","TN","36.355257","-83.82637","-5","1"
"37867","Shawanee","TN","36.580283","-83.647254","-5","1"
"37868","Pigeon Forge","TN","35.880902","-83.556134","-5","1"
"37869","Sneedville","TN","36.521297","-83.22818","-5","1"
"37870","Speedwell","TN","36.45491","-83.8546","-5","1"
"37871","Strawberry Plains","TN","36.04051","-83.67934","-5","1"
"37872","Sunbright","TN","36.262842","-84.66549","-5","1"
"37873","Surgoinsville","TN","36.51276","-82.83526","-5","1"
"37874","Sweetwater","TN","35.598659","-84.46613","-5","1"
"37876","Sevierville","TN","35.860157","-83.48694","-5","1"
"37877","Talbott","TN","36.154381","-83.40946","-5","1"
"37878","Tallassee","TN","35.63373","-83.93138","-5","1"
"37879","Tazewell","TN","36.465808","-83.52357","-5","1"
"37880","Ten Mile","TN","35.684788","-84.67782","-5","1"
"37881","Thorn Hill","TN","36.407028","-83.34113","-5","1"
"37882","Townsend","TN","35.680116","-83.75801","-5","1"
"37885","Vonore","TN","35.543355","-84.1933","-5","1"
"37886","Walland","TN","35.734481","-83.81988","-5","1"
"37887","Wartburg","TN","36.091018","-84.56863","-5","1"
"37888","Washburn","TN","36.310299","-83.60658","-5","1"
"37890","White Pine","TN","36.094622","-83.29024","-5","1"
"37891","Whitesburg","TN","36.277627","-83.13987","-5","1"
"37892","Winfield","TN","36.563797","-84.41935","-5","1"
"37893","Winona","TN","36.383425","-84.517287","-5","1"
"37901","Knoxville","TN","36.032334","-83.884804","-5","1"
"37902","Knoxville","TN","35.964032","-83.91964","-5","1"
"37909","Knoxville","TN","35.947846","-84.01554","-5","1"
"37912","Knoxville","TN","36.008048","-83.97962","-5","1"
"37913","Knoxville","TN","35.906808","-84.024627","-5","1"
"37914","Knoxville","TN","35.988528","-83.84981","-5","1"
"37915","Knoxville","TN","35.97125","-83.90149","-5","1"
"37916","Knoxville","TN","35.955732","-83.93271","-5","1"
"37917","Knoxville","TN","35.991982","-83.91859","-5","1"
"37918","Knoxville","TN","36.046598","-83.92511","-5","1"
"37919","Knoxville","TN","35.922881","-84.00384","-5","1"
"37920","Knoxville","TN","35.923517","-83.89042","-5","1"
"37921","Knoxville","TN","35.973731","-83.97413","-5","1"
"37922","Knoxville","TN","35.875925","-84.12608","-5","1"
"37923","Knoxville","TN","35.928997","-84.07543","-5","1"
"37924","Knoxville","TN","36.029987","-83.80705","-5","1"
"37927","Knoxville","TN","35.990142","-83.96218","-5","1"
"37928","Knoxville","TN","35.990142","-83.96218","-5","1"
"37929","Knoxville","TN","35.922421","-83.795492","-5","1"
"37930","Knoxville","TN","35.9029","-83.953554","-5","1"
"37931","Knoxville","TN","35.976063","-84.1182","-5","1"
"37932","Knoxville","TN","35.919695","-84.17255","-5","1"
"37933","Knoxville","TN","35.990142","-83.96218","-5","1"
"37937","Powells Crossroads","TN","35.187308","-85.47929","-6","1"
"37938","Knoxville","TN","36.113552","-83.93785","-5","1"
"37939","Knoxville","TN","35.990142","-83.96218","-5","1"
"37940","Knoxville","TN","35.990142","-83.96218","-5","1"
"37950","Knoxville","TN","35.990142","-83.96218","-5","1"
"37951","Knoxville","TN","35.972146","-83.950384","-5","1"
"37990","Knoxville","TN","35.990142","-83.96218","-5","1"
"37995","Knoxville","TN","35.990142","-83.96218","-5","1"
"37996","Knoxville","TN","35.990142","-83.96218","-5","1"
"37997","Knoxville","TN","35.990142","-83.96218","-5","1"
"37998","Knoxville","TN","35.935134","-83.750258","-5","1"
"37999","Knoxville","TN","35.990142","-83.96218","-5","1"
"38001","Alamo","TN","35.796157","-89.14016","-6","1"
"38002","Arlington","TN","35.272386","-89.71198","-6","1"
"38004","Atoka","TN","35.422035","-89.80806","-6","1"
"38006","Bells","TN","35.696656","-89.08457","-6","1"
"38007","Bogota","TN","36.158668","-89.437684","-6","1"
"38008","Bolivar","TN","35.25543","-88.98751","-6","1"
"38010","Braden","TN","35.288624","-89.48802","-6","1"
"38011","Brighton","TN","35.474694","-89.72344","-6","1"
"38012","Brownsville","TN","35.590558","-89.2609","-6","1"
"38014","Brunswick","TN","35.201738","-89.971538","-6","1"
"38015","Burlison","TN","35.551277","-89.82387","-6","1"
"38016","Memphis","TN","35.177475","-89.776835","-6","1"
"38017","Collierville","TN","35.057224","-89.67417","-6","1"
"38018","Cordova","TN","35.157681","-89.78249","-6","1"
"38019","Covington","TN","35.560622","-89.64201","-6","1"
"38021","Crockett Mills","TN","35.875396","-89.16485","-6","1"
"38023","Drummonds","TN","35.489296","-89.94754","-6","1"
"38024","Dyersburg","TN","36.038042","-89.38613","-6","1"
"38025","Dyersburg","TN","36.046851","-89.443779","-6","1"
"38026","Memphis","TN","35.132219","-90.047966","-6","1"
"38027","Collierville","TN","35.201738","-89.971538","-6","1"
"38028","Eads","TN","35.203968","-89.62203","-6","1"
"38029","Ellendale","TN","35.201738","-89.971538","-6","1"
"38030","Finley","TN","35.980206","-89.60112","-6","1"
"38034","Friendship","TN","35.908286","-89.24555","-6","1"
"38036","Gallaway","TN","35.320487","-89.6215","-6","1"
"38037","Gates","TN","35.82036","-89.41497","-6","1"
"38039","Grand Junction","TN","35.057728","-89.18599","-6","1"
"38040","Halls","TN","35.879497","-89.41989","-6","1"
"38042","Hickory Valley","TN","35.149952","-89.1536","-6","1"
"38043","Hickory Withe","TN","35.199265","-89.414113","-6","1"
"38044","Hornsby","TN","35.211663","-88.80988","-6","1"
"38045","Laconia","TN","35.290428","-89.232185","-6","1"
"38046","La Grange","TN","35.049339","-89.23476","-6","1"
"38047","Lenox","TN","36.063947","-89.62287","-6","1"
"38048","Macon","TN","35.15066","-89.481362","-6","1"
"38049","Mason","TN","35.391363","-89.53988","-6","1"
"38050","Maury City","TN","35.815535","-89.22386","-6","1"
"38052","Middleton","TN","35.074302","-88.90845","-6","1"
"38053","Millington","TN","35.347965","-89.90668","-6","1"
"38054","Millington","TN","35.334132","-89.870636","-6","1"
"38055","Millington","TN","35.201738","-89.971538","-6","1"
"38056","Miston","TN","36.046851","-89.443779","-6","1"
"38057","Moscow","TN","35.055545","-89.37347","-6","1"
"38058","Munford","TN","35.451159","-89.80845","-6","1"
"38059","Newbern","TN","36.114872","-89.25419","-6","1"
"38060","Oakland","TN","35.214462","-89.5034","-6","1"
"38061","Pocahontas","TN","35.067152","-88.76534","-6","1"
"38066","Rossville","TN","35.076213","-89.5329","-6","1"
"38067","Saulsbury","TN","35.090194","-89.02951","-6","1"
"38068","Somerville","TN","35.275036","-89.32907","-6","1"
"38069","Stanton","TN","35.459089","-89.35699","-6","1"
"38070","Tigrett","TN","35.942019","-89.243405","-6","1"
"38071","Tipton","TN","35.414319","-89.818781","-6","1"
"38073","Gates","TN","35.839785","-89.40664","-6","1"
"38074","Bolivar","TN","35.213371","-88.990028","-6","1"
"38075","Whiteville","TN","35.35001","-89.15508","-6","1"
"38076","Williston","TN","35.152913","-89.43406","-6","1"
"38077","Wynnburg","TN","36.344296","-89.522851","-6","1"
"38080","Ridgely","TN","36.224429","-89.48641","-6","1"
"38083","Millington","TN","35.201738","-89.971538","-6","1"
"38088","Cordova","TN","35.201738","-89.971538","-6","1"
"38101","Memphis","TN","35.050667","-89.847782","-6","1"
"38103","Memphis","TN","35.146131","-90.0534","-6","1"
"38104","Memphis","TN","35.133825","-90.00463","-6","1"
"38105","Memphis","TN","35.15275","-90.0356","-6","1"
"38106","Memphis","TN","35.103019","-90.04017","-6","1"
"38107","Memphis","TN","35.167515","-90.02224","-6","1"
"38108","Memphis","TN","35.174165","-89.96028","-6","1"
"38109","Memphis","TN","35.050286","-90.07523","-6","1"
"38110","Memphis","TN","35.201738","-89.971538","-6","1"
"38111","Memphis","TN","35.10935","-89.94363","-6","1"
"38112","Memphis","TN","35.148605","-89.97479","-6","1"
"38113","Memphis","TN","35.12738","-89.984484","-6","1"
"38114","Memphis","TN","35.101525","-89.98543","-6","1"
"38115","Memphis","TN","35.057311","-89.86291","-6","1"
"38116","Memphis","TN","35.03319","-90.01128","-6","1"
"38117","Memphis","TN","35.112929","-89.90389","-6","1"
"38118","Memphis","TN","35.048455","-89.92426","-6","1"
"38119","Memphis","TN","35.082936","-89.84892","-6","1"
"38120","Memphis","TN","35.124818","-89.86562","-6","1"
"38122","Memphis","TN","35.155589","-89.92315","-6","1"
"38124","Memphis","TN","35.201738","-89.971538","-6","1"
"38125","Memphis","TN","35.035466","-89.80329","-6","1"
"38126","Memphis","TN","35.126469","-90.04359","-6","1"
"38127","Memphis","TN","35.223796","-90.00646","-6","1"
"38128","Memphis","TN","35.219882","-89.92588","-6","1"
"38130","Memphis","TN","35.201738","-89.971538","-6","1"
"38131","Memphis","TN","35.063236","-89.99403","-6","1"
"38132","Memphis","TN","35.073545","-89.99788","-6","1"
"38133","Memphis","TN","35.208709","-89.80518","-6","1"
"38134","Memphis","TN","35.193046","-89.86559","-6","1"
"38135","Memphis","TN","35.232085","-89.85214","-6","1"
"38136","Memphis","TN","35.201738","-89.971538","-6","1"
"38137","Memphis","TN","35.201738","-89.971538","-6","1"
"38138","Germantown","TN","35.088885","-89.80677","-6","1"
"38139","Germantown","TN","35.087468","-89.7615","-6","1"
"38140","Memphis","TN","35.201738","-89.971538","-6","1"
"38141","Memphis","TN","35.016803","-89.84701","-6","1"
"38142","Memphis","TN","35.201738","-89.971538","-6","1"
"38143","Memphis","TN","35.201738","-89.971538","-6","1"
"38145","Memphis","TN","35.201738","-89.971538","-6","1"
"38146","Memphis","TN","35.201738","-89.971538","-6","1"
"38147","Memphis","TN","35.201738","-89.971538","-6","1"
"38148","Memphis","TN","35.201738","-89.971538","-6","1"
"38150","Memphis","TN","35.201738","-89.971538","-6","1"
"38151","Memphis","TN","35.201738","-89.971538","-6","1"
"38152","Memphis","TN","35.201738","-89.971538","-6","1"
"38157","Memphis","TN","35.114416","-89.89189","-6","1"
"38159","Memphis","TN","35.201738","-89.971538","-6","1"
"38161","Memphis","TN","35.201738","-89.971538","-6","1"
"38163","Memphis","TN","35.201738","-89.971538","-6","1"
"38165","Memphis","TN","35.201738","-89.971538","-6","1"
"38166","Memphis","TN","35.201738","-89.971538","-6","1"
"38167","Memphis","TN","35.201738","-89.971538","-6","1"
"38168","Memphis","TN","35.201738","-89.971538","-6","1"
"38173","Memphis","TN","35.201738","-89.971538","-6","1"
"38174","Memphis","TN","35.201738","-89.971538","-6","1"
"38175","Memphis","TN","35.201738","-89.971538","-6","1"
"38177","Memphis","TN","35.201738","-89.971538","-6","1"
"38181","Memphis","TN","35.201738","-89.971538","-6","1"
"38182","Memphis","TN","35.201738","-89.971538","-6","1"
"38183","Germantown","TN","35.201738","-89.971538","-6","1"
"38184","Memphis","TN","35.201738","-89.971538","-6","1"
"38186","Memphis","TN","35.201738","-89.971538","-6","1"
"38187","Memphis","TN","35.201738","-89.971538","-6","1"
"38188","Memphis","TN","35.201738","-89.971538","-6","1"
"38190","Memphis","TN","35.201738","-89.971538","-6","1"
"38193","Memphis","TN","35.201738","-89.971538","-6","1"
"38194","Memphis","TN","35.201738","-89.971538","-6","1"
"38195","Memphis","TN","35.201738","-89.971538","-6","1"
"38197","Memphis","TN","35.201738","-89.971538","-6","1"
"38201","McKenzie","TN","36.133065","-88.52246","-6","1"
"38220","Atwood","TN","35.98269","-88.66966","-6","1"
"38221","Big Sandy","TN","36.254423","-88.04885","-6","1"
"38222","Buchanan","TN","36.458738","-88.14836","-6","1"
"38223","Como","TN","36.310995","-88.260367","-6","1"
"38224","Cottage Grove","TN","36.395616","-88.49515","-6","1"
"38225","Dresden","TN","36.305305","-88.6869","-6","1"
"38226","Dukedom","TN","36.488409","-88.66672","-6","1"
"38229","Gleason","TN","36.223573","-88.60614","-6","1"
"38230","Greenfield","TN","36.154281","-88.76867","-6","1"
"38231","Henry","TN","36.210847","-88.42518","-6","1"
"38232","Hornbeak","TN","36.339084","-89.33228","-6","1"
"38233","Kenton","TN","36.201487","-89.03087","-6","1"
"38235","McLemoresville","TN","35.992987","-88.57656","-6","1"
"38236","Mansfield","TN","36.167573","-88.26817","-6","1"
"38237","Martin","TN","36.353928","-88.84191","-6","1"
"38238","Martin","TN","36.282357","-88.738132","-6","1"
"38240","Obion","TN","36.253678","-89.25364","-6","1"
"38241","Palmersville","TN","36.427351","-88.59234","-6","1"
"38242","Paris","TN","36.300311","-88.32891","-6","1"
"38251","Puryear","TN","36.444446","-88.35903","-6","1"
"38253","Rives","TN","36.307957","-89.0377","-6","1"
"38254","Samburg","TN","36.379051","-89.353821","-6","1"
"38255","Sharon","TN","36.236377","-88.83586","-6","1"
"38256","Springville","TN","36.330953","-88.12309","-6","1"
"38257","South Fulton","TN","36.483302","-88.87895","-6","1"
"38258","Trezevant","TN","36.016599","-88.61825","-6","1"
"38259","Trimble","TN","36.198652","-89.18203","-6","1"
"38260","Troy","TN","36.358158","-89.17888","-6","1"
"38261","Union City","TN","36.426933","-89.0727","-6","1"
"38271","Woodland Mills","TN","36.458295","-89.233227","-6","1"
"38281","Union City","TN","36.354384","-89.149881","-6","1"
"38301","Jackson","TN","35.60758","-88.81959","-6","1"
"38302","Jackson","TN","35.612405","-88.841225","-6","1"
"38303","Jackson","TN","35.612405","-88.841225","-6","1"
"38305","Jackson","TN","35.693101","-88.80653","-6","1"
"38308","Jackson","TN","35.612405","-88.841225","-6","1"
"38310","Adamsville","TN","35.241412","-88.38425","-6","1"
"38311","Bath Springs","TN","35.436584","-88.11912","-6","1"
"38313","Beech Bluff","TN","35.601914","-88.62354","-6","1"
"38314","Jackson","TN","35.612405","-88.841225","-6","1"
"38315","Bethel Springs","TN","35.260888","-88.64275","-6","1"
"38316","Bradford","TN","36.067294","-88.81209","-6","1"
"38317","Bruceton","TN","36.038551","-88.25144","-6","1"
"38318","Buena Vista","TN","35.960377","-88.26959","-6","1"
"38320","Camden","TN","36.050286","-88.10137","-6","1"
"38321","Cedar Grove","TN","35.844195","-88.5322","-6","1"
"38324","Clarksburg","TN","35.867454","-88.39343","-6","1"
"38326","Counce","TN","35.041335","-88.27379","-6","1"
"38327","Crump","TN","35.225753","-88.30456","-6","1"
"38328","Darden","TN","35.667861","-88.21648","-6","1"
"38329","Decaturville","TN","35.546839","-88.12345","-6","1"
"38330","Dyer","TN","36.073575","-89.01767","-6","1"
"38331","Eaton","TN","35.969336","-89.131915","-6","1"
"38332","Enville","TN","35.411713","-88.40388","-6","1"
"38333","Eva","TN","36.114049","-87.97808","-6","1"
"38334","Finger","TN","35.357639","-88.60089","-6","1"
"38336","Fruitvale","TN","35.748414","-89.032672","-6","1"
"38337","Gadsden","TN","35.794403","-89.01731","-6","1"
"38338","Gibson","TN","35.870849","-88.846372","-6","1"
"38339","Guys","TN","35.047877","-88.52289","-6","1"
"38340","Henderson","TN","35.414454","-88.66118","-6","1"
"38341","Holladay","TN","35.866499","-88.09896","-6","1"
"38342","Hollow Rock","TN","36.075068","-88.28916","-6","1"
"38343","Humboldt","TN","35.825299","-88.90218","-6","1"
"38344","Huntingdon","TN","35.995802","-88.41385","-6","1"
"38345","Huron","TN","35.576402","-88.51041","-6","1"
"38346","Idlewild","TN","36.030588","-88.805599","-6","1"
"38347","Jacks Creek","TN","35.462376","-88.50539","-6","1"
"38348","Lavinia","TN","35.867764","-88.63929","-6","1"
"38350","Collinwood","TN","35.148316","-87.745118","-6","1"
"38351","Lexington","TN","35.658409","-88.40535","-6","1"
"38352","Luray","TN","35.52953","-88.53275","-6","1"
"38355","Medina","TN","35.795399","-88.77185","-6","1"
"38356","Medon","TN","35.431381","-88.88248","-6","1"
"38357","Michie","TN","35.051008","-88.42611","-6","1"
"38358","Milan","TN","35.916722","-88.76628","-6","1"
"38359","Milledgeville","TN","35.37046","-88.36434","-6","1"
"38361","Morris Chapel","TN","35.311586","-88.29757","-6","1"
"38362","Oakfield","TN","35.73006","-88.78683","-6","1"
"38363","Parsons","TN","35.66088","-88.1184","-6","1"
"38365","Pickwick Dam","TN","35.038284","-88.225601","-6","1"
"38366","Pinson","TN","35.4832","-88.73125","-6","1"
"38367","Ramer","TN","35.062793","-88.60533","-6","1"
"38368","Reagan","TN","35.502859","-88.36148","-6","1"
"38369","Rutherford","TN","36.12836","-88.98134","-6","1"
"38370","Saltillo","TN","35.381331","-88.23261","-6","1"
"38371","Sardis","TN","35.432389","-88.30407","-6","1"
"38372","Savannah","TN","35.180947","-88.18946","-6","1"
"38374","Scotts Hill","TN","35.522263","-88.24152","-6","1"
"38375","Selmer","TN","35.165045","-88.59327","-6","1"
"38376","Shiloh","TN","35.130384","-88.34742","-6","1"
"38377","Silerton","TN","35.35604","-88.826923","-6","1"
"38378","Spring Creek","TN","35.764637","-88.685","-6","1"
"38379","Stantonville","TN","35.159237","-88.41878","-6","1"
"38380","Sugar Tree","TN","35.77928","-88.02646","-6","1"
"38381","Toone","TN","35.35452","-88.95209","-6","1"
"38382","Trenton","TN","35.973431","-88.95035","-6","1"
"38384","Toone","TN","35.544159","-88.950206","-6","1"
"38387","Westport","TN","35.878702","-88.27401","-6","1"
"38388","Wildersville","TN","35.782093","-88.35061","-6","1"
"38389","Yorkville","TN","36.135364","-89.111653","-6","1"
"38390","Yuma","TN","35.843868","-88.36661","-6","1"
"38391","Denmark","TN","35.560669","-89.00984","-6","1"
"38392","Mercer","TN","35.468337","-89.04069","-6","1"
"38393","Chewalla","TN","34.99687","-88.645577","-6","1"
"38401","Columbia","TN","35.619784","-87.03565","-6","1"
"38402","Columbia","TN","35.629413","-87.068172","-6","1"
"38425","Clifton","TN","35.401188","-87.97188","-6","1"
"38449","Ardmore","TN","35.043961","-86.84324","-6","1"
"38450","Collinwood","TN","35.187869","-87.77263","-6","1"
"38451","Culleoka","TN","35.474034","-86.98993","-6","1"
"38452","Cypress Inn","TN","35.066147","-87.80171","-6","1"
"38453","Dellrose","TN","35.128317","-86.81188","-6","1"
"38454","Duck River","TN","35.727189","-87.31927","-6","1"
"38455","Elkton","TN","35.05392","-86.895305","-6","1"
"38456","Ethridge","TN","35.336135","-87.26409","-6","1"
"38457","Five Points","TN","35.025423","-87.29104","-6","1"
"38459","Frankewing","TN","35.188143","-86.81014","-6","1"
"38460","Goodspring","TN","35.08957","-87.16259","-6","1"
"38461","Hampshire","TN","35.606697","-87.33058","-6","1"
"38462","Hohenwald","TN","35.535397","-87.54905","-6","1"
"38463","Iron City","TN","35.069017","-87.62171","-6","1"
"38464","Lawrenceburg","TN","35.259613","-87.37522","-6","1"
"38468","Leoma","TN","35.135003","-87.29218","-6","1"
"38469","Loretto","TN","35.071804","-87.41974","-6","1"
"38471","Lutts","TN","35.083644","-87.91309","-6","1"
"38472","Lynnville","TN","35.376463","-87.04478","-6","1"
"38473","Minor Hill","TN","35.026969","-87.16763","-6","1"
"38474","Mount Pleasant","TN","35.52478","-87.22342","-6","1"
"38475","Olivehill","TN","35.270793","-88.01666","-6","1"
"38476","Primm Springs","TN","35.839045","-87.2243","-6","1"
"38477","Prospect","TN","35.040578","-86.98456","-6","1"
"38478","Pulaski","TN","35.204983","-87.01246","-6","1"
"38481","Saint Joseph","TN","35.03492","-87.50215","-6","1"
"38482","Santa Fe","TN","35.77692","-87.1517","-6","1"
"38483","Summertown","TN","35.43506","-87.33748","-6","1"
"38485","Waynesboro","TN","35.343716","-87.75739","-6","1"
"38486","Westpoint","TN","35.164749","-87.54145","-6","1"
"38487","Williamsport","TN","35.734499","-87.21926","-6","1"
"38488","Taft","TN","35.045279","-86.69047","-6","1"
"38501","Cookeville","TN","36.1832","-85.52054","-6","1"
"38502","Cookeville","TN","36.141824","-85.454779","-6","1"
"38503","Cookeville","TN","36.141824","-85.454779","-6","1"
"38504","Allardt","TN","36.392571","-84.73614","-6","1"
"38505","Cookeville","TN","36.141824","-85.454779","-6","1"
"38506","Cookeville","TN","36.177831","-85.46238","-6","1"
"38528","Trezevant","TN","36.003208","-88.614501","-6","1"
"38541","Allons","TN","36.525275","-85.36148","-6","1"
"38542","Allred","TN","36.323957","-85.20787","-6","1"
"38543","Alpine","TN","36.400338","-85.16208","-6","1"
"38544","Baxter","TN","36.127733","-85.64636","-6","1"
"38545","Bloomington Springs","TN","36.228911","-85.66854","-6","1"
"38547","Brush Creek","TN","36.141741","-86.00868","-6","1"
"38548","Buffalo Valley","TN","36.163234","-85.78987","-6","1"
"38549","Byrdstown","TN","36.572543","-85.15007","-6","1"
"38550","Campaign","TN","35.773417","-85.619169","-6","1"
"38551","Celina","TN","36.547412","-85.48904","-6","1"
"38552","Chestnut Mound","TN","36.214724","-85.79907","-6","1"
"38553","Clarkrange","TN","36.209271","-85.00757","-6","1"
"38554","Crawford","TN","36.26742","-85.16204","-6","1"
"38555","Crossville","TN","35.929314","-85.05926","-6","1"
"38556","Jamestown","TN","36.409385","-84.93393","-6","1"
"38557","Crossville","TN","35.988457","-85.012389","-6","1"
"38558","Crossville","TN","36.008521","-84.91132","-6","1"
"38559","Doyle","TN","35.833271","-85.51921","-6","1"
"38560","Elmwood","TN","36.236398","-85.88908","-6","1"
"38562","Gainesboro","TN","36.351803","-85.65757","-6","1"
"38563","Gordonsville","TN","36.182334","-85.9832","-6","1"
"38564","Granville","TN","36.259907","-85.7555","-6","1"
"38565","Grimsley","TN","36.260904","-84.99517","-6","1"
"38567","Hickman","TN","36.140473","-85.91072","-6","1"
"38568","Hilham","TN","36.414282","-85.45701","-6","1"
"38569","Lancaster","TN","36.104271","-85.84696","-6","1"
"38570","Livingston","TN","36.376289","-85.32585","-6","1"
"38571","Crossville","TN","36.04347","-85.094842","-6","1"
"38572","Pleasant Hill","TN","35.861811","-85.0902","-6","1"
"38573","Monroe","TN","36.480151","-85.20656","-6","1"
"38574","Monterey","TN","36.133983","-85.23805","-6","1"
"38575","Moss","TN","36.555932","-85.65072","-6","1"
"38577","Pall Mall","TN","36.571669","-84.99647","-6","1"
"38578","Pleasant Hill","TN","36.007405","-85.162272","-6","1"
"38579","Quebeck","TN","35.817417","-85.55772","-6","1"
"38580","Rickman","TN","36.270655","-85.32525","-6","1"
"38581","Rock Island","TN","35.751554","-85.63943","-6","1"
"38582","Silver Point","TN","36.09651","-85.74373","-6","1"
"38583","Sparta","TN","35.943026","-85.45113","-6","1"
"38585","Spencer","TN","35.69653","-85.41146","-6","1"
"38587","Walling","TN","35.869657","-85.61165","-6","1"
"38588","Whitleyville","TN","36.456113","-85.72381","-6","1"
"38589","Wilder","TN","36.29017","-85.08484","-6","1"
