"20101","Dulles","VA","39.002125","-77.442066","-5","1"
"20102","Dulles","VA","39.085309","-77.645224","-5","1"
"20103","Dulles","VA","38.996242","-77.449952","-5","1"
"20104","Dulles","VA","39.085309","-77.645224","-5","1"
"20105","Aldie","VA","38.964054","-77.60878","-5","1"
"20106","Amissville","VA","38.683116","-77.99031","-5","1"
"20107","Arcola","VA","38.968321","-77.533263","-5","1"
"20108","Manassas","VA","38.744685","-77.487162","-5","1"
"20109","Manassas","VA","38.790202","-77.51294","-5","1"
"20110","Manassas","VA","38.752269","-77.47694","-5","1"
"20111","Manassas","VA","38.769697","-77.44915","-5","1"
"20112","Manassas","VA","38.685117","-77.44796","-5","1"
"20113","Manassas","VA","38.770864","-77.449443","-5","1"
"20115","Marshall","VA","38.855848","-77.88174","-5","1"
"20116","Marshall","VA","38.853723","-77.860127","-5","1"
"20117","Middleburg","VA","38.983902","-77.74903","-5","1"
"20118","Middleburg","VA","38.953454","-77.74996","-5","1"
"20119","Catlett","VA","38.639283","-77.63866","-5","1"
"20120","Centreville","VA","38.851221","-77.44998","-5","1"
"20121","Centreville","VA","38.82571","-77.43964","-5","1"
"20122","Centreville","VA","38.831813","-77.288755","-5","1"
"20124","Clifton","VA","38.797424","-77.39237","-5","1"
"20128","Orlean","VA","38.741639","-77.977432","-5","1"
"20129","Paeonian Springs","VA","39.149032","-77.61471","-5","1"
"20130","Paris","VA","39.008532","-77.94907","-5","1"
"20131","Philomont","VA","39.057952","-77.743423","-5","1"
"20132","Purcellville","VA","39.146479","-77.72798","-5","1"
"20134","Purcellville","VA","39.152187","-77.702576","-5","1"
"20135","Bluemont","VA","39.080229","-77.87192","-5","1"
"20136","Bristow","VA","38.7475","-77.56917","-5","1"
"20137","Broad Run","VA","38.810629","-77.7057","-5","1"
"20138","Calverton","VA","38.630238","-77.67295","-5","1"
"20139","Casanova","VA","38.651558","-77.70361","-5","1"
"20140","Rectortown","VA","38.918124","-77.87243","-5","1"
"20141","Round Hill","VA","39.119917","-77.77328","-5","1"
"20142","Round Hill","VA","39.130665","-77.774665","-5","1"
"20143","Catharpin","VA","38.858613","-77.56391","-5","1"
"20144","Delaplane","VA","38.918435","-77.9255","-5","1"
"20146","Ashburn","VA","39.085309","-77.645224","-5","1"
"20147","Ashburn","VA","39.041978","-77.49064","-5","1"
"20148","Ashburn","VA","39.020637","-77.52276","-5","1"
"20149","Ashburn","VA","39.085309","-77.645224","-5","1"
"20151","Chantilly","VA","38.889111","-77.4363","-5","1"
"20152","Chantilly","VA","38.90371","-77.5038","-5","1"
"20153","Chantilly","VA","38.831813","-77.288755","-5","1"
"20155","Gainesville","VA","38.803732","-77.62404","-5","1"
"20156","Gainesville","VA","38.721912","-77.466897","-5","1"
"20158","Hamilton","VA","39.137667","-77.66186","-5","1"
"20159","Hamilton","VA","39.133855","-77.662072","-5","1"
"20160","Lincoln","VA","39.098479","-77.688338","-5","1"
"20163","Sterling","VA","39.085309","-77.645224","-5","1"
"20164","Sterling","VA","39.011909","-77.39295","-5","1"
"20165","Sterling","VA","39.044855","-77.38701","-5","1"
"20166","Sterling","VA","39.004276","-77.43442","-5","1"
"20167","Sterling","VA","39.085309","-77.645224","-5","1"
"20168","Haymarket","VA","38.721912","-77.466897","-5","1"
"20169","Haymarket","VA","38.860551","-77.64947","-5","1"
"20170","Herndon","VA","38.977109","-77.38527","-5","1"
"20171","Herndon","VA","38.931479","-77.40085","-5","1"
"20172","Herndon","VA","38.831813","-77.288755","-5","1"
"20175","Leesburg","VA","39.080037","-77.58025","-5","1"
"20176","Leesburg","VA","39.138978","-77.54519","-5","1"
"20177","Leesburg","VA","39.158095","-77.666863","-5","1"
"20178","Leesburg","VA","39.072918","-77.608014","-5","1"
"20180","Lovettsville","VA","39.261906","-77.64239","-5","1"
"20181","Nokesville","VA","38.69835","-77.57365","-5","1"
"20182","Nokesville","VA","38.700866","-77.585708","-5","1"
"20184","Upperville","VA","38.997904","-77.87487","-5","1"
"20185","Upperville","VA","38.992978","-77.879855","-5","1"
"20186","Warrenton","VA","38.707135","-77.8145","-5","1"
"20187","Warrenton","VA","38.735202","-77.73717","-5","1"
"20188","Warrenton","VA","38.765619","-77.820293","-5","1"
"20190","Reston","VA","38.959673","-77.3462","-5","1"
"20191","Reston","VA","38.934709","-77.3469","-5","1"
"20192","Herndon","VA","38.831813","-77.288755","-5","1"
"20193","Reston","VA","38.831813","-77.288755","-5","1"
"20194","Reston","VA","38.977362","-77.34658","-5","1"
"20195","Reston","VA","38.831813","-77.288755","-5","1"
"20196","Reston","VA","38.831813","-77.288755","-5","1"
"20197","Waterford","VA","39.191333","-77.63118","-5","1"
"20198","The Plains","VA","38.889848","-77.75907","-5","1"
"20199","Dulles","VA","39.085309","-77.645224","-5","1"
"22002","Amissville","VA","38.691448","-78.137019","-5","1"
"22003","Annandale","VA","38.830345","-77.21387","-5","1"
"22009","Burke","VA","38.831813","-77.288755","-5","1"
"22015","Burke","VA","38.788646","-77.27888","-5","1"
"22026","Dumfries","VA","38.582319","-77.32722","-5","1"
"22027","Dunn Loring","VA","38.893921","-77.21976","-5","1"
"22030","Fairfax","VA","38.846212","-77.32787","-5","1"
"22031","Fairfax","VA","38.859675","-77.26167","-5","1"
"22032","Fairfax","VA","38.821753","-77.29293","-5","1"
"22033","Fairfax","VA","38.874879","-77.38642","-5","1"
"22034","Fairfax","VA","38.831813","-77.288755","-5","1"
"22035","Fairfax","VA","38.855715","-77.361633","-5","1"
"22036","Fairfax","VA","38.735114","-77.07965","-5","1"
"22037","Fairfax","VA","38.831813","-77.288755","-5","1"
"22038","Fairfax","VA","38.852849","-77.30199","-5","1"
"22039","Fairfax Station","VA","38.760747","-77.31684","-5","1"
"22040","Falls Church","VA","38.884177","-77.171752","-5","1"
"22041","Falls Church","VA","38.849136","-77.14081","-5","1"
"22042","Falls Church","VA","38.864669","-77.18781","-5","1"
"22043","Falls Church","VA","38.901311","-77.19777","-5","1"
"22044","Falls Church","VA","38.859645","-77.15328","-5","1"
"22046","Falls Church","VA","38.886311","-77.18098","-5","1"
"22047","Falls Church","VA","38.831813","-77.288755","-5","1"
"22060","Fort Belvoir","VA","38.71299","-77.16615","-5","1"
"22066","Great Falls","VA","39.003809","-77.30165","-5","1"
"22067","Greenway","VA","38.96451","-77.233103","-5","1"
"22079","Lorton","VA","38.695915","-77.20122","-5","1"
"22081","Merrifield","VA","38.873861","-77.234454","-5","1"
"22082","Merrifield","VA","38.831813","-77.288755","-5","1"
"22092","Herndon","VA","38.831813","-77.288755","-5","1"
"22093","Ashburn","VA","39.085309","-77.645224","-5","1"
"22095","Herndon","VA","38.831813","-77.288755","-5","1"
"22096","Reston","VA","38.831813","-77.288755","-5","1"
"22101","McLean","VA","38.93276","-77.1677","-5","1"
"22102","McLean","VA","38.938664","-77.22196","-5","1"
"22103","West Mclean","VA","38.831813","-77.288755","-5","1"
"22106","McLean","VA","38.831813","-77.288755","-5","1"
"22109","McLean","VA","38.920165","-77.229043","-5","1"
"22116","Merrifield","VA","38.871469","-77.234428","-5","1"
"22118","Merrifield","VA","38.831813","-77.288755","-5","1"
"22119","Merrifield","VA","38.831813","-77.288755","-5","1"
"22120","Merrifield","VA","38.831813","-77.288755","-5","1"
"22121","Mount Vernon","VA","38.830912","-77.432252","-5","1"
"22122","Newington","VA","38.831813","-77.288755","-5","1"
"22124","Oakton","VA","38.88619","-77.32402","-5","1"
"22125","Occoquan","VA","38.683295","-77.26044","-5","1"
"22134","Quantico","VA","38.503139","-77.33372","-5","1"
"22135","Quantico","VA","38.721912","-77.466897","-5","1"
"22150","Springfield","VA","38.778243","-77.18562","-5","1"
"22151","Springfield","VA","38.803813","-77.20821","-5","1"
"22152","Springfield","VA","38.775716","-77.23131","-5","1"
"22153","Springfield","VA","38.745164","-77.23535","-5","1"
"22156","Springfield","VA","38.831813","-77.288755","-5","1"
"22158","Springfield","VA","38.831813","-77.288755","-5","1"
"22159","Springfield","VA","38.831813","-77.288755","-5","1"
"22160","Springfield","VA","38.831813","-77.288755","-5","1"
"22161","Springfield","VA","38.807462","-77.219354","-5","1"
"22172","Triangle","VA","38.557527","-77.35726","-5","1"
"22180","Vienna","VA","38.894711","-77.25337","-5","1"
"22181","Vienna","VA","38.896361","-77.29102","-5","1"
"22182","Vienna","VA","38.922478","-77.2566","-5","1"
"22183","Vienna","VA","38.831813","-77.288755","-5","1"
"22184","Vienna","VA","38.831813","-77.288755","-5","1"
"22185","Vienna","VA","38.831813","-77.288755","-5","1"
"22191","Woodbridge","VA","38.63275","-77.26786","-5","1"
"22192","Woodbridge","VA","38.678451","-77.30657","-5","1"
"22193","Woodbridge","VA","38.646375","-77.34469","-5","1"
"22194","Woodbridge","VA","38.721912","-77.466897","-5","1"
"22195","Woodbridge","VA","38.721912","-77.466897","-5","1"
"22199","Lorton","VA","38.831813","-77.288755","-5","1"
"22201","Arlington","VA","38.885337","-77.09512","-5","1"
"22202","Arlington","VA","38.856795","-77.05628","-5","1"
"22203","Arlington","VA","38.874979","-77.11455","-5","1"
"22204","Arlington","VA","38.860247","-77.09627","-5","1"
"22205","Arlington","VA","38.88275","-77.13999","-5","1"
"22206","Arlington","VA","38.843466","-77.08973","-5","1"
"22207","Arlington","VA","38.903697","-77.12749","-5","1"
"22209","Arlington","VA","38.893241","-77.07453","-5","1"
"22210","Arlington","VA","38.880811","-77.11295","-5","1"
"22211","Ft Myer","VA","38.878215","-77.06845","-5","1"
"22212","Arlington","VA","38.880811","-77.11295","-5","1"
"22213","Arlington","VA","38.894457","-77.16396","-5","1"
"22214","Arlington","VA","38.880811","-77.11295","-5","1"
"22215","Arlington","VA","38.880811","-77.11295","-5","1"
"22216","Arlington","VA","38.880811","-77.11295","-5","1"
"22217","Arlington","VA","38.880811","-77.11295","-5","1"
"22218","Arlington","VA","38.880811","-77.11295","-5","1"
"22219","Arlington","VA","38.880811","-77.11295","-5","1"
"22222","Arlington","VA","38.861462","-77.053599","-5","1"
"22223","Arlington","VA","38.880811","-77.11295","-5","1"
"22225","Arlington","VA","38.880811","-77.11295","-5","1"
"22226","Arlington","VA","38.883358","-77.10281","-5","1"
"22227","Arlington","VA","38.880811","-77.11295","-5","1"
"22229","Arlington","VA","38.880811","-77.11295","-5","1"
"22230","Arlington","VA","38.87972","-77.110817","-5","1"
"22234","Arlington","VA","38.880811","-77.11295","-5","1"
"22240","Arlington","VA","38.856623","-77.051788","-5","1"
"22241","Arlington","VA","38.880811","-77.11295","-5","1"
"22242","Arlington","VA","38.850879","-77.052336","-5","1"
"22243","Arlington","VA","38.86045","-77.051569","-5","1"
"22244","Arlington","VA","38.854522","-77.052035","-5","1"
"22245","Arlington","VA","38.851773","-77.052296","-5","1"
"22246","Arlington","VA","38.880811","-77.11295","-5","1"
"22301","Alexandria","VA","38.819863","-77.05854","-5","1"
"22302","Alexandria","VA","38.829512","-77.08204","-5","1"
"22303","Alexandria","VA","38.792863","-77.07964","-5","1"
"22304","Alexandria","VA","38.813013","-77.11667","-5","1"
"22305","Alexandria","VA","38.836779","-77.06418","-5","1"
"22306","Alexandria","VA","38.757214","-77.08666","-5","1"
"22307","Alexandria","VA","38.774863","-77.0593","-5","1"
"22308","Alexandria","VA","38.728464","-77.05701","-5","1"
"22309","Alexandria","VA","38.725214","-77.10734","-5","1"
"22310","Alexandria","VA","38.782013","-77.12125","-5","1"
"22311","Alexandria","VA","38.837312","-77.12064","-5","1"
"22312","Alexandria","VA","38.817362","-77.1537","-5","1"
"22313","Alexandria","VA","38.815762","-77.09005","-5","1"
"22314","Alexandria","VA","38.806163","-77.05139","-5","1"
"22315","Alexandria","VA","38.757924","-77.15284","-5","1"
"22320","Alexandria","VA","38.804413","-77.046699","-5","1"
"22321","Alexandria","VA","38.831813","-77.288755","-5","1"
"22331","Alexandria","VA","38.801342","-77.070733","-5","1"
"22332","Alexandria","VA","38.803142","-77.072679","-5","1"
"22333","Alexandria","VA","38.815762","-77.09005","-5","1"
"22334","Alexandria","VA","38.815762","-77.09005","-5","1"
"22336","Alexandria","VA","38.815762","-77.09005","-5","1"
"22393","Fishersville","VA","38.103819","-78.963004","-5","1"
"22401","Fredericksburg","VA","38.301829","-77.47077","-5","1"
"22402","Fredericksburg","VA","38.299613","-77.489666","-5","1"
"22403","Fredericksburg","VA","38.417273","-77.460814","-5","1"
"22404","Fredericksburg","VA","38.298305","-77.489913","-5","1"
"22405","Fredericksburg","VA","38.317636","-77.43297","-5","1"
"22406","Fredericksburg","VA","38.387261","-77.54676","-5","1"
"22407","Fredericksburg","VA","38.271028","-77.5559","-5","1"
"22408","Fredericksburg","VA","38.236023","-77.46111","-5","1"
"22412","Fredericksburg","VA","38.184716","-77.662559","-5","1"
"22427","Bowling Green","VA","38.042346","-77.30833","-5","1"
"22428","Bowling Green","VA","38.014536","-77.355902","-5","1"
"22430","Brooke","VA","38.385704","-77.374292","-5","1"
"22432","Burgess","VA","37.860549","-76.35637","-5","1"
"22433","Burr Hill","VA","38.343691","-77.85964","-5","1"
"22435","Callao","VA","37.996825","-76.56435","-5","1"
"22436","Caret","VA","38.069014","-77.09611","-5","1"
"22437","Center Cross","VA","37.790946","-76.78764","-5","1"
"22438","Champlain","VA","38.041706","-77.005","-5","1"
"22442","Coles Point","VA","38.121793","-76.79025","-5","1"
"22443","Colonial Beach","VA","38.22653","-76.97442","-5","1"
"22446","Corbin","VA","38.171755","-77.408163","-5","1"
"22448","Dahlgren","VA","38.340124","-77.03273","-5","1"
"22451","Dogue","VA","38.271077","-77.17261","-5","1"
"22454","Dunnsville","VA","37.854791","-76.81298","-5","1"
"22456","Edwardsville","VA","37.852316","-76.40511","-5","1"
"22460","Farnham","VA","37.858952","-76.63263","-5","1"
"22463","Garrisonville","VA","38.468432","-77.461213","-5","1"
"22469","Hague","VA","38.093956","-76.64055","-5","1"
"22471","Hartwood","VA","38.39933","-77.581351","-5","1"
"22472","Haynesville","VA","37.950511","-76.636722","-5","1"
"22473","Heathsville","VA","37.892668","-76.36307","-5","1"
"22476","Hustle","VA","38.036866","-77.08033","-5","1"
"22480","Irvington","VA","37.66871","-76.41038","-5","1"
"22481","Jersey","VA","38.271077","-77.17261","-5","1"
"22482","Kilmarnock","VA","37.733327","-76.34389","-5","1"
"22485","King George","VA","38.277837","-77.1642","-5","1"
"22486","Irvington","VA","37.665713","-76.420763","-5","1"
"22488","Kinsale","VA","38.046358","-76.57924","-5","1"
"22501","Ladysmith","VA","38.015899","-77.559298","-5","1"
"22503","Lancaster","VA","37.732696","-76.51554","-5","1"
"22504","Laneview","VA","37.763552","-76.72961","-5","1"
"22507","Lively","VA","37.762848","-76.49749","-5","1"
"22508","Locust Grove","VA","38.326624","-77.76987","-5","1"
"22509","Loretto","VA","38.104829","-77.0743","-5","1"
"22511","Lottsburg","VA","37.991772","-76.48985","-5","1"
"22513","Merry Point","VA","37.750261","-76.509615","-5","1"
"22514","Milford","VA","37.988674","-77.29047","-5","1"
"22517","Mollusk","VA","37.75028","-76.578109","-5","1"
"22520","Montross","VA","38.129822","-76.76155","-5","1"
"22523","Morattico","VA","37.792761","-76.60933","-5","1"
"22524","Mount Holly","VA","38.118186","-76.680504","-5","1"
"22526","Ninde","VA","38.271077","-77.17261","-5","1"
"22528","Nuttsville","VA","37.713175","-76.409946","-5","1"
"22529","Oldhams","VA","38.006793","-76.68218","-5","1"
"22530","Ophelia","VA","37.90938","-76.293436","-5","1"
"22534","Partlow","VA","38.08157","-77.66795","-5","1"
"22535","Port Royal","VA","38.164219","-77.18217","-5","1"
"22538","Rappahannock Academy","VA","38.22172","-77.26648","-5","1"
"22539","Reedville","VA","37.854233","-76.27848","-5","1"
"22542","Rhoadesville","VA","38.296355","-77.88379","-5","1"
"22544","Rollins Fork","VA","38.271077","-77.17261","-5","1"
"22545","Ruby","VA","38.508611","-77.542957","-5","1"
"22546","Ruther Glen","VA","37.95969","-77.47733","-5","1"
"22547","Sealston","VA","38.271077","-77.17261","-5","1"
"22548","Sharps","VA","37.825956","-76.70563","-5","1"
"22552","Sparta","VA","38.009438","-77.225139","-5","1"
"22553","Spotsylvania","VA","38.207275","-77.64378","-5","1"
"22554","Stafford","VA","38.460395","-77.43266","-5","1"
"22555","Stafford","VA","38.417273","-77.460814","-5","1"
"22558","Stratford","VA","38.121793","-76.79025","-5","1"
"22560","Tappahannock","VA","37.916172","-76.90656","-5","1"
"22565","Thornburg","VA","38.137216","-77.518865","-5","1"
"22567","Unionville","VA","38.233223","-77.91258","-5","1"
"22570","Village","VA","37.947224","-76.615358","-5","1"
"22572","Warsaw","VA","37.957869","-76.75725","-5","1"
"22576","Weems","VA","37.680124","-76.44242","-5","1"
"22577","Sandy Point","VA","38.067325","-76.550274","-5","1"
"22578","White Stone","VA","37.64424","-76.36034","-5","1"
"22579","Wicomico Church","VA","37.807268","-76.31275","-5","1"
"22580","Woodford","VA","38.095772","-77.44404","-5","1"
"22581","Zacata","VA","38.121793","-76.79025","-5","1"
"22601","Winchester","VA","39.179076","-78.16653","-5","1"
"22602","Winchester","VA","39.158386","-78.24758","-5","1"
"22603","Winchester","VA","39.267257","-78.19396","-5","1"
"22604","Winchester","VA","39.167603","-78.168643","-5","1"
"22606","Newport News","VA","38.112139","-77.329674","-5","1"
"22610","Bentonville","VA","38.822506","-78.27368","-5","1"
"22611","Berryville","VA","39.156378","-77.97857","-5","1"
"22620","Boyce","VA","39.061499","-78.03693","-5","1"
"22622","Brucetown","VA","39.2543","-78.066373","-5","1"
"22623","Chester Gap","VA","38.853733","-78.141239","-5","1"
"22624","Clear Brook","VA","39.26582","-78.08496","-5","1"
"22625","Cross Junction","VA","39.345906","-78.30975","-5","1"
"22626","Fishers Hill","VA","38.980286","-78.4011","-5","1"
"22627","Flint Hill","VA","38.765004","-78.0948","-5","1"
"22630","Front Royal","VA","38.926615","-78.17499","-5","1"
"22637","Gore","VA","39.247386","-78.35444","-5","1"
"22638","Winchester","VA","39.236944","-78.288465","-5","1"
"22639","Hume","VA","38.814086","-78.01898","-5","1"
"22640","Huntly","VA","38.808303","-78.13578","-5","1"
"22641","Strasburg","VA","39.076317","-78.39617","-5","1"
"22642","Linden","VA","38.932178","-78.06051","-5","1"
"22643","Markham","VA","38.905106","-77.98948","-5","1"
"22644","Maurertown","VA","38.944011","-78.48125","-5","1"
"22645","Middletown","VA","39.023035","-78.2809","-5","1"
"22646","Millwood","VA","39.069682","-78.03752","-5","1"
"22649","Middletown","VA","39.004774","-78.247806","-5","1"
"22650","Rileyville","VA","38.76592","-78.36545","-5","1"
"22651","Front Royal","VA","38.947215","-78.213304","-5","1"
"22652","Fort Valley","VA","38.823987","-78.4531","-5","1"
"22654","Star Tannery","VA","39.04494","-78.47377","-5","1"
"22655","Stephens City","VA","39.07814","-78.20713","-5","1"
"22656","Stephenson","VA","39.230131","-78.09992","-5","1"
"22657","Strasburg","VA","39.00127","-78.36485","-5","1"
"22660","Toms Brook","VA","38.949013","-78.43921","-5","1"
"22663","White Post","VA","39.045019","-78.12417","-5","1"
"22664","Woodstock","VA","38.881558","-78.51586","-5","1"
"22701","Culpeper","VA","38.459521","-77.99875","-5","1"
"22709","Aroda","VA","38.312548","-78.23622","-5","1"
"22711","Banco","VA","38.476275","-78.2729","-5","1"
"22712","Bealeton","VA","38.5593","-77.75728","-5","1"
"22713","Boston","VA","38.549388","-78.15309","-5","1"
"22714","Brandy Station","VA","38.512989","-77.89529","-5","1"
"22715","Brightwood","VA","38.414359","-78.18321","-5","1"
"22716","Castleton","VA","38.627135","-78.11341","-5","1"
"22718","Elkwood","VA","38.493501","-77.82067","-5","1"
"22719","Etlan","VA","38.527816","-78.25117","-5","1"
"22720","Goldvein","VA","38.474222","-77.64361","-5","1"
"22721","Graves Mill","VA","38.428509","-78.267848","-5","1"
"22722","Haywood","VA","38.452043","-78.24197","-5","1"
"22723","Hood","VA","38.331957","-78.3774","-5","1"
"22724","Jeffersonton","VA","38.630345","-77.89777","-5","1"
"22725","Leon","VA","38.428509","-78.267848","-5","1"
"22726","Lignum","VA","38.411845","-77.82208","-5","1"
"22727","Madison","VA","38.393351","-78.28737","-5","1"
"22728","Midland","VA","38.587503","-77.70952","-5","1"
"22729","Mitchells","VA","38.373645","-78.0165","-5","1"
"22730","Oakpark","VA","38.365699","-78.18604","-5","1"
"22731","Pratts","VA","38.345179","-78.26151","-5","1"
"22732","Radiant","VA","38.310141","-78.20098","-5","1"
"22733","Rapidan","VA","38.324175","-78.05877","-5","1"
"22734","Remington","VA","38.52916","-77.80274","-5","1"
"22735","Reva","VA","38.477063","-78.17517","-5","1"
"22736","Richardsville","VA","38.388311","-77.68111","-5","1"
"22737","Rixeyville","VA","38.588409","-77.98995","-5","1"
"22738","Rochelle","VA","38.303414","-78.28937","-5","1"
"22739","Somerville","VA","38.505945","-77.59557","-5","1"
"22740","Sperryville","VA","38.636896","-78.24","-5","1"
"22741","Stevensburg","VA","38.442247","-77.8962","-5","1"
"22742","Sumerduck","VA","38.456916","-77.7009","-5","1"
"22743","Syria","VA","38.509556","-78.33721","-5","1"
"22746","Viewtown","VA","38.638635","-78.03061","-5","1"
"22747","Washington","VA","38.725801","-78.16767","-5","1"
"22748","Wolftown","VA","38.372652","-78.380509","-5","1"
"22749","Woodville","VA","38.629058","-78.18057","-5","1"
"22801","Harrisonburg","VA","38.426786","-78.88153","-5","1"
"22802","Harrisonburg","VA","38.477752","-78.86302","-5","1"
"22807","Harrisonburg","VA","38.440898","-78.874173","-5","1"
"22810","Basye","VA","38.81913","-78.77149","-5","1"
"22811","Bergton","VA","38.797789","-78.96672","-5","1"
"22812","Bridgewater","VA","38.398049","-79.00071","-5","1"
"22815","Broadway","VA","38.619654","-78.80513","-5","1"
"22820","Criders","VA","38.725738","-79.01957","-5","1"
"22821","Dayton","VA","38.436873","-78.99039","-5","1"
"22824","Edinburg","VA","38.828628","-78.60964","-5","1"
"22827","Elkton","VA","38.404364","-78.62907","-5","1"
"22830","Fulks Run","VA","38.637545","-78.95205","-5","1"
"22831","Hinton","VA","38.584516","-79.04328","-5","1"
"22832","Keezletown","VA","38.453741","-78.78234","-5","1"
"22833","Lacey Spring","VA","38.528361","-78.855172","-5","1"
"22834","Linville","VA","38.544652","-78.86564","-5","1"
"22835","Luray","VA","38.665615","-78.45621","-5","1"
"22840","McGaheysville","VA","38.387721","-78.73452","-5","1"
"22841","Mount Crawford","VA","38.358334","-78.90667","-5","1"
"22842","Mount Jackson","VA","38.772409","-78.69461","-5","1"
"22843","Mount Solon","VA","38.337507","-79.11629","-5","1"
"22844","New Market","VA","38.652274","-78.66417","-5","1"
"22845","Orkney Springs","VA","38.788499","-78.81488","-5","1"
"22846","Penn Laird","VA","38.371616","-78.79742","-5","1"
"22847","Quicksburg","VA","38.704494","-78.70088","-5","1"
"22848","Pleasant Valley","VA","38.384681","-78.891422","-5","1"
"22849","Shenandoah","VA","38.49696","-78.61997","-5","1"
"22850","Singers Glen","VA","38.553225","-78.92206","-5","1"
"22851","Stanley","VA","38.567459","-78.50696","-5","1"
"22853","Timberville","VA","38.641556","-78.76258","-5","1"
"22865","Luray","VA","38.65845","-78.426788","-5","1"
"22875","Luray","VA","38.665568","-78.466716","-5","1"
"22880","Waynesboro","VA","38.058102","-78.878493","-5","1"
"22901","Charlottesville","VA","38.072402","-78.50149","-5","1"
"22902","Charlottesville","VA","38.00847","-78.47803","-5","1"
"22903","Charlottesville","VA","38.026342","-78.5348","-5","1"
"22904","Charlottesville","VA","38.040101","-78.485066","-5","1"
"22905","Charlottesville","VA","38.040101","-78.485066","-5","1"
"22906","Charlottesville","VA","38.040101","-78.485066","-5","1"
"22907","Charlottesville","VA","38.040101","-78.485066","-5","1"
"22908","Charlottesville","VA","38.040101","-78.485066","-5","1"
"22909","Charlottesville","VA","38.024474","-78.448214","-5","1"
"22910","Charlottesville","VA","38.040101","-78.485066","-5","1"
"22911","Charlottesville","VA","38.07735","-78.42042","-5","1"
"22920","Afton","VA","37.987812","-78.79701","-5","1"
"22922","Arrington","VA","37.69474","-78.93251","-5","1"
"22923","Barboursville","VA","38.167465","-78.3259","-5","1"
"22924","Batesville","VA","38.000289","-78.72662","-5","1"
"22931","Covesville","VA","37.890917","-78.70343","-5","1"
"22932","Crozet","VA","38.116217","-78.71396","-5","1"
"22935","Dyke","VA","38.254105","-78.56548","-5","1"
"22936","Earlysville","VA","38.150083","-78.47627","-5","1"
"22937","Esmont","VA","37.79922","-78.61263","-5","1"
"22938","Faber","VA","37.85583","-78.77546","-5","1"
"22939","Fishersville","VA","38.104457","-78.97416","-5","1"
"22940","Free Union","VA","38.197583","-78.59304","-5","1"
"22942","Gordonsville","VA","38.125214","-78.197","-5","1"
"22943","Greenwood","VA","38.039928","-78.75894","-5","1"
"22945","Ivy","VA","38.065383","-78.595831","-5","1"
"22946","Keene","VA","37.855103","-78.56162","-5","1"
"22947","Keswick","VA","38.025346","-78.32925","-5","1"
"22948","Locust Dale","VA","38.349795","-78.11747","-5","1"
"22949","Lovingston","VA","37.780882","-78.89239","-5","1"
"22952","Lyndhurst","VA","37.969657","-78.95712","-5","1"
"22953","Madison Mills","VA","38.428509","-78.267848","-5","1"
"22954","Massies Mill","VA","37.790887","-79.00334","-5","1"
"22957","Montpelier Station","VA","38.221405","-78.19026","-5","1"
"22958","Nellysford","VA","37.905649","-78.90273","-5","1"
"22959","North Garden","VA","37.935994","-78.64088","-5","1"
"22960","Orange","VA","38.231526","-78.07923","-5","1"
"22963","Palmyra","VA","37.871021","-78.30837","-5","1"
"22964","Piney River","VA","37.725074","-78.99245","-5","1"
"22965","Quinque","VA","38.330132","-78.475018","-5","1"
"22967","Roseland","VA","37.79151","-78.98961","-5","1"
"22968","Ruckersville","VA","38.233717","-78.41009","-5","1"
"22969","Schuyler","VA","37.792343","-78.69417","-5","1"
"22971","Shipman","VA","37.74747","-78.80233","-5","1"
"22972","Somerset","VA","38.214023","-78.21596","-5","1"
"22973","Stanardsville","VA","38.301191","-78.46396","-5","1"
"22974","Troy","VA","37.959376","-78.26353","-5","1"
"22976","Tyro","VA","37.840892","-79.02459","-5","1"
"22980","Waynesboro","VA","38.076547","-78.89839","-5","1"
"22987","White Hall","VA","38.179859","-78.618912","-5","1"
"22989","Woodberry Forest","VA","38.292221","-78.11865","-5","1"
"23001","Achilles","VA","37.293165","-76.41057","-5","1"
"23002","Amelia Court House","VA","37.338511","-77.95893","-5","1"
"23003","Ark","VA","37.432335","-76.601616","-5","1"
"23004","Arvonia","VA","37.673369","-78.38899","-5","1"
"23005","Ashland","VA","37.754254","-77.47465","-5","1"
"23009","Aylett","VA","37.790757","-77.17553","-5","1"
"23011","Barhamsville","VA","37.478184","-76.81384","-5","1"
"23014","Beaumont","VA","37.733844","-77.888082","-5","1"
"23015","Beaverdam","VA","37.931011","-77.64296","-5","1"
"23017","Bellamy","VA","37.418242","-76.508402","-5","1"
"23018","Bena","VA","37.418242","-76.508402","-5","1"
"23021","Bohannon","VA","37.3946","-76.36571","-5","1"
"23022","Bremo Bluff","VA","37.728067","-78.26865","-5","1"
"23023","Bruington","VA","37.777938","-76.95055","-5","1"
"23024","Bumpass","VA","37.961187","-77.76824","-5","1"
"23025","Cardinal","VA","37.422209","-76.37304","-5","1"
"23027","Cartersville","VA","37.653694","-78.11902","-5","1"
"23030","Charles City","VA","37.342306","-77.0731","-5","1"
"23031","Christchurch","VA","37.598391","-76.447551","-5","1"
"23032","Church View","VA","37.674655","-76.68104","-5","1"
"23035","Cobbs Creek","VA","37.514774","-76.37543","-5","1"
"23038","Columbia","VA","37.758949","-78.14009","-5","1"
"23039","Crozier","VA","37.643406","-77.80709","-5","1"
"23040","Cumberland","VA","37.522085","-78.2553","-5","1"
"23043","Deltaville","VA","37.550168","-76.34327","-5","1"
"23045","Diggs","VA","37.426154","-76.26844","-5","1"
"23047","Doswell","VA","37.855002","-77.47011","-5","1"
"23050","Dutton","VA","37.490365","-76.44118","-5","1"
"23054","Fife","VA","37.733844","-77.888082","-5","1"
"23055","Fork Union","VA","37.782109","-78.23472","-5","1"
"23056","Foster","VA","37.383629","-76.36167","-5","1"
"23058","Glen Allen","VA","37.531296","-77.416103","-5","1"
"23059","Glen Allen","VA","37.686152","-77.53651","-5","1"
"23060","Glen Allen","VA","37.661647","-77.52632","-5","1"
"23061","Gloucester","VA","37.414991","-76.52959","-5","1"
"23062","Gloucester Point","VA","37.257466","-76.49661","-5","1"
"23063","Goochland","VA","37.69536","-77.99793","-5","1"
"23064","Grimstead","VA","37.50519","-76.29784","-5","1"
"23065","Gum Spring","VA","37.801783","-77.92431","-5","1"
"23066","Gwynn","VA","37.501358","-76.28453","-5","1"
"23067","Hadensville","VA","37.825208","-77.989878","-5","1"
"23068","Hallieford","VA","37.492529","-76.33636","-5","1"
"23069","Hanover","VA","37.753904","-77.33963","-5","1"
"23070","Hardyville","VA","37.551549","-76.39294","-5","1"
"23071","Hartfield","VA","37.533471","-76.4609","-5","1"
"23072","Hayes","VA","37.288999","-76.47393","-5","1"
"23075","Highland Springs","VA","37.543595","-77.32339","-5","1"
"23076","Hudgins","VA","37.475132","-76.31316","-5","1"
"23079","Jamaica","VA","37.748645","-76.66735","-5","1"
"23081","Jamestown","VA","37.223482","-76.783317","-5","1"
"23083","Jetersville","VA","37.303726","-78.11349","-5","1"
"23084","Kents Store","VA","37.90198","-78.09647","-5","1"
"23085","King And Queen Court Hous","VA","37.711368","-76.85843","-5","1"
"23086","King William","VA","37.64375","-77.02508","-5","1"
"23089","Lanexa","VA","37.435153","-76.90719","-5","1"
"23090","Lightfoot","VA","37.235892","-76.445567","-5","1"
"23091","Little Plymouth","VA","37.638259","-76.82858","-5","1"
"23092","Locust Hill","VA","37.593059","-76.50694","-5","1"
"23093","Louisa","VA","37.995103","-78.04612","-5","1"
"23101","Macon","VA","37.553314","-77.892964","-5","1"
"23102","Maidens","VA","37.712894","-77.82379","-5","1"
"23103","Manakin Sabot","VA","37.639354","-77.72841","-5","1"
"23104","Gloucester Point","VA","37.298919","-76.530276","-5","1"
"23105","Mannboro","VA","37.345032","-77.944868","-5","1"
"23106","Manquin","VA","37.704693","-77.20342","-5","1"
"23107","Maryus","VA","37.28641","-76.404783","-5","1"
"23108","Mascot","VA","37.642543","-76.73554","-5","1"
"23109","Mathews","VA","37.43704","-76.30724","-5","1"
"23110","Mattaponi","VA","37.571544","-76.78066","-5","1"
"23111","Mechanicsville","VA","37.605641","-77.31536","-5","1"
"23112","Midlothian","VA","37.427988","-77.64868","-5","1"
"23113","Midlothian","VA","37.51338","-77.64165","-5","1"
"23115","Millers Tavern","VA","37.826347","-76.87751","-5","1"
"23116","Mechanicsville","VA","37.662559","-77.36778","-5","1"
"23117","Mineral","VA","38.007186","-77.86809","-5","1"
"23119","Moon","VA","37.451894","-76.2904","-5","1"
"23120","Moseley","VA","37.422868","-77.7813","-5","1"
"23123","New Canton","VA","37.663039","-78.2868","-5","1"
"23124","New Kent","VA","37.545276","-77.06664","-5","1"
"23125","New Point","VA","37.342721","-76.27989","-5","1"
"23126","Newtown","VA","37.902954","-77.14586","-5","1"
"23127","Norge","VA","37.310451","-76.746769","-5","1"
"23128","North","VA","37.456363","-76.43298","-5","1"
"23129","Oilville","VA","37.698646","-77.77111","-5","1"
"23130","Onemo","VA","37.405038","-76.27785","-5","1"
"23131","Ordinary","VA","37.312159","-76.518831","-5","1"
"23138","Port Haywood","VA","37.366838","-76.29577","-5","1"
"23139","Powhatan","VA","37.55563","-77.90048","-5","1"
"23140","Providence Forge","VA","37.438569","-77.03578","-5","1"
"23141","Quinton","VA","37.506369","-77.15127","-5","1"
"23146","Rockville","VA","37.725675","-77.69002","-5","1"
"23147","Ruthville","VA","37.37956","-77.034752","-5","1"
"23148","Saint Stephens Church","VA","37.837177","-77.05555","-5","1"
"23149","Saluda","VA","37.5787","-76.60916","-5","1"
"23150","Sandston","VA","37.517804","-77.28678","-5","1"
"23153","Sandy Hook","VA","37.787745","-77.96916","-5","1"
"23154","Schley","VA","37.418242","-76.508402","-5","1"
"23155","Severn","VA","37.418242","-76.508402","-5","1"
"23156","Shacklefords","VA","37.501267","-76.72389","-5","1"
"23160","State Farm","VA","37.733844","-77.888082","-5","1"
"23161","Stevensville","VA","37.701245","-76.92919","-5","1"
"23162","Studley","VA","37.772187","-77.45264","-5","1"
"23163","Susan","VA","37.357742","-76.30136","-5","1"
"23168","Toano","VA","37.403872","-76.81744","-5","1"
"23169","Topping","VA","37.599217","-76.45876","-5","1"
"23170","Trevilians","VA","37.940788","-77.996956","-5","1"
"23173","University Of Richmond","VA","37.524246","-77.493157","-5","1"
"23175","Urbanna","VA","37.648536","-76.59872","-5","1"
"23176","Wake","VA","37.571789","-76.41631","-5","1"
"23177","Walkerton","VA","37.728152","-76.99901","-5","1"
"23178","Ware Neck","VA","37.400287","-76.46089","-5","1"
"23180","Water View","VA","37.710586","-76.63179","-5","1"
"23181","West Point","VA","37.559878","-76.83018","-5","1"
"23183","White Marsh","VA","37.363201","-76.532492","-5","1"
"23184","Wicomico","VA","37.285188","-76.5298","-5","1"
"23185","Williamsburg","VA","37.256301","-76.70024","-5","1"
"23186","Williamsburg","VA","37.270994","-76.71722","-5","1"
"23187","Williamsburg","VA","37.310451","-76.746769","-5","1"
"23188","Williamsburg","VA","37.322936","-76.75793","-5","1"
"23190","Woods Cross Roads","VA","37.482039","-76.636154","-5","1"
"23191","Zanoni","VA","37.418242","-76.508402","-5","1"
"23192","Montpelier","VA","37.813901","-77.68952","-5","1"
"23201","Richmond","VA","37.541106","-77.431825","-5","1"
"23218","Richmond","VA","37.524246","-77.493157","-5","1"
"23219","Richmond","VA","37.541046","-77.43536","-5","1"
"23220","Richmond","VA","37.549396","-77.45739","-5","1"
"23221","Richmond","VA","37.557626","-77.48844","-5","1"
"23222","Richmond","VA","37.573595","-77.42504","-5","1"
"23223","Richmond","VA","37.544746","-77.40085","-5","1"
"23224","Richmond","VA","37.505147","-77.46101","-5","1"
"23225","Richmond","VA","37.51918","-77.49851","-5","1"
"23226","Richmond","VA","37.581696","-77.51709","-5","1"
"23227","Richmond","VA","37.606778","-77.44775","-5","1"
"23228","Richmond","VA","37.621745","-77.48896","-5","1"
"23229","Richmond","VA","37.593546","-77.56271","-5","1"
"23230","Richmond","VA","37.580346","-77.48831","-5","1"
"23231","Richmond","VA","37.482896","-77.36304","-5","1"
"23232","Richmond","VA","37.520187","-77.408359","-5","1"
"23233","Richmond","VA","37.622465","-77.61965","-5","1"
"23234","Richmond","VA","37.457341","-77.4658","-5","1"
"23235","Richmond","VA","37.522514","-77.56565","-5","1"
"23236","Richmond","VA","37.475798","-77.58235","-5","1"
"23237","Richmond","VA","37.406204","-77.4533","-5","1"
"23238","Richmond","VA","37.733844","-77.888082","-5","1"
"23240","Richmond","VA","37.524246","-77.493157","-5","1"
"23241","Richmond","VA","37.524246","-77.493157","-5","1"
"23242","Richmond","VA","37.531296","-77.416103","-5","1"
"23249","Richmond","VA","37.524246","-77.493157","-5","1"
"23250","Richmond","VA","37.507498","-77.332916","-5","1"
"23255","Richmond","VA","37.531296","-77.416103","-5","1"
"23260","Richmond","VA","37.524246","-77.493157","-5","1"
"23261","Richmond","VA","37.524246","-77.493157","-5","1"
"23266","Richmond","VA","37.567896","-77.528308","-5","1"
"23269","Richmond","VA","37.524246","-77.493157","-5","1"
"23270","Richmond","VA","37.524246","-77.493157","-5","1"
"23272","Richmond","VA","37.524246","-77.493157","-5","1"
"23273","Richmond","VA","37.524246","-77.493157","-5","1"
"23274","Richmond","VA","37.524246","-77.493157","-5","1"
"23275","Richmond","VA","37.524246","-77.493157","-5","1"
"23276","Richmond","VA","37.524246","-77.493157","-5","1"
"23278","Richmond","VA","37.524246","-77.493157","-5","1"
"23279","Richmond","VA","37.524246","-77.493157","-5","1"
"23280","Richmond","VA","37.637622","-77.46836","-5","1"
"23282","Richmond","VA","37.524246","-77.493157","-5","1"
"23284","Richmond","VA","37.549446","-77.451155","-5","1"
"23285","Richmond","VA","37.524246","-77.493157","-5","1"
"23286","Richmond","VA","37.524246","-77.493157","-5","1"
"23288","Richmond","VA","37.531296","-77.416103","-5","1"
"23289","Richmond","VA","37.531296","-77.416103","-5","1"
"23290","Richmond","VA","37.524246","-77.493157","-5","1"
"23291","Richmond","VA","37.524246","-77.493157","-5","1"
"23292","Richmond","VA","37.524246","-77.493157","-5","1"
"23293","Richmond","VA","37.524246","-77.493157","-5","1"
"23294","Richmond","VA","37.633316","-77.54775","-5","1"
"23297","Richmond","VA","37.389721","-77.561266","-5","1"
"23298","Richmond","VA","37.539694","-77.42815","-5","1"
"23301","Accomac","VA","37.713561","-75.67108","-5","1"
"23302","Assawoman","VA","37.870022","-75.53554","-5","1"
"23303","Atlantic","VA","37.892445","-75.51107","-5","1"
"23304","Battery Park","VA","36.99497","-76.56901","-5","1"
"23306","Belle Haven","VA","37.560093","-75.86182","-5","1"
"23307","Birdsnest","VA","37.434719","-75.87767","-5","1"
"23308","Bloxom","VA","37.828492","-75.61896","-5","1"
"23310","Cape Charles","VA","37.26252","-75.97104","-5","1"
"23313","Capeville","VA","37.201937","-75.952409","-5","1"
"23314","Carrollton","VA","36.940626","-76.5378","-5","1"
"23315","Carrsville","VA","36.740632","-76.84517","-5","1"
"23316","Cheriton","VA","37.284061","-75.96909","-5","1"
"23320","Chesapeake","VA","36.761698","-76.24511","-5","1"
"23321","Chesapeake","VA","36.826239","-76.41524","-5","1"
"23322","Chesapeake","VA","36.687543","-76.22905","-5","1"
"23323","Chesapeake","VA","36.757815","-76.3358","-5","1"
"23324","Chesapeake","VA","36.805717","-76.27126","-5","1"
"23325","Chesapeake","VA","36.814897","-76.23848","-5","1"
"23326","Chesapeake","VA","36.777015","-76.239417","-5","1"
"23327","Chesapeake","VA","36.7085","-76.278531","-5","1"
"23328","Chesapeake","VA","36.7085","-76.278531","-5","1"
"23336","Chincoteague Island","VA","37.934673","-75.3678","-5","1"
"23337","Wallops Island","VA","37.931216","-75.47192","-5","1"
"23341","Craddockville","VA","37.577292","-75.864607","-5","1"
"23345","Davis Wharf","VA","37.738248","-75.701449","-5","1"
"23347","Eastville","VA","37.353286","-75.94203","-5","1"
"23350","Exmore","VA","37.522269","-75.86132","-5","1"
"23351","Exmore","VA","37.528076","-75.822769","-5","1"
"23354","Franktown","VA","37.479588","-75.90262","-5","1"
"23356","Greenbackville","VA","37.999025","-75.41634","-5","1"
"23357","Greenbush","VA","37.754497","-75.67974","-5","1"
"23358","Hacksneck","VA","37.635833","-75.86849","-5","1"
"23359","Hallwood","VA","37.876357","-75.59686","-5","1"
"23380","Exmore","VA","37.529341","-75.816851","-5","1"
"23389","Harborton","VA","37.661513","-75.8315","-5","1"
"23395","Horntown","VA","37.95715","-75.45296","-5","1"
"23396","Oak Hall","VA","37.923682","-75.555142","-5","1"
"23397","Isle Of Wight","VA","36.898915","-76.687745","-5","1"
"23398","Jamesville","VA","37.534336","-75.877052","-5","1"
"23399","Jenkins Bridge","VA","37.916218","-75.616754","-5","1"
"23401","Keller","VA","37.61686","-75.76512","-5","1"
"23404","Locustville","VA","37.635838","-75.66642","-5","1"
"23405","Machipongo","VA","37.425567","-75.93117","-5","1"
"23407","Mappsville","VA","37.848467","-75.55559","-5","1"
"23408","Marionville","VA","37.424497","-75.877143","-5","1"
"23409","Mears","VA","37.859953","-75.62995","-5","1"
"23410","Melfa","VA","37.64682","-75.73996","-5","1"
"23412","Modest Town","VA","37.790415","-75.60347","-5","1"
"23413","Nassawadox","VA","37.452186","-75.84523","-5","1"
"23414","Nelsonia","VA","37.816896","-75.583227","-5","1"
"23415","New Church","VA","37.973042","-75.53045","-5","1"
"23416","Oak Hall","VA","37.9268","-75.55339","-5","1"
"23417","Onancock","VA","37.70973","-75.76272","-5","1"
"23418","Onley","VA","37.685447","-75.71051","-5","1"
"23419","Oyster","VA","37.307411","-75.926877","-5","1"
"23420","Painter","VA","37.589068","-75.79947","-5","1"
"23421","Parksley","VA","37.780966","-75.64895","-5","1"
"23422","Pungoteague","VA","37.616183","-75.791519","-5","1"
"23423","Quinby","VA","37.549044","-75.73237","-5","1"
"23424","Rescue","VA","36.996881","-76.564516","-5","1"
"23426","Sanford","VA","37.93359","-75.67692","-5","1"
"23427","Saxis","VA","37.92358","-75.72178","-5","1"
"23429","Seaview","VA","37.271104","-75.953608","-5","1"
"23430","Smithfield","VA","36.978861","-76.63973","-5","1"
"23431","Smithfield","VA","36.898915","-76.687745","-5","1"
"23432","Suffolk","VA","36.871628","-76.56063","-5","1"
"23433","Suffolk","VA","36.906805","-76.49899","-5","1"
"23434","Suffolk","VA","36.735893","-76.59656","-5","1"
"23435","Suffolk","VA","36.84882","-76.46521","-5","1"
"23436","Suffolk","VA","36.894736","-76.51281","-5","1"
"23437","Suffolk","VA","36.642645","-76.82272","-5","1"
"23438","Suffolk","VA","36.578692","-76.70129","-5","1"
"23439","Suffolk","VA","36.746101","-76.665251","-5","1"
"23440","Tangier","VA","37.847652","-75.99404","-5","1"
"23441","Tasley","VA","37.711442","-75.70044","-5","1"
"23442","Temperanceville","VA","37.887538","-75.53645","-5","1"
"23443","Townsend","VA","37.188217","-75.969003","-5","1"
"23450","Virginia Beach","VA","36.844004","-76.12036","-5","1"
"23451","Virginia Beach","VA","36.864788","-76.00098","-5","1"
"23452","Virginia Beach","VA","36.839209","-76.09333","-5","1"
"23453","Virginia Beach","VA","36.786753","-76.082079","-5","1"
"23454","Virginia Beach","VA","36.838398","-76.02862","-5","1"
"23455","Virginia Beach","VA","36.889797","-76.1426","-5","1"
"23456","Virginia Beach","VA","36.762459","-76.06139","-5","1"
"23457","Virginia Beach","VA","36.600219","-76.03592","-5","1"
"23458","Virginia Beach","VA","36.847388","-76.15581","-5","1"
"23459","Virginia Beach","VA","36.926647","-76.02058","-5","1"
"23460","Virginia Beach","VA","36.837598","-76.026053","-5","1"
"23461","Virginia Beach","VA","36.795328","-75.97768","-5","1"
"23462","Virginia Beach","VA","36.839648","-76.15177","-5","1"
"23463","Virginia Beach","VA","36.795669","-76.012628","-5","1"
"23464","Virginia Beach","VA","36.799284","-76.17767","-5","1"
"23465","Virginia Beach","VA","36.851243","-76.169215","-5","1"
"23466","Virginia Beach","VA","36.795669","-76.012628","-5","1"
"23467","Virginia Beach","VA","36.795669","-76.012628","-5","1"
"23468","Virginia Beach","VA","36.843948","-76.142407","-5","1"
"23471","Virginia Beach","VA","36.795669","-76.012628","-5","1"
"23472","Gloucester Point","VA","37.294975","-76.527425","-5","1"
"23479","Virginia Beach","VA","36.795669","-76.012628","-5","1"
"23480","Wachapreague","VA","37.605335","-75.69088","-5","1"
"23482","Wardtown","VA","37.273986","-75.86913","-5","1"
"23483","Wattsville","VA","37.943726","-75.502306","-5","1"
"23486","Willis Wharf","VA","37.518917","-75.810482","-5","1"
"23487","Windsor","VA","36.828408","-76.73506","-5","1"
"23488","Withams","VA","37.952168","-75.59681","-5","1"
"23501","Norfolk","VA","36.895911","-76.208521","-5","1"
"23502","Norfolk","VA","36.855247","-76.21233","-5","1"
"23503","Norfolk","VA","36.942947","-76.2547","-5","1"
"23504","Norfolk","VA","36.859362","-76.27028","-5","1"
"23505","Norfolk","VA","36.913147","-76.28444","-5","1"
"23506","Norfolk","VA","36.931166","-76.23972","-5","1"
"23507","Norfolk","VA","36.864047","-76.29947","-5","1"
"23508","Norfolk","VA","36.886447","-76.30065","-5","1"
"23509","Norfolk","VA","36.880297","-76.2596","-5","1"
"23510","Norfolk","VA","36.852547","-76.29028","-5","1"
"23511","Norfolk","VA","36.935579","-76.303417","-5","1"
"23512","Norfolk","VA","36.931166","-76.23972","-5","1"
"23513","Norfolk","VA","36.888147","-76.23909","-5","1"
"23514","Norfolk","VA","36.931166","-76.23972","-5","1"
"23515","Norfolk","VA","36.931166","-76.23972","-5","1"
"23517","Norfolk","VA","36.870197","-76.29271","-5","1"
"23518","Norfolk","VA","36.916497","-76.21796","-5","1"
"23519","Norfolk","VA","36.931166","-76.23972","-5","1"
"23520","Norfolk","VA","36.931166","-76.23972","-5","1"
"23521","Norfolk","VA","36.916397","-76.1527","-5","1"
"23523","Norfolk","VA","36.830936","-76.27354","-5","1"
"23529","Norfolk","VA","36.931166","-76.23972","-5","1"
"23530","Norfolk","VA","36.931166","-76.23972","-5","1"
"23541","Norfolk","VA","36.931166","-76.23972","-5","1"
"23551","Norfolk","VA","36.931166","-76.23972","-5","1"
"23601","Newport News","VA","37.053346","-76.45948","-5","1"
"23602","Newport News","VA","37.115698","-76.5183","-5","1"
"23603","Newport News","VA","37.193712","-76.57178","-5","1"
"23604","Fort Eustis","VA","37.144943","-76.58677","-5","1"
"23605","Newport News","VA","37.019453","-76.43651","-5","1"
"23606","Newport News","VA","37.078196","-76.49446","-5","1"
"23607","Newport News","VA","36.987151","-76.4195","-5","1"
"23608","Newport News","VA","37.151315","-76.54812","-5","1"
"23609","Newport News","VA","37.195924","-76.524805","-5","1"
"23612","Newport News","VA","37.195924","-76.524805","-5","1"
"23620","Franklin","VA","36.694658","-76.965091","-5","1"
"23628","Newport News","VA","37.195924","-76.524805","-5","1"
"23630","Hampton","VA","37.072658","-76.38992","-5","1"
"23631","Hampton","VA","37.072658","-76.38992","-5","1"
"23642","Virginia Beach","VA","36.843073","-76.154882","-5","1"
"23651","Fort Monroe","VA","37.002997","-76.32039","-5","1"
"23653","Hampton","VA","37.072658","-76.38992","-5","1"
"23661","Hampton","VA","37.005814","-76.38316","-5","1"
"23662","Poquoson","VA","37.131237","-76.38089","-5","1"
"23663","Hampton","VA","37.031474","-76.31637","-5","1"
"23664","Hampton","VA","37.056778","-76.29373","-5","1"
"23665","Hampton","VA","37.098317","-76.4196","-5","1"
"23666","Hampton","VA","37.050946","-76.40711","-5","1"
"23667","Hampton","VA","37.019346","-76.331815","-5","1"
"23668","Hampton","VA","37.020596","-76.337715","-5","1"
"23669","Hampton","VA","37.037946","-76.34415","-5","1"
"23670","Hampton","VA","37.072658","-76.38992","-5","1"
"23681","Hampton","VA","37.072658","-76.38992","-5","1"
"23690","Yorktown","VA","37.227904","-76.51278","-5","1"
"23691","Yorktown","VA","37.257932","-76.56076","-5","1"
"23692","Yorktown","VA","37.178417","-76.46751","-5","1"
"23693","Yorktown","VA","37.112915","-76.43591","-5","1"
"23694","Lackey","VA","37.223152","-76.55901","-5","1"
"23696","Seaford","VA","37.191262","-76.42135","-5","1"
"23701","Portsmouth","VA","36.810448","-76.36811","-5","1"
"23702","Portsmouth","VA","36.803981","-76.32386","-5","1"
"23703","Portsmouth","VA","36.867248","-76.38232","-5","1"
"23704","Portsmouth","VA","36.830748","-76.31369","-5","1"
"23705","Portsmouth","VA","36.868553","-76.355165","-5","1"
"23707","Portsmouth","VA","36.835215","-76.3457","-5","1"
"23708","Portsmouth","VA","36.846562","-76.30803","-5","1"
"23709","Portsmouth","VA","36.868553","-76.355165","-5","1"
"23801","Fort Lee","VA","37.241173","-77.34845","-5","1"
"23803","Petersburg","VA","37.21695","-77.43063","-5","1"
"23804","Petersburg","VA","37.204765","-77.392784","-5","1"
"23805","Petersburg","VA","37.174217","-77.39008","-5","1"
"23806","Petersburg","VA","37.204765","-77.392784","-5","1"
"23810","Cape Charles","VA","37.268263","-76.007162","-5","1"
"23814","Gloucester Point","VA","37.285231","-76.531577","-5","1"
"23821","Alberta","VA","36.87229","-77.91125","-5","1"
"23822","Ammon","VA","37.072361","-77.647495","-5","1"
"23824","Blackstone","VA","37.070975","-77.98876","-5","1"
"23827","Boykins","VA","36.602472","-77.20851","-5","1"
"23828","Branchville","VA","36.582188","-77.27759","-5","1"
"23829","Capron","VA","36.724498","-77.21893","-5","1"
"23830","Carson","VA","37.01775","-77.39475","-5","1"
"23831","Chester","VA","37.350999","-77.43959","-5","1"
"23832","Chesterfield","VA","37.405699","-77.5838","-5","1"
"23833","Church Road","VA","37.197024","-77.66932","-5","1"
"23834","Colonial Heights","VA","37.265403","-77.40438","-5","1"
"23836","Chester","VA","37.343005","-77.34604","-5","1"
"23837","Courtland","VA","36.740306","-77.07132","-5","1"
"23838","Chesterfield","VA","37.328232","-77.61364","-5","1"
"23839","Dendron","VA","37.079298","-76.92155","-5","1"
"23840","Dewitt","VA","37.066833","-77.6675","-5","1"
"23841","Dinwiddie","VA","37.055849","-77.56349","-5","1"
"23842","Disputanta","VA","37.126708","-77.23281","-5","1"
"23843","Dolphin","VA","36.848712","-77.80682","-5","1"
"23844","Drewryville","VA","36.688788","-77.31072","-5","1"
"23845","Ebony","VA","36.554164","-78.01408","-5","1"
"23846","Elberon","VA","37.064244","-76.82637","-5","1"
"23847","Emporia","VA","36.68627","-77.56121","-5","1"
"23850","Ford","VA","37.169066","-77.74358","-5","1"
"23851","Franklin","VA","36.668255","-76.93945","-5","1"
"23856","Freeman","VA","36.776189","-77.71289","-5","1"
"23857","Gasburg","VA","36.576549","-77.88467","-5","1"
"23860","Hopewell","VA","37.287869","-77.29359","-5","1"
"23866","Ivor","VA","36.907991","-76.89025","-5","1"
"23867","Jarratt","VA","36.811276","-77.47496","-5","1"
"23868","Lawrenceville","VA","36.722176","-77.81269","-5","1"
"23870","Jarratt","VA","36.721471","-77.531996","-5","1"
"23872","McKenney","VA","36.993498","-77.74687","-5","1"
"23873","Meredithville","VA","36.80878","-77.954397","-5","1"
"23874","Newsoms","VA","36.610636","-77.10269","-5","1"
"23875","Prince George","VA","37.235949","-77.30259","-5","1"
"23876","Rawlings","VA","36.951449","-77.82402","-5","1"
"23878","Sedley","VA","36.822024","-77.02404","-5","1"
"23879","Skippers","VA","36.584448","-77.58854","-5","1"
"23881","Spring Grove","VA","37.181764","-77.0026","-5","1"
"23882","Stony Creek","VA","36.928972","-77.41971","-5","1"
"23883","Surry","VA","37.14051","-76.74342","-5","1"
"23884","Sussex","VA","36.945667","-77.253913","-5","1"
"23885","Sutherland","VA","37.191579","-77.56682","-5","1"
"23887","Valentines","VA","36.563755","-77.82652","-5","1"
"23888","Wakefield","VA","36.963354","-76.98127","-5","1"
"23889","Warfield","VA","36.912369","-77.75239","-5","1"
"23890","Waverly","VA","37.005989","-77.09819","-5","1"
"23891","Waverly","VA","36.909845","-77.286287","-5","1"
"23893","White Plains","VA","36.628802","-77.92817","-5","1"
"23894","Wilsons","VA","37.127935","-77.83918","-5","1"
"23897","Yale","VA","36.828831","-77.28288","-5","1"
"23898","Zuni","VA","36.836423","-76.83731","-5","1"
"23899","Claremont","VA","37.227291","-76.96545","-5","1"
"23901","Farmville","VA","37.307946","-78.40144","-5","1"
"23909","Farmville","VA","37.301574","-78.394944","-5","1"
"23915","Baskerville","VA","36.694531","-78.28794","-5","1"
"23917","Boydton","VA","36.615944","-78.3102","-5","1"
"23919","Bracey","VA","36.567521","-78.12176","-5","1"
"23920","Brodnax","VA","36.732859","-77.99591","-5","1"
"23921","Buckingham","VA","37.581656","-78.62058","-5","1"
"23922","Burkeville","VA","37.191053","-78.2117","-5","1"
"23923","Charlotte Court House","VA","37.074876","-78.63263","-5","1"
"23924","Chase City","VA","36.806422","-78.46048","-5","1"
"23927","Clarksville","VA","36.61665","-78.54018","-5","1"
"23930","Crewe","VA","37.173493","-78.11236","-5","1"
"23934","Cullen","VA","37.164981","-78.62592","-5","1"
"23936","Dillwyn","VA","37.529284","-78.49082","-5","1"
"23937","Drakes Branch","VA","36.958048","-78.53403","-5","1"
"23938","Dundas","VA","36.909504","-78.00646","-5","1"
"23939","Evergreen","VA","37.312972","-78.77203","-5","1"
"23941","Fort Mitchell","VA","36.948129","-78.248333","-5","1"
"23942","Green Bay","VA","37.129269","-78.30107","-5","1"
"23943","Hampden Sydney","VA","37.241732","-78.4632","-5","1"
"23944","Kenbridge","VA","36.925375","-78.11767","-5","1"
"23947","Keysville","VA","37.029877","-78.4643","-5","1"
"23950","La Crosse","VA","36.678507","-78.08098","-5","1"
"23952","Lunenburg","VA","36.930088","-78.29215","-5","1"
"23954","Meherrin","VA","37.097705","-78.37823","-5","1"
"23955","Nottoway","VA","37.116094","-78.057832","-5","1"
"23958","Pamplin","VA","37.264896","-78.66558","-5","1"
"23959","Phenix","VA","37.094313","-78.77182","-5","1"
"23960","Prospect","VA","37.310203","-78.55359","-5","1"
"23962","Randolph","VA","37.017706","-78.73668","-5","1"
"23963","Red House","VA","37.197072","-78.81694","-5","1"
"23964","Red Oak","VA","36.780021","-78.62102","-5","1"
"23966","Rice","VA","37.284087","-78.27559","-5","1"
"23967","Saxe","VA","36.913228","-78.63611","-5","1"
"23968","Skipwith","VA","36.702863","-78.51218","-5","1"
"23970","South Hill","VA","36.733874","-78.17287","-5","1"
"23974","Victoria","VA","36.987595","-78.23285","-5","1"
"23976","Wylliesburg","VA","36.848612","-78.59064","-5","1"
"23999","Richmond","VA","37.561962","-77.425452","-5","1"
"24001","Roanoke","VA","37.274175","-79.95786","-5","1"
"24002","Roanoke","VA","37.274175","-79.95786","-5","1"
"24003","Roanoke","VA","37.274175","-79.95786","-5","1"
"24004","Roanoke","VA","37.274175","-79.95786","-5","1"
"24005","Roanoke","VA","37.274175","-79.95786","-5","1"
"24006","Roanoke","VA","37.274175","-79.95786","-5","1"
"24007","Roanoke","VA","37.274175","-79.95786","-5","1"
"24008","Roanoke","VA","37.274175","-79.95786","-5","1"
"24009","Roanoke","VA","37.274175","-79.95786","-5","1"
"24010","Roanoke","VA","37.274175","-79.95786","-5","1"
"24011","Roanoke","VA","37.270637","-79.94155","-5","1"
"24012","Roanoke","VA","37.305769","-79.92767","-5","1"
"24013","Roanoke","VA","37.267137","-79.92645","-5","1"
"24014","Roanoke","VA","37.236753","-79.93549","-5","1"
"24015","Roanoke","VA","37.258787","-79.97816","-5","1"
"24016","Roanoke","VA","37.272186","-79.95321","-5","1"
"24017","Roanoke","VA","37.290886","-79.98256","-5","1"
"24018","Roanoke","VA","37.229786","-80.02477","-5","1"
"24019","Roanoke","VA","37.341428","-79.95049","-5","1"
"24020","Roanoke","VA","37.357149","-79.94541","-5","1"
"24022","Roanoke","VA","37.278439","-79.933206","-5","1"
"24023","Roanoke","VA","37.210663","-80.406172","-5","1"
"24024","Roanoke","VA","37.274175","-79.95786","-5","1"
"24025","Roanoke","VA","37.274175","-79.95786","-5","1"
"24026","Roanoke","VA","37.274175","-79.95786","-5","1"
"24027","Roanoke","VA","37.274175","-79.95786","-5","1"
"24028","Roanoke","VA","37.274175","-79.95786","-5","1"
"24029","Roanoke","VA","37.274175","-79.95786","-5","1"
"24030","Roanoke","VA","37.274175","-79.95786","-5","1"
"24031","Roanoke","VA","37.274175","-79.95786","-5","1"
"24032","Roanoke","VA","37.274175","-79.95786","-5","1"
"24033","Roanoke","VA","37.274175","-79.95786","-5","1"
"24034","Roanoke","VA","37.274175","-79.95786","-5","1"
"24035","Roanoke","VA","37.274175","-79.95786","-5","1"
"24036","Roanoke","VA","37.274175","-79.95786","-5","1"
"24037","Roanoke","VA","37.274175","-79.95786","-5","1"
"24038","Roanoke","VA","37.274175","-79.95786","-5","1"
"24040","Roanoke","VA","37.274175","-79.95786","-5","1"
"24042","Roanoke","VA","37.271687","-79.939228","-5","1"
"24043","Roanoke","VA","37.269168","-79.939905","-5","1"
"24044","Roanoke","VA","37.274175","-79.95786","-5","1"
"24045","Roanoke","VA","37.268618","-79.940655","-5","1"
"24048","Roanoke","VA","37.274175","-79.95786","-5","1"
"24050","Roanoke","VA","37.555083","-79.786151","-5","1"
"24053","Ararat","VA","36.618824","-80.53102","-5","1"
"24054","Axton","VA","36.677075","-79.70604","-5","1"
"24055","Bassett","VA","36.757893","-80.00161","-5","1"
"24058","Belspring","VA","37.189876","-80.59761","-5","1"
"24059","Bent Mountain","VA","37.146244","-80.12562","-5","1"
"24060","Blacksburg","VA","37.232027","-80.42127","-5","1"
"24061","Blacksburg","VA","37.179115","-80.351482","-5","1"
"24062","Blacksburg","VA","37.174227","-80.395698","-5","1"
"24063","Blacksburg","VA","37.174227","-80.395698","-5","1"
"24064","Blue Ridge","VA","37.373117","-79.79043","-5","1"
"24065","Boones Mill","VA","37.116716","-79.95528","-5","1"
"24066","Buchanan","VA","37.532991","-79.68004","-5","1"
"24067","Callaway","VA","37.010772","-80.08111","-5","1"
"24068","Christiansburg","VA","37.154804","-80.418396","-5","1"
"24069","Cascade","VA","36.586545","-79.64194","-5","1"
"24070","Catawba","VA","37.361962","-80.19485","-5","1"
"24072","Check","VA","37.040036","-80.2167","-5","1"
"24073","Christiansburg","VA","37.136013","-80.41222","-5","1"
"24076","Claudville","VA","36.580514","-80.4332","-5","1"
"24077","Cloverdale","VA","37.369313","-79.90303","-5","1"
"24078","Collinsville","VA","36.720217","-79.91425","-5","1"
"24079","Copper Hill","VA","37.043459","-80.14868","-5","1"
"24082","Critz","VA","36.625817","-80.13542","-5","1"
"24083","Daleville","VA","37.407301","-79.91761","-5","1"
"24084","Dublin","VA","37.107273","-80.67384","-5","1"
"24085","Eagle Rock","VA","37.671394","-79.81681","-5","1"
"24086","Eggleston","VA","37.287326","-80.62194","-5","1"
"24087","Elliston","VA","37.218668","-80.2335","-5","1"
"24088","Ferrum","VA","36.901203","-80.0715","-5","1"
"24089","Fieldale","VA","36.70487","-79.95681","-5","1"
"24090","Fincastle","VA","37.512912","-79.87046","-5","1"
"24091","Floyd","VA","36.910051","-80.30871","-5","1"
"24092","Glade Hill","VA","37.014685","-79.75335","-5","1"
"24093","Glen Lyn","VA","37.377877","-80.85658","-5","1"
"24094","Goldbond","VA","37.427111","-80.55227","-5","1"
"24095","Goodview","VA","37.21556","-79.73922","-5","1"
"24101","Hardy","VA","37.180713","-79.76536","-5","1"
"24102","Henry","VA","36.838473","-79.99093","-5","1"
"24104","Huddleston","VA","37.107479","-79.53046","-5","1"
"24105","Indian Valley","VA","36.901524","-80.5936","-5","1"
"24111","McCoy","VA","37.174227","-80.395698","-5","1"
"24112","Martinsville","VA","36.696264","-79.86879","-5","1"
"24113","Martinsville","VA","36.679571","-79.865168","-5","1"
"24114","Martinsville","VA","36.679571","-79.865168","-5","1"
"24115","Martinsville","VA","36.679571","-79.865168","-5","1"
"24120","Meadows Of Dan","VA","36.720001","-80.41975","-5","1"
"24121","Moneta","VA","37.145705","-79.64786","-5","1"
"24122","Montvale","VA","37.413397","-79.70789","-5","1"
"24124","Narrows","VA","37.331818","-80.80847","-5","1"
"24126","Newbern","VA","37.069206","-80.689067","-5","1"
"24127","New Castle","VA","37.505033","-80.17302","-5","1"
"24128","Newport","VA","37.325758","-80.47021","-5","1"
"24129","New River","VA","37.096403","-80.608056","-5","1"
"24130","Oriskany","VA","37.555083","-79.786151","-5","1"
"24131","Paint Bank","VA","37.562902","-80.2538","-5","1"
"24132","Parrott","VA","37.210996","-80.62751","-5","1"
"24133","Patrick Springs","VA","36.677978","-80.13511","-5","1"
"24134","Pearisburg","VA","37.291252","-80.73601","-5","1"
"24136","Pembroke","VA","37.31803","-80.62267","-5","1"
"24137","Penhook","VA","36.947422","-79.63536","-5","1"
"24138","Pilot","VA","37.048647","-80.32048","-5","1"
"24139","Pittsville","VA","37.010279","-79.47217","-5","1"
"24141","Radford","VA","37.11979","-80.57325","-5","1"
"24142","Radford","VA","37.138427","-80.55031","-5","1"
"24143","Radford","VA","37.122583","-80.562913","-5","1"
"24146","Redwood","VA","37.006912","-79.913875","-5","1"
"24147","Rich Creek","VA","37.38389","-80.81734","-5","1"
"24148","Ridgeway","VA","36.595224","-79.87353","-5","1"
"24149","Riner","VA","37.011934","-80.41897","-5","1"
"24150","Ripplemead","VA","37.351691","-80.67726","-5","1"
"24151","Rocky Mount","VA","36.980013","-79.88027","-5","1"
"24153","Salem","VA","37.288807","-80.07821","-5","1"
"24155","Salem","VA","37.288384","-80.067062","-5","1"
"24156","Salem","VA","37.288384","-80.067062","-5","1"
"24157","Salem","VA","37.288384","-80.067062","-5","1"
"24161","Sandy Level","VA","36.985629","-79.53939","-5","1"
"24162","Shawsville","VA","37.14374","-80.26233","-5","1"
"24165","Spencer","VA","36.590431","-80.03589","-5","1"
"24167","Staffordsville","VA","37.240021","-80.73083","-5","1"
"24168","Stanleytown","VA","36.734651","-79.94572","-5","1"
"24171","Stuart","VA","36.655575","-80.23909","-5","1"
"24174","Thaxton","VA","37.357587","-79.66552","-5","1"
"24175","Troutville","VA","37.427597","-79.90595","-5","1"
"24176","Union Hall","VA","37.024494","-79.69241","-5","1"
"24177","Vesta","VA","36.724064","-80.35806","-5","1"
"24178","Villamont","VA","37.310494","-79.789799","-5","1"
"24179","Vinton","VA","37.276218","-79.8524","-5","1"
"24184","Wirtz","VA","37.068743","-79.74911","-5","1"
"24185","Woolwine","VA","36.806528","-80.26895","-5","1"
"24201","Bristol","VA","36.606582","-82.18087","-5","1"
"24202","Bristol","VA","36.645419","-82.18137","-5","1"
"24203","Bristol","VA","36.761613","-81.968712","-5","1"
"24209","Bristol","VA","36.761613","-81.968712","-5","1"
"24210","Abingdon","VA","36.728639","-82.00845","-5","1"
"24211","Abingdon","VA","36.657812","-81.96207","-5","1"
"24212","Abingdon","VA","36.690942","-81.970764","-5","1"
"24215","Andover","VA","36.921924","-82.79644","-5","1"
"24216","Appalachia","VA","36.919476","-82.78974","-5","1"
"24217","Bee","VA","37.082275","-82.18978","-5","1"
"24218","Ben Hur","VA","36.733931","-83.0635","-5","1"
"24219","Big Stone Gap","VA","36.851953","-82.77056","-5","1"
"24220","Birchleaf","VA","37.138489","-82.25643","-5","1"
"24221","Blackwater","VA","36.627827","-82.96464","-5","1"
"24224","Castlewood","VA","36.870051","-82.27792","-5","1"
"24225","Cleveland","VA","36.968491","-82.1623","-5","1"
"24226","Clinchco","VA","37.147222","-82.34369","-5","1"
"24228","Clintwood","VA","37.153509","-82.44936","-5","1"
"24230","Coeburn","VA","36.952634","-82.46657","-5","1"
"24236","Damascus","VA","36.624632","-81.76732","-5","1"
"24237","Dante","VA","37.001752","-82.28089","-5","1"
"24239","Davenport","VA","37.107474","-82.12413","-5","1"
"24243","Dryden","VA","36.780481","-82.94428","-5","1"
"24244","Duffield","VA","36.70122","-82.79538","-5","1"
"24245","Dungannon","VA","36.844539","-82.49147","-5","1"
"24246","East Stone Gap","VA","36.864429","-82.737469","-5","1"
"24248","Ewing","VA","36.62928","-83.48322","-5","1"
"24250","Fort Blackmore","VA","36.759614","-82.59473","-5","1"
"24251","Gate City","VA","36.642027","-82.58685","-5","1"
"24256","Haysi","VA","37.213189","-82.29759","-5","1"
"24258","Hiltons","VA","36.658518","-82.42645","-5","1"
"24260","Honaker","VA","37.02264","-81.99859","-5","1"
"24263","Jonesville","VA","36.687716","-83.15587","-5","1"
"24265","Keokee","VA","36.851769","-82.93593","-5","1"
"24266","Lebanon","VA","36.876177","-82.11083","-5","1"
"24269","McClure","VA","37.103304","-82.37613","-5","1"
"24270","Mendota","VA","36.720381","-82.26093","-5","1"
"24271","Nickelsville","VA","36.741128","-82.41823","-5","1"
"24272","Nora","VA","37.008665","-82.35244","-5","1"
"24273","Norton","VA","36.942047","-82.63138","-5","1"
"24274","Pound","VA","37.126639","-82.59599","-5","1"
"24277","Pennington Gap","VA","36.756705","-83.04178","-5","1"
"24279","Pound","VA","37.10297","-82.59626","-5","1"
"24280","Rosedale","VA","36.954936","-81.94252","-5","1"
"24281","Rose Hill","VA","36.65364","-83.34736","-5","1"
"24282","Saint Charles","VA","36.805965","-83.05467","-5","1"
"24283","Saint Paul","VA","36.943316","-82.33154","-5","1"
"24285","Stonega","VA","36.953228","-82.79025","-5","1"
"24289","Trammel","VA","37.130943","-82.344881","-5","1"
"24290","Weber City","VA","36.617348","-82.5666","-5","1"
"24292","Whitetop","VA","36.59565","-81.59154","-5","1"
"24293","Wise","VA","36.979817","-82.56963","-5","1"
"24301","Pulaski","VA","37.053297","-80.7728","-5","1"
"24311","Atkins","VA","36.870607","-81.40497","-5","1"
"24312","Austinville","VA","36.837699","-80.85731","-5","1"
"24313","Barren Springs","VA","36.909335","-80.80411","-5","1"
"24314","Bastian","VA","37.183901","-81.17641","-5","1"
"24315","Bland","VA","37.107412","-81.0571","-5","1"
"24316","Broadford","VA","36.937195","-81.67617","-5","1"
"24317","Cana","VA","36.609475","-80.67102","-5","1"
"24318","Ceres","VA","36.982193","-81.38945","-5","1"
"24319","Chilhowie","VA","36.776534","-81.65827","-5","1"
"24322","Cripple Creek","VA","36.820139","-81.11128","-5","1"
"24323","Crockett","VA","36.88091","-81.1992","-5","1"
"24324","Draper","VA","36.973028","-80.79309","-5","1"
"24325","Dugspur","VA","36.801489","-80.60492","-5","1"
"24326","Elk Creek","VA","36.729236","-81.2001","-5","1"
"24327","Emory","VA","36.773659","-81.82771","-5","1"
"24328","Fancy Gap","VA","36.659171","-80.70387","-5","1"
"24330","Fries","VA","36.721913","-81.00535","-5","1"
"24333","Galax","VA","36.649548","-80.92683","-5","1"
"24338","Fries","VA","36.718307","-80.978273","-5","1"
"24340","Glade Spring","VA","36.772376","-81.7742","-5","1"
"24343","Hillsville","VA","36.750353","-80.68706","-5","1"
"24347","Hiwassee","VA","36.958829","-80.65995","-5","1"
"24348","Independence","VA","36.626454","-81.16554","-5","1"
"24350","Ivanhoe","VA","36.809933","-80.99526","-5","1"
"24351","Lambsburg","VA","36.580074","-80.76311","-5","1"
"24352","Laurel Fork","VA","36.708515","-80.52791","-5","1"
"24354","Marion","VA","36.828526","-81.53045","-5","1"
"24360","Max Meadows","VA","36.933981","-80.92897","-5","1"
"24361","Meadowview","VA","36.763059","-81.84774","-5","1"
"24363","Mouth Of Wilson","VA","36.597486","-81.37604","-5","1"
"24366","Rocky Gap","VA","37.261609","-81.10659","-5","1"
"24368","Rural Retreat","VA","36.889364","-81.28162","-5","1"
"24370","Saltville","VA","36.893445","-81.74825","-5","1"
"24373","Seven Mile Ford","VA","36.826371","-81.549231","-5","1"
"24374","Speedwell","VA","36.813383","-81.19791","-5","1"
"24375","Sugar Grove","VA","36.790265","-81.37541","-5","1"
"24377","Tannersville","VA","37.000956","-81.54797","-5","1"
"24378","Trout Dale","VA","36.684567","-81.43411","-5","1"
"24379","Volney","VA","36.682782","-81.257795","-5","1"
"24380","Willis","VA","36.853525","-80.52024","-5","1"
"24381","Woodlawn","VA","36.714663","-80.82602","-5","1"
"24382","Wytheville","VA","36.947446","-81.09439","-5","1"
"24401","Staunton","VA","38.146216","-79.07625","-5","1"
"24402","Staunton","VA","38.159275","-79.062858","-5","1"
"24407","Staunton","VA","38.179715","-79.141332","-5","1"
"24411","Augusta Springs","VA","38.091705","-79.322363","-5","1"
"24412","Bacova","VA","38.054111","-79.84575","-5","1"
"24413","Blue Grass","VA","38.521373","-79.58361","-5","1"
"24415","Brownsburg","VA","37.929347","-79.31644","-5","1"
"24416","Buena Vista","VA","37.74078","-79.35038","-5","1"
"24421","Churchville","VA","38.252683","-79.17339","-5","1"
"24422","Clifton Forge","VA","37.821088","-79.79619","-5","1"
"24426","Covington","VA","37.772399","-80.02705","-5","1"
"24430","Craigsville","VA","38.085244","-79.36209","-5","1"
"24431","Crimora","VA","38.167914","-78.84222","-5","1"
"24432","Deerfield","VA","38.178513","-79.42701","-5","1"
"24433","Doe Hill","VA","38.443961","-79.44072","-5","1"
"24435","Fairfield","VA","37.871126","-79.29041","-5","1"
"24437","Fort Defiance","VA","38.212067","-78.94563","-5","1"
"24438","Glen Wilton","VA","37.555083","-79.786151","-5","1"
"24439","Goshen","VA","37.997778","-79.48004","-5","1"
"24440","Greenville","VA","37.996542","-79.15354","-5","1"
"24441","Grottoes","VA","38.255747","-78.8242","-5","1"
"24442","Head Waters","VA","38.345202","-79.38497","-5","1"
"24444","Iron Gate","VA","37.799435","-79.790895","-5","1"
"24445","Hot Springs","VA","37.970734","-79.89283","-5","1"
"24448","Iron Gate","VA","37.797214","-79.79002","-5","1"
"24450","Lexington","VA","37.794344","-79.47658","-5","1"
"24457","Low Moor","VA","37.802424","-79.86351","-5","1"
"24458","McDowell","VA","38.322663","-79.54418","-5","1"
"24459","Middlebrook","VA","38.042173","-79.28175","-5","1"
"24460","Millboro","VA","38.015153","-79.65065","-5","1"
"24463","Mint Spring","VA","38.064112","-79.10979","-5","1"
"24464","Montebello","VA","37.897702","-79.08939","-5","1"
"24465","Monterey","VA","38.374628","-79.63611","-5","1"
"24467","Mount Sidney","VA","38.258308","-78.95941","-5","1"
"24468","Mustoe","VA","38.385967","-79.559157","-5","1"
"24469","New Hope","VA","38.179715","-79.141332","-5","1"
"24471","Port Republic","VA","38.310311","-78.80409","-5","1"
"24472","Raphine","VA","37.936577","-79.22828","-5","1"
"24473","Rockbridge Baths","VA","37.912977","-79.39906","-5","1"
"24474","Selma","VA","37.805268","-79.84752","-5","1"
"24475","Spottswood","VA","37.9651","-79.2357","-5","1"
"24476","Steeles Tavern","VA","38.179715","-79.141332","-5","1"
"24477","Stuarts Draft","VA","38.01473","-79.02733","-5","1"
"24479","Swoope","VA","38.151767","-79.21998","-5","1"
"24482","Verona","VA","38.19958","-78.99553","-5","1"
"24483","Vesuvius","VA","37.819652","-79.21508","-5","1"
"24484","Warm Springs","VA","38.103122","-79.81478","-5","1"
"24485","West Augusta","VA","38.270442","-79.33402","-5","1"
"24486","Weyers Cave","VA","38.290722","-78.92423","-5","1"
"24487","Williamsville","VA","38.197757","-79.57766","-5","1"
"24501","Lynchburg","VA","37.390209","-79.16132","-5","1"
"24502","Lynchburg","VA","37.362109","-79.21525","-5","1"
"24503","Lynchburg","VA","37.440641","-79.20923","-5","1"
"24504","Lynchburg","VA","37.400275","-79.12597","-5","1"
"24505","Lynchburg","VA","37.400944","-79.178506","-5","1"
"24506","Lynchburg","VA","37.381692","-79.161046","-5","1"
"24512","Lynchburg","VA","37.242503","-79.109789","-5","1"
"24513","Lynchburg","VA","37.245798","-79.133546","-5","1"
"24514","Lynchburg","VA","37.400944","-79.178506","-5","1"
"24515","Lynchburg","VA","37.400944","-79.178506","-5","1"
"24517","Altavista","VA","37.127543","-79.27409","-5","1"
"24520","Alton","VA","36.561396","-79.05268","-5","1"
"24521","Amherst","VA","37.616606","-79.08763","-5","1"
"24522","Appomattox","VA","37.374688","-78.80585","-5","1"
"24523","Bedford","VA","37.339184","-79.52839","-5","1"
"24526","Big Island","VA","37.528701","-79.39812","-5","1"
"24527","Blairs","VA","36.725028","-79.35877","-5","1"
"24528","Brookneal","VA","37.079385","-78.90765","-5","1"
"24529","Buffalo Junction","VA","36.631531","-78.63806","-5","1"
"24530","Callands","VA","36.807043","-79.61864","-5","1"
"24531","Chatham","VA","36.836822","-79.45193","-5","1"
"24533","Clifford","VA","37.582488","-78.93618","-5","1"
"24534","Clover","VA","36.864697","-78.76019","-5","1"
"24535","Cluster Springs","VA","36.611317","-78.945519","-5","1"
"24536","Coleman Falls","VA","37.486603","-79.30501","-5","1"
"24538","Concord","VA","37.343394","-78.96433","-5","1"
"24539","Crystal Hill","VA","36.861612","-78.91187","-5","1"
"24540","Danville","VA","36.622638","-79.39998","-5","1"
"24541","Danville","VA","36.581085","-79.45027","-5","1"
"24542","Danville","VA","36.579313","-79.398748","-5","1"
"24543","Danville","VA","36.592679","-79.410983","-5","1"
"24544","Danville","VA","36.592679","-79.410983","-5","1"
"24549","Dry Fork","VA","36.710985","-79.48517","-5","1"
"24550","Evington","VA","37.237928","-79.28268","-5","1"
"24551","Forest","VA","37.366744","-79.29977","-5","1"
"24553","Gladstone","VA","37.541726","-78.80777","-5","1"
"24554","Gladys","VA","37.142894","-79.05412","-5","1"
"24555","Glasgow","VA","37.641788","-79.45652","-5","1"
"24556","Goode","VA","37.361512","-79.3981","-5","1"
"24557","Gretna","VA","36.971021","-79.31787","-5","1"
"24558","Halifax","VA","36.774635","-78.93426","-5","1"
"24562","Howardsville","VA","37.715293","-78.64175","-5","1"
"24563","Hurt","VA","37.071568","-79.2923","-5","1"
"24565","Java","VA","36.842686","-79.19748","-5","1"
"24566","Keeling","VA","36.726236","-79.26279","-5","1"
"24569","Long Island","VA","37.041512","-79.1278","-5","1"
"24570","Lowry","VA","37.333936","-79.406303","-5","1"
"24571","Lynch Station","VA","37.133274","-79.37324","-5","1"
"24572","Madison Heights","VA","37.461272","-79.09364","-5","1"
"24574","Monroe","VA","37.576208","-79.26133","-5","1"
"24576","Naruna","VA","37.245798","-79.133546","-5","1"
"24577","Nathalie","VA","36.940538","-78.98017","-5","1"
"24578","Natural Bridge","VA","37.650711","-79.55269","-5","1"
"24579","Natural Bridge Station","VA","37.597531","-79.50659","-5","1"
"24580","Nelson","VA","36.589704","-78.66151","-5","1"
"24581","Norwood","VA","37.644171","-78.79447","-5","1"
"24585","Republican Grove","VA","36.801515","-78.883933","-5","1"
"24586","Ringgold","VA","36.595244","-79.28647","-5","1"
"24588","Rustburg","VA","37.268024","-79.11686","-5","1"
"24589","Scottsburg","VA","36.759749","-78.78547","-5","1"
"24590","Scottsville","VA","37.806508","-78.48134","-5","1"
"24592","South Boston","VA","36.701855","-78.92008","-5","1"
"24593","Spout Spring","VA","37.320709","-78.91071","-5","1"
"24594","Sutherlin","VA","36.635902","-79.1968","-5","1"
"24595","Sweet Briar","VA","37.556248","-79.08249","-5","1"
"24597","Vernon Hill","VA","36.782331","-79.1237","-5","1"
"24598","Virgilina","VA","36.592597","-78.78207","-5","1"
"24599","Wingina","VA","37.638783","-78.71934","-5","1"
"24601","Amonate","VA","37.177549","-81.6578","-5","1"
"24602","Bandy","VA","37.170062","-81.64412","-5","1"
"24603","Big Rock","VA","37.371119","-82.1645","-5","1"
"24604","Bishop","VA","37.201022","-81.53963","-5","1"
"24605","Bluefield","VA","37.222548","-81.3367","-5","1"
"24606","Boissevain","VA","37.28526","-81.38993","-5","1"
"24607","Breaks","VA","37.297387","-82.27942","-5","1"
"24608","Burkes Garden","VA","37.13549","-81.563406","-5","1"
"24609","Cedar Bluff","VA","37.055512","-81.76922","-5","1"
"24612","Doran","VA","37.091572","-81.84119","-5","1"
"24613","Falls Mills","VA","37.273973","-81.31688","-5","1"
"24614","Grundy","VA","37.296213","-82.05775","-5","1"
"24618","Harman","VA","37.287992","-82.027408","-5","1"
"24619","Horsepen","VA","37.13549","-81.563406","-5","1"
"24620","Hurley","VA","37.409883","-82.02317","-5","1"
"24622","Jewell Ridge","VA","37.214471","-81.78967","-5","1"
"24624","Keen Mountain","VA","37.204272","-81.97936","-5","1"
"24627","Mavisdale","VA","37.287992","-82.027408","-5","1"
"24628","Maxie","VA","37.308652","-82.18593","-5","1"
"24630","North Tazewell","VA","37.155621","-81.49787","-5","1"
"24631","Oakwood","VA","37.223011","-82.00538","-5","1"
"24634","Pilgrims Knob","VA","37.250363","-81.89766","-5","1"
"24635","Pocahontas","VA","37.305821","-81.34697","-5","1"
"24637","Pounding Mill","VA","37.076801","-81.70519","-5","1"
"24639","Raven","VA","37.136584","-81.89068","-5","1"
"24640","Red Ash","VA","37.13549","-81.563406","-5","1"
"24641","Richlands","VA","37.098588","-81.80607","-5","1"
"24646","Rowe","VA","37.14445","-81.99735","-5","1"
"24647","Shortt Gap","VA","37.287992","-82.027408","-5","1"
"24649","Swords Creek","VA","37.077291","-81.91973","-5","1"
"24651","Tazewell","VA","37.113004","-81.50326","-5","1"
"24656","Vansant","VA","37.198005","-82.12193","-5","1"
"24657","Whitewood","VA","37.226416","-81.86739","-5","1"
"24658","Wolford","VA","37.287992","-82.027408","-5","1"
