"24701","Bluefield","WV","37.2757","-81.2145","-5","1"
"24704","Bluefield","WV","37.264098","-81.229646","-5","1"
"24712","Athens","WV","37.448532","-81.0032","-5","1"
"24714","Beeson","WV","37.501743","-81.22148","-5","1"
"24715","Bramwell","WV","37.335297","-81.31112","-5","1"
"24716","Bud","WV","37.532524","-81.37275","-5","1"
"24719","Covel","WV","37.48929","-81.29736","-5","1"
"24724","Freeman","WV","37.32767","-81.29994","-5","1"
"24726","Herndon","WV","37.520914","-81.33026","-5","1"
"24729","Hiawatha","WV","37.416395","-81.105803","-5","1"
"24731","Kegley","WV","37.404113","-81.14078","-5","1"
"24732","Kellysville","WV","37.416395","-81.105803","-5","1"
"24733","Lashmeet","WV","37.431153","-81.22628","-5","1"
"24736","Matoaka","WV","37.425866","-81.27625","-5","1"
"24737","Montcalm","WV","37.352655","-81.24781","-5","1"
"24738","Nemours","WV","37.416395","-81.105803","-5","1"
"24739","Oakvale","WV","37.336554","-80.95523","-5","1"
"24740","Princeton","WV","37.368167","-81.07307","-5","1"
"24747","Rock","WV","37.394221","-81.21868","-5","1"
"24751","Wolfe","WV","37.416395","-81.105803","-5","1"
"24801","Welch","WV","37.424498","-81.57835","-5","1"
"24808","Anawalt","WV","37.338242","-81.43081","-5","1"
"24811","Avondale","WV","37.399793","-81.78312","-5","1"
"24813","Bartley","WV","37.355111","-81.73002","-5","1"
"24815","Berwind","WV","37.25068","-81.65044","-5","1"
"24816","Big Sandy","WV","37.459251","-81.70173","-5","1"
"24817","Bradshaw","WV","37.358272","-81.8013","-5","1"
"24818","Brenton","WV","37.594959","-81.62947","-5","1"
"24820","Capels","WV","37.375246","-81.653889","-5","1"
"24821","Caretta","WV","37.345693","-81.66789","-5","1"
"24822","Clear Fork","WV","37.62127","-81.69408","-5","1"
"24823","Coal Mountain","WV","37.664172","-81.7338","-5","1"
"24824","Coalwood","WV","37.416947","-81.69288","-5","1"
"24825","Crumpler","WV","37.421641","-81.34504","-5","1"
"24826","Cucumber","WV","37.375246","-81.653889","-5","1"
"24827","Cyclone","WV","37.742953","-81.67951","-5","1"
"24828","Davy","WV","37.478583","-81.66169","-5","1"
"24829","Eckman","WV","37.40273","-81.4629","-5","1"
"24830","Elbert","WV","37.319439","-81.5432","-5","1"
"24831","Elkhorn","WV","37.385757","-81.41415","-5","1"
"24832","English","WV","37.375246","-81.653889","-5","1"
"24834","Fanrock","WV","37.603344","-81.53998","-5","1"
"24836","Gary","WV","37.352131","-81.54688","-5","1"
"24839","Hanover","WV","37.567007","-81.77969","-5","1"
"24841","Havaco","WV","37.405828","-81.576548","-5","1"
"24842","Hemphill","WV","37.444465","-81.59684","-5","1"
"24843","Hensley","WV","37.474577","-81.69961","-5","1"
"24844","Iaeger","WV","37.469496","-81.79548","-5","1"
"24845","Ikes Fork","WV","37.530418","-81.79553","-5","1"
"24846","Isaban","WV","37.530963","-81.8885","-5","1"
"24847","Itmann","WV","37.603344","-81.53998","-5","1"
"24848","Jenkinjones","WV","37.296401","-81.43135","-5","1"
"24849","Jesse","WV","37.666079","-81.57309","-5","1"
"24850","Jolo","WV","37.312239","-81.82478","-5","1"
"24851","Justice","WV","37.602126","-81.84968","-5","1"
"24852","Keystone","WV","37.417857","-81.44874","-5","1"
"24853","Kimball","WV","37.427781","-81.48654","-5","1"
"24854","Kopperston","WV","37.741813","-81.53722","-5","1"
"24855","Kyle","WV","37.409655","-81.42559","-5","1"
"24856","Leckie","WV","37.343452","-81.40244","-5","1"
"24857","Lynco","WV","37.683273","-81.66048","-5","1"
"24859","Marianna","WV","37.603344","-81.53998","-5","1"
"24860","Matheny","WV","37.664685","-81.5967","-5","1"
"24861","Maybeury","WV","37.363882","-81.36531","-5","1"
"24862","Mohawk","WV","37.485276","-81.93955","-5","1"
"24866","Newhall","WV","37.265686","-81.6155","-5","1"
"24867","New Richmond","WV","37.568981","-81.49308","-5","1"
"24868","Northfork","WV","37.418471","-81.41706","-5","1"
"24869","North Spring","WV","37.551372","-81.84229","-5","1"
"24870","Oceana","WV","37.69629","-81.60845","-5","1"
"24871","Pageton","WV","37.325163","-81.47554","-5","1"
"24872","Panther","WV","37.45926","-81.89024","-5","1"
"24873","Paynesville","WV","37.357831","-81.89583","-5","1"
"24874","Pineville","WV","37.562494","-81.51746","-5","1"
"24877","Powhatan","WV","37.375246","-81.653889","-5","1"
"24878","Premier","WV","37.375246","-81.653889","-5","1"
"24879","Raysal","WV","37.35294","-81.768","-5","1"
"24880","Rock View","WV","37.641027","-81.53625","-5","1"
"24881","Roderfield","WV","37.444527","-81.69146","-5","1"
"24882","Simon","WV","37.609388","-81.75668","-5","1"
"24883","Skygusty","WV","37.375246","-81.653889","-5","1"
"24884","Squire","WV","37.249595","-81.55208","-5","1"
"24887","Switchback","WV","37.371122","-81.384","-5","1"
"24888","Thorpe","WV","37.365675","-81.50968","-5","1"
"24889","Twin Branch","WV","37.375246","-81.653889","-5","1"
"24892","War","WV","37.309666","-81.69546","-5","1"
"24894","Warriormine","WV","37.291157","-81.69541","-5","1"
"24895","Wilcoe","WV","37.381834","-81.56342","-5","1"
"24896","Wolf Pen","WV","37.603344","-81.53998","-5","1"
"24897","Worth","WV","37.422523","-81.38363","-5","1"
"24898","Wyoming","WV","37.585536","-81.60347","-5","1"
"24899","Yukon","WV","37.375246","-81.653889","-5","1"
"24901","Lewisburg","WV","37.80848","-80.44493","-5","1"
"24902","Fairlea","WV","37.774666","-80.461492","-5","1"
"24910","Alderson","WV","37.731717","-80.65942","-5","1"
"24915","Arbovale","WV","38.462522","-79.80308","-5","1"
"24916","Asbury","WV","37.841919","-80.55325","-5","1"
"24917","Auto","WV","37.975595","-80.426874","-5","1"
"24918","Ballard","WV","37.515724","-80.76748","-5","1"
"24919","Ballengee","WV","37.620418","-80.71636","-5","1"
"24920","Bartow","WV","38.552106","-79.7315","-5","1"
"24924","Buckeye","WV","38.185341","-80.13261","-5","1"
"24925","Caldwell","WV","37.741887","-80.37481","-5","1"
"24927","Cass","WV","38.380196","-79.93278","-5","1"
"24931","Crawley","WV","37.901788","-80.59452","-5","1"
"24934","Dunmore","WV","38.325205","-79.90179","-5","1"
"24935","Forest Hill","WV","37.549702","-80.80017","-5","1"
"24936","Fort Spring","WV","37.743322","-80.52942","-5","1"
"24938","Frankford","WV","37.918994","-80.36331","-5","1"
"24941","Gap Mills","WV","37.602172","-80.3464","-5","1"
"24942","Glace","WV","37.552029","-80.539672","-5","1"
"24943","Grassy Meadows","WV","37.838288","-80.75393","-5","1"
"24944","Green Bank","WV","38.412244","-79.79796","-5","1"
"24945","Greenville","WV","37.543667","-80.69604","-5","1"
"24946","Hillsboro","WV","38.114627","-80.22808","-5","1"
"24950","Kieffer","WV","37.94046","-80.61007","-5","1"
"24951","Lindside","WV","37.485348","-80.64293","-5","1"
"24954","Marlinton","WV","38.196374","-80.05957","-5","1"
"24957","Maxwelton","WV","37.869998","-80.41067","-5","1"
"24958","Meadow Bluff","WV","37.975595","-80.426874","-5","1"
"24961","Neola","WV","37.975595","-80.426874","-5","1"
"24962","Pence Springs","WV","37.675571","-80.73336","-5","1"
"24963","Peterstown","WV","37.424195","-80.78465","-5","1"
"24966","Renick","WV","38.059474","-80.35569","-5","1"
"24970","Ronceverte","WV","37.742719","-80.47151","-5","1"
"24971","Lewisburg","WV","37.792525","-80.443556","-5","1"
"24974","Secondcreek","WV","37.665867","-80.44338","-5","1"
"24976","Sinks Grove","WV","37.667594","-80.54184","-5","1"
"24977","Smoot","WV","37.893306","-80.65773","-5","1"
"24981","Talcott","WV","37.654267","-80.72899","-5","1"
"24983","Union","WV","37.590774","-80.53448","-5","1"
"24984","Waiteville","WV","37.515131","-80.38284","-5","1"
"24985","Wayside","WV","37.597231","-80.74638","-5","1"
"24986","White Sulphur Springs","WV","37.861237","-80.24008","-5","1"
"24991","Williamsburg","WV","38.001124","-80.48027","-5","1"
"24993","Wolfcreek","WV","37.552029","-80.539672","-5","1"
"25002","Alloy","WV","38.129903","-81.25882","-5","1"
"25003","Alum Creek","WV","38.254483","-81.79045","-5","1"
"25004","Ameagle","WV","37.784459","-81.118491","-5","1"
"25005","Amma","WV","38.552755","-81.24219","-5","1"
"25007","Arnett","WV","37.832443","-81.42991","-5","1"
"25008","Artie","WV","37.933384","-81.36076","-5","1"
"25009","Ashford","WV","38.179811","-81.72566","-5","1"
"25010","Bald Knob","WV","37.842289","-81.61919","-5","1"
"25011","Bancroft","WV","38.508675","-81.84134","-5","1"
"25015","Belle","WV","38.224918","-81.5151","-5","1"
"25018","Bentree","WV","38.465777","-81.050662","-5","1"
"25019","Bickmore","WV","38.38338","-81.08555","-5","1"
"25021","Bim","WV","37.922612","-81.68729","-5","1"
"25022","Blair","WV","37.858735","-81.81253","-5","1"
"25024","Bloomingrose","WV","38.143324","-81.63578","-5","1"
"25025","Blount","WV","38.324795","-81.38164","-5","1"
"25026","Blue Creek","WV","38.490789","-81.392845","-5","1"
"25028","Bob White","WV","37.948618","-81.71199","-5","1"
"25030","Bomont","WV","38.453331","-81.22481","-5","1"
"25031","Boomer","WV","38.151116","-81.28483","-5","1"
"25033","Buffalo","WV","38.61324","-81.95406","-5","1"
"25035","Cabin Creek","WV","38.177823","-81.49148","-5","1"
"25036","Cannelton","WV","38.199924","-81.28865","-5","1"
"25039","Cedar Grove","WV","38.242575","-81.39377","-5","1"
"25040","Charlton Heights","WV","38.12563","-81.24499","-5","1"
"25043","Clay","WV","38.46791","-81.0082","-5","1"
"25044","Clear Creek","WV","37.90907","-81.35066","-5","1"
"25045","Clendenin","WV","38.464079","-81.33836","-5","1"
"25046","Clio","WV","38.731737","-81.314633","-5","1"
"25047","Clothier","WV","37.950033","-81.78924","-5","1"
"25048","Colcord","WV","37.949813","-81.42024","-5","1"
"25049","Comfort","WV","38.131663","-81.56282","-5","1"
"25051","Costa","WV","38.161661","-81.70438","-5","1"
"25053","Danville","WV","38.05738","-81.86082","-5","1"
"25054","Dawes","WV","38.108987","-81.46418","-5","1"
"25057","Deep Water","WV","38.126873","-81.25954","-5","1"
"25059","Dixie","WV","38.260339","-81.19697","-5","1"
"25060","Dorothy","WV","37.958702","-81.47577","-5","1"
"25061","Drybranch","WV","38.296818","-81.554655","-5","1"
"25062","Dry Creek","WV","37.854572","-81.453786","-5","1"
"25063","Duck","WV","38.583094","-80.94056","-5","1"
"25064","Dunbar","WV","38.367255","-81.74473","-5","1"
"25067","East Bank","WV","38.198471","-81.44797","-5","1"
"25070","Eleanor","WV","38.538953","-81.93548","-5","1"
"25071","Elkview","WV","38.451344","-81.46602","-5","1"
"25075","Eskdale","WV","38.046638","-81.4311","-5","1"
"25076","Ethel","WV","37.861621","-81.90361","-5","1"
"25079","Falling Rock","WV","38.495072","-81.398422","-5","1"
"25081","Foster","WV","38.092103","-81.75855","-5","1"
"25082","Fraziers Bottom","WV","38.621761","-82.02827","-5","1"
"25083","Gallagher","WV","38.077863","-81.37333","-5","1"
"25085","Gauley Bridge","WV","38.176834","-81.19688","-5","1"
"25086","Glasgow","WV","38.214254","-81.42028","-5","1"
"25088","Glen","WV","38.382145","-81.19842","-5","1"
"25090","Glen Ferris","WV","38.149058","-81.21276","-5","1"
"25093","Gordon","WV","37.997105","-81.71704","-5","1"
"25095","Grimms Landing","WV","38.752312","-81.997278","-5","1"
"25102","Handley","WV","38.186707","-81.3639","-5","1"
"25103","Hansford","WV","38.202669","-81.39427","-5","1"
"25106","Henderson","WV","38.805615","-82.11034","-5","1"
"25107","Hernshaw","WV","38.211477","-81.60468","-5","1"
"25108","Hewett","WV","37.960963","-81.85261","-5","1"
"25109","Hometown","WV","38.526637","-81.85738","-5","1"
"25110","Hugheston","WV","38.212287","-81.34327","-5","1"
"25111","Indore","WV","38.391188","-81.16398","-5","1"
"25112","Institute","WV","38.282497","-81.56514","-5","1"
"25113","Ivydale","WV","38.557141","-81.03747","-5","1"
"25114","Jeffrey","WV","37.978787","-81.81354","-5","1"
"25115","Kanawha Falls","WV","38.136263","-81.20064","-5","1"
"25118","Kimberly","WV","38.135059","-81.30312","-5","1"
"25119","Kincaid","WV","38.024108","-81.28534","-5","1"
"25121","Lake","WV","37.929438","-81.90109","-5","1"
"25122","Leewood","WV","38.296818","-81.554655","-5","1"
"25123","Leon","WV","38.743247","-81.90281","-5","1"
"25124","Liberty","WV","38.619376","-81.76361","-5","1"
"25125","Lizemores","WV","38.323058","-81.19769","-5","1"
"25126","London","WV","38.186871","-81.35285","-5","1"
"25130","Madison","WV","38.038145","-81.79154","-5","1"
"25132","Mammoth","WV","38.293438","-81.34526","-5","1"
"25133","Maysel","WV","38.485889","-81.13105","-5","1"
"25134","Miami","WV","38.153818","-81.44962","-5","1"
"25136","Montgomery","WV","38.175742","-81.33047","-5","1"
"25139","Mount Carbon","WV","38.143496","-81.29088","-5","1"
"25140","Naoma","WV","37.883223","-81.48001","-5","1"
"25141","Nebo","WV","38.642203","-81.03691","-5","1"
"25142","Nellis","WV","37.997105","-81.71704","-5","1"
"25143","Nitro","WV","38.417852","-81.8321","-5","1"
"25147","Ohley","WV","38.296818","-81.554655","-5","1"
"25148","Orgas","WV","38.04358","-81.57171","-5","1"
"25149","Ottawa","WV","37.957458","-81.81583","-5","1"
"25150","Ovapa","WV","38.504506","-81.15739","-5","1"
"25152","Page","WV","38.052957","-81.26966","-5","1"
"25154","Peytona","WV","38.136987","-81.70112","-5","1"
"25156","Pinch","WV","38.401962","-81.461063","-5","1"
"25159","Poca","WV","38.49008","-81.79515","-5","1"
"25160","Pond Gap","WV","38.317053","-81.29336","-5","1"
"25161","Powellton","WV","38.084773","-81.31241","-5","1"
"25162","Pratt","WV","38.209912","-81.38475","-5","1"
"25164","Procious","WV","38.48444","-81.19156","-5","1"
"25165","Racine","WV","38.140732","-81.66005","-5","1"
"25168","Red House","WV","38.547027","-81.88002","-5","1"
"25169","Ridgeview","WV","38.18125","-81.77755","-5","1"
"25173","Robson","WV","38.072309","-81.2457","-5","1"
"25174","Rock Creek","WV","37.850007","-81.4451","-5","1"
"25177","Saint Albans","WV","38.378841","-81.82633","-5","1"
"25180","Saxon","WV","37.793057","-81.384755","-5","1"
"25181","Seth","WV","38.069687","-81.62346","-5","1"
"25182","Sharon","WV","38.296818","-81.554655","-5","1"
"25183","Sharples","WV","37.909119","-81.83666","-5","1"
"25185","Mount Olive","WV","38.041293","-81.064784","-5","1"
"25186","Smithers","WV","38.176382","-81.30575","-5","1"
"25187","Southside","WV","38.72218","-82.02759","-5","1"
"25193","Sylvester","WV","38.018753","-81.55106","-5","1"
"25201","Tad","WV","38.296818","-81.554655","-5","1"
"25202","Tornado","WV","38.327452","-81.84485","-5","1"
"25203","Turtle Creek","WV","37.986266","-81.942704","-5","1"
"25204","Twilight","WV","37.898585","-81.60628","-5","1"
"25205","Uneeda","WV","38.021082","-81.7733","-5","1"
"25206","Van","WV","37.972887","-81.71468","-5","1"
"25208","Wharton","WV","37.887883","-81.67191","-5","1"
"25209","Whitesville","WV","37.978232","-81.53288","-5","1"
"25211","Widen","WV","38.462053","-80.86627","-5","1"
"25213","Winfield","WV","38.509445","-81.90578","-5","1"
"25214","Winifrede","WV","38.19411","-81.54396","-5","1"
"25231","Advent","WV","38.597265","-81.57934","-5","1"
"25234","Arnoldsburg","WV","38.806907","-81.12827","-5","1"
"25235","Chloe","WV","38.661766","-81.07615","-5","1"
"25239","Cottageville","WV","38.851872","-81.84501","-5","1"
"25241","Evans","WV","38.792125","-81.80117","-5","1"
"25243","Gandeeville","WV","38.665227","-81.47783","-5","1"
"25244","Gay","WV","38.770723","-81.55043","-5","1"
"25245","Given","WV","38.698253","-81.75416","-5","1"
"25247","Hartford","WV","39.005918","-81.99083","-5","1"
"25248","Kenna","WV","38.631892","-81.62048","-5","1"
"25250","Lakin","WV","38.752312","-81.997278","-5","1"
"25251","Left Hand","WV","38.618255","-81.22913","-5","1"
"25252","Le Roy","WV","38.884","-81.53807","-5","1"
"25253","Letart","WV","38.923595","-81.97414","-5","1"
"25256","Linden","WV","38.731737","-81.314633","-5","1"
"25258","Lockney","WV","38.913649","-80.831256","-5","1"
"25259","Looneyville","WV","38.679327","-81.27334","-5","1"
"25260","Mason","WV","39.017309","-82.03031","-5","1"
"25261","Millstone","WV","38.835085","-81.10284","-5","1"
"25262","Millwood","WV","38.906099","-81.83274","-5","1"
"25264","Mount Alto","WV","38.853643","-81.8985","-5","1"
"25265","New Haven","WV","38.988059","-81.96731","-5","1"
"25266","Newton","WV","38.585331","-81.17428","-5","1"
"25267","Normantown","WV","38.849663","-80.96569","-5","1"
"25268","Orma","WV","38.73796","-81.09478","-5","1"
"25270","Reedy","WV","38.879098","-81.42115","-5","1"
"25271","Ripley","WV","38.803814","-81.70763","-5","1"
"25275","Sandyville","WV","38.926713","-81.6196","-5","1"
"25276","Spencer","WV","38.780168","-81.34244","-5","1"
"25279","Statts Mills","WV","38.732716","-81.61753","-5","1"
"25281","Tariff","WV","38.682668","-81.18846","-5","1"
"25283","Valley Fork","WV","38.536815","-81.12623","-5","1"
"25285","Wallback","WV","38.566365","-81.12923","-5","1"
"25286","Walton","WV","38.617139","-81.39537","-5","1"
"25287","West Columbia","WV","38.950609","-82.0603","-5","1"
"25301","Charleston","WV","38.350647","-81.63028","-5","1"
"25302","Charleston","WV","38.375397","-81.62367","-5","1"
"25303","Charleston","WV","38.362374","-81.6863","-5","1"
"25304","Charleston","WV","38.313411","-81.58564","-5","1"
"25305","Charleston","WV","38.335798","-81.612344","-5","1"
"25306","Charleston","WV","38.310827","-81.53106","-5","1"
"25309","Charleston","WV","38.329768","-81.73418","-5","1"
"25311","Charleston","WV","38.351204","-81.58198","-5","1"
"25312","Charleston","WV","38.414155","-81.66166","-5","1"
"25313","Charleston","WV","38.425721","-81.76168","-5","1"
"25314","Charleston","WV","38.335969","-81.66084","-5","1"
"25315","Charleston","WV","38.23753","-81.55661","-5","1"
"25317","Charleston","WV","38.335647","-81.613794","-5","1"
"25320","Charleston","WV","38.530623","-81.62565","-5","1"
"25321","Charleston","WV","38.296818","-81.554655","-5","1"
"25322","Charleston","WV","38.534661","-81.56035","-5","1"
"25323","Charleston","WV","38.296818","-81.554655","-5","1"
"25324","Charleston","WV","38.296818","-81.554655","-5","1"
"25325","Charleston","WV","38.296818","-81.554655","-5","1"
"25326","Charleston","WV","38.296818","-81.554655","-5","1"
"25327","Charleston","WV","38.296818","-81.554655","-5","1"
"25328","Charleston","WV","38.296818","-81.554655","-5","1"
"25329","Charleston","WV","38.296818","-81.554655","-5","1"
"25330","Charleston","WV","38.296818","-81.554655","-5","1"
"25331","Charleston","WV","38.296818","-81.554655","-5","1"
"25332","Charleston","WV","38.296818","-81.554655","-5","1"
"25333","Charleston","WV","38.296818","-81.554655","-5","1"
"25334","Charleston","WV","38.296818","-81.554655","-5","1"
"25335","Charleston","WV","38.296818","-81.554655","-5","1"
"25336","Charleston","WV","38.296818","-81.554655","-5","1"
"25337","Charleston","WV","38.296818","-81.554655","-5","1"
"25338","Charleston","WV","38.296818","-81.554655","-5","1"
"25339","Charleston","WV","38.296818","-81.554655","-5","1"
"25350","Charleston","WV","38.296818","-81.554655","-5","1"
"25356","Charleston","WV","38.296818","-81.554655","-5","1"
"25357","Charleston","WV","38.296818","-81.554655","-5","1"
"25358","Charleston","WV","38.296818","-81.554655","-5","1"
"25360","Charleston","WV","38.296818","-81.554655","-5","1"
"25361","Charleston","WV","38.296818","-81.554655","-5","1"
"25362","Charleston","WV","38.296818","-81.554655","-5","1"
"25364","Charleston","WV","38.296818","-81.554655","-5","1"
"25365","Charleston","WV","38.296818","-81.554655","-5","1"
"25375","Charleston","WV","38.296818","-81.554655","-5","1"
"25387","Charleston","WV","38.296818","-81.554655","-5","1"
"25389","Charleston","WV","38.354041","-81.639389","-5","1"
"25392","Charleston","WV","38.296818","-81.554655","-5","1"
"25396","Charleston","WV","38.296818","-81.554655","-5","1"
"25401","Martinsburg","WV","39.463781","-77.95767","-5","1"
"25402","Martinsburg","WV","39.461663","-78.011472","-5","1"
"25410","Bakerton","WV","39.315914","-77.877223","-5","1"
"25411","Berkeley Springs","WV","39.567987","-78.22783","-5","1"
"25413","Bunker Hill","WV","39.323628","-78.04157","-5","1"
"25414","Charles Town","WV","39.279965","-77.86203","-5","1"
"25419","Falling Waters","WV","39.58132","-77.8804","-5","1"
"25420","Gerrardstown","WV","39.379281","-78.12229","-5","1"
"25421","Glengary","WV","39.372769","-78.1676","-5","1"
"25422","Great Cacapon","WV","39.571804","-78.37183","-5","1"
"25423","Halltown","WV","39.315914","-77.877223","-5","1"
"25425","Harpers Ferry","WV","39.272324","-77.77982","-5","1"
"25427","Hedgesville","WV","39.540636","-78.05882","-5","1"
"25428","Inwood","WV","39.368967","-78.02742","-5","1"
"25429","Kearneysville","WV","39.349586","-77.878957","-5","1"
"25430","Kearneysville","WV","39.349476","-77.93415","-5","1"
"25431","Levels","WV","39.50219","-78.55592","-5","1"
"25432","Millville","WV","39.315914","-77.877223","-5","1"
"25434","Paw Paw","WV","39.500633","-78.43726","-5","1"
"25437","Points","WV","39.418178","-78.57871","-5","1"
"25438","Ranson","WV","39.300223","-77.8599","-5","1"
"25440","Ridgeway","WV","39.442661","-78.02628","-5","1"
"25441","Rippon","WV","39.210527","-77.91403","-5","1"
"25442","Shenandoah Junction","WV","39.358159","-77.83296","-5","1"
"25443","Shepherdstown","WV","39.434479","-77.81132","-5","1"
"25444","Slanesville","WV","39.412828","-78.52587","-5","1"
"25446","Summit Point","WV","39.247155","-77.95747","-5","1"
"25501","Alkol","WV","38.169041","-81.92567","-5","1"
"25502","Apple Grove","WV","38.669561","-82.12662","-5","1"
"25503","Ashton","WV","38.613255","-82.12468","-5","1"
"25504","Barboursville","WV","38.391209","-82.28563","-5","1"
"25505","Big Creek","WV","38.009633","-82.04481","-5","1"
"25506","Branchland","WV","38.214232","-82.191","-5","1"
"25507","Ceredo","WV","38.396081","-82.55881","-5","1"
"25508","Chapmanville","WV","37.962522","-82.01954","-5","1"
"25510","Culloden","WV","38.399499","-82.06562","-5","1"
"25511","Dunlow","WV","38.011587","-82.38072","-5","1"
"25512","East Lynn","WV","38.20651","-82.34523","-5","1"
"25514","Fort Gay","WV","38.101664","-82.5456","-5","1"
"25515","Gallipolis Ferry","WV","38.764623","-82.16003","-5","1"
"25517","Genoa","WV","38.116605","-82.46238","-5","1"
"25519","Glenhayes","WV","38.132114","-82.418277","-5","1"
"25520","Glenwood","WV","38.558344","-82.17149","-5","1"
"25521","Griffithsville","WV","38.238045","-81.98991","-5","1"
"25523","Hamlin","WV","38.280976","-82.08584","-5","1"
"25524","Harts","WV","38.02644","-82.1086","-5","1"
"25526","Hurricane","WV","38.427011","-81.9896","-5","1"
"25529","Julian","WV","38.152035","-81.84153","-5","1"
"25530","Kenova","WV","38.385975","-82.57461","-5","1"
"25534","Kiahsville","WV","38.082632","-82.27115","-5","1"
"25535","Lavalette","WV","38.30329","-82.44551","-5","1"
"25537","Lesage","WV","38.534701","-82.27982","-5","1"
"25540","Midkiff","WV","38.159971","-82.12506","-5","1"
"25541","Milton","WV","38.440316","-82.13535","-5","1"
"25543","Shepherdstown","WV","39.43028","-77.807994","-5","1"
"25544","Myra","WV","38.219991","-82.11462","-5","1"
"25545","Ona","WV","38.44068","-82.22311","-5","1"
"25547","Pecks Mill","WV","37.925145","-81.95826","-5","1"
"25550","Point Pleasant","WV","38.87018","-82.10751","-5","1"
"25555","Prichard","WV","38.238942","-82.58178","-5","1"
"25557","Ranger","WV","38.106001","-82.15143","-5","1"
"25559","Salt Rock","WV","38.324409","-82.22242","-5","1"
"25560","Scott Depot","WV","38.446225","-81.90315","-5","1"
"25562","Shoals","WV","38.343176","-82.490494","-5","1"
"25564","Sod","WV","38.268079","-81.88769","-5","1"
"25565","Spurlockville","WV","38.106045","-81.99598","-5","1"
"25567","Sumerco","WV","38.219996","-81.85414","-5","1"
"25569","Teays","WV","38.475369","-81.880455","-5","1"
"25570","Wayne","WV","38.225065","-82.43909","-5","1"
"25571","West Hamlin","WV","38.290859","-82.17566","-5","1"
"25572","Woodville","WV","38.187456","-81.901236","-5","1"
"25573","Yawkey","WV","38.229352","-81.94543","-5","1"
"25601","Logan","WV","37.833826","-82.00011","-5","1"
"25606","Accoville","WV","37.75979","-81.82027","-5","1"
"25607","Amherstdale","WV","37.788146","-81.80248","-5","1"
"25608","Baisden","WV","37.55612","-81.92315","-5","1"
"25611","Bruno","WV","37.690439","-81.85711","-5","1"
"25612","Chauncey","WV","37.76662","-81.98755","-5","1"
"25614","Cora","WV","37.833204","-81.902401","-5","1"
"25617","Davin","WV","37.733955","-81.81897","-5","1"
"25621","Gilbert","WV","37.625805","-81.90186","-5","1"
"25623","Hampden","WV","37.743063","-82.10801","-5","1"
"25624","Henlawson","WV","37.904732","-81.9827","-5","1"
"25625","Holden","WV","37.827404","-82.06382","-5","1"
"25628","Kistler","WV","37.757905","-81.85517","-5","1"
"25630","Lorado","WV","37.80126","-81.70802","-5","1"
"25631","Amherstdale-Robinette","WV","37.790435","-81.784532","-5","1"
"25632","Lyburn","WV","37.779196","-81.91651","-5","1"
"25634","Mallory","WV","37.72738","-81.84577","-5","1"
"25635","Man","WV","37.729265","-81.87853","-5","1"
"25636","Monaville","WV","37.808757","-81.99433","-5","1"
"25637","Mount Gay","WV","37.849418","-82.02174","-5","1"
"25638","Omar","WV","37.734818","-82.01452","-5","1"
"25639","Peach Creek","WV","37.878311","-81.96519","-5","1"
"25644","Sarah Ann","WV","37.688162","-81.98826","-5","1"
"25645","Stirrat","WV","37.833204","-81.902401","-5","1"
"25646","Stollings","WV","37.837136","-81.95921","-5","1"
"25647","Switzer","WV","37.793612","-81.98738","-5","1"
"25649","Verdunville","WV","37.852728","-82.06678","-5","1"
"25650","Verner","WV","37.686815","-81.81441","-5","1"
"25651","Wharncliffe","WV","37.555503","-81.96819","-5","1"
"25652","Whitman","WV","37.800168","-82.03943","-5","1"
"25653","Wilkinson","WV","37.828926","-81.99936","-5","1"
"25654","Yolyn","WV","37.801671","-81.87113","-5","1"
"25661","Williamson","WV","37.705144","-82.26827","-5","1"
"25665","Borderland","WV","37.714369","-82.30873","-5","1"
"25666","Breeden","WV","37.924415","-82.27394","-5","1"
"25667","Chattaroy","WV","37.703827","-82.27824","-5","1"
"25669","Crum","WV","37.938427","-82.4254","-5","1"
"25670","Delbarton","WV","37.705946","-82.14416","-5","1"
"25671","Dingess","WV","37.863118","-82.21671","-5","1"
"25672","Edgarton","WV","37.570813","-82.13578","-5","1"
"25674","Kermit","WV","37.860845","-82.37574","-5","1"
"25676","Lenore","WV","37.818843","-82.27267","-5","1"
"25678","Matewan","WV","37.617949","-82.16397","-5","1"
"25682","Meador","WV","37.583945","-82.04459","-5","1"
"25685","Naugatuck","WV","37.786897","-82.34373","-5","1"
"25686","Newtown","WV","37.743063","-82.10801","-5","1"
"25687","Nolan","WV","37.743063","-82.10801","-5","1"
"25688","North Matewan","WV","37.627833","-82.14774","-5","1"
"25690","Ragland","WV","37.743063","-82.10801","-5","1"
"25691","Rawl","WV","37.643043","-82.21701","-5","1"
"25692","Red Jacket","WV","37.640357","-82.13265","-5","1"
"25694","Thacker","WV","37.743063","-82.10801","-5","1"
"25696","Varney","WV","37.669222","-82.12599","-5","1"
"25697","Vulcan","WV","37.743063","-82.10801","-5","1"
"25699","Wilsondale","WV","37.966899","-82.29414","-5","1"
"25701","Huntington","WV","38.403511","-82.43904","-5","1"
"25702","Huntington","WV","38.431116","-82.37019","-5","1"
"25703","Huntington","WV","38.421443","-82.41924","-5","1"
"25704","Huntington","WV","38.386966","-82.49609","-5","1"
"25705","Huntington","WV","38.410745","-82.36995","-5","1"
"25706","Huntington","WV","38.413384","-82.277401","-5","1"
"25707","Huntington","WV","38.413384","-82.277401","-5","1"
"25708","Huntington","WV","38.413384","-82.277401","-5","1"
"25709","Huntington","WV","38.132114","-82.418277","-5","1"
"25710","Huntington","WV","38.413384","-82.277401","-5","1"
"25711","Huntington","WV","38.413384","-82.277401","-5","1"
"25712","Huntington","WV","38.413384","-82.277401","-5","1"
"25713","Huntington","WV","38.413384","-82.277401","-5","1"
"25714","Huntington","WV","38.413384","-82.277401","-5","1"
"25715","Huntington","WV","38.413384","-82.277401","-5","1"
"25716","Huntington","WV","38.413384","-82.277401","-5","1"
"25717","Huntington","WV","38.413384","-82.277401","-5","1"
"25718","Huntington","WV","38.413384","-82.277401","-5","1"
"25719","Huntington","WV","38.413384","-82.277401","-5","1"
"25720","Huntington","WV","38.413384","-82.277401","-5","1"
"25721","Huntington","WV","38.413384","-82.277401","-5","1"
"25722","Huntington","WV","38.413384","-82.277401","-5","1"
"25723","Huntington","WV","38.413384","-82.277401","-5","1"
"25724","Huntington","WV","38.413384","-82.277401","-5","1"
"25725","Huntington","WV","38.413384","-82.277401","-5","1"
"25726","Huntington","WV","38.413384","-82.277401","-5","1"
"25727","Huntington","WV","38.413384","-82.277401","-5","1"
"25728","Huntington","WV","38.413384","-82.277401","-5","1"
"25729","Huntington","WV","38.413384","-82.277401","-5","1"
"25755","Huntington","WV","38.422115","-82.431667","-5","1"
"25770","Huntington","WV","38.413384","-82.277401","-5","1"
"25771","Huntington","WV","38.413384","-82.277401","-5","1"
"25772","Huntington","WV","38.413384","-82.277401","-5","1"
"25773","Huntington","WV","38.413384","-82.277401","-5","1"
"25774","Huntington","WV","38.413384","-82.277401","-5","1"
"25775","Huntington","WV","38.413384","-82.277401","-5","1"
"25776","Huntington","WV","38.413384","-82.277401","-5","1"
"25777","Huntington","WV","38.413384","-82.277401","-5","1"
"25778","Huntington","WV","38.413384","-82.277401","-5","1"
"25779","Huntington","WV","38.413384","-82.277401","-5","1"
"25801","Beckley","WV","37.79064","-81.19958","-5","1"
"25802","Beckley","WV","37.748935","-81.224458","-5","1"
"25810","Allen Junction","WV","37.603344","-81.53998","-5","1"
"25811","Amigo","WV","37.603344","-81.53998","-5","1"
"25812","Ansted","WV","38.138419","-81.10403","-5","1"
"25813","Beaver","WV","37.754656","-81.11304","-5","1"
"25816","Blue Jay","WV","37.735161","-81.136328","-5","1"
"25817","Bolt","WV","37.77672","-81.41377","-5","1"
"25818","Bradley","WV","37.865746","-81.19244","-5","1"
"25820","Camp Creek","WV","37.504558","-81.11622","-5","1"
"25823","Coal City","WV","37.679582","-81.20968","-5","1"
"25825","Cool Ridge","WV","37.648813","-81.11241","-5","1"
"25826","Corinne","WV","37.577807","-81.35319","-5","1"
"25827","Crab Orchard","WV","37.733391","-81.23769","-5","1"
"25831","Danese","WV","37.950115","-80.92051","-5","1"
"25832","Daniels","WV","37.728559","-81.10364","-5","1"
"25833","Dothan","WV","38.041293","-81.064784","-5","1"
"25836","Eccles","WV","37.777391","-81.26443","-5","1"
"25837","Edmond","WV","38.048578","-81.03387","-5","1"
"25839","Fairdale","WV","37.776961","-81.36179","-5","1"
"25840","Fayetteville","WV","38.059415","-81.11208","-5","1"
"25841","Flat Top","WV","37.557975","-81.09537","-5","1"
"25843","Ghent","WV","37.618115","-81.10724","-5","1"
"25844","Glen Daniel","WV","37.802995","-81.36495","-5","1"
"25845","Glen Fork","WV","37.687988","-81.5314","-5","1"
"25846","Glen Jean","WV","37.927809","-81.15174","-5","1"
"25847","Glen Morgan","WV","37.72329","-81.17444","-5","1"
"25848","Glen Rogers","WV","37.714713","-81.41815","-5","1"
"25849","Glen White","WV","37.731521","-81.28108","-5","1"
"25851","Harper","WV","37.802469","-81.282759","-5","1"
"25853","Helen","WV","37.63215","-81.31644","-5","1"
"25854","Hico","WV","38.128245","-80.99151","-5","1"
"25855","Hilltop","WV","37.94251","-81.14995","-5","1"
"25856","Jonben","WV","37.653792","-81.18833","-5","1"
"25857","Josephine","WV","37.625307","-81.25093","-5","1"
"25859","Kilsyth","WV","38.041293","-81.064784","-5","1"
"25860","Lanark","WV","37.748935","-81.224458","-5","1"
"25862","Lansing","WV","38.079509","-81.06238","-5","1"
"25864","Layland","WV","37.906682","-80.99175","-5","1"
"25865","Lester","WV","37.737104","-81.32536","-5","1"
"25866","Lochgelly","WV","38.007725","-81.1391","-5","1"
"25868","Lookout","WV","38.073479","-80.9522","-5","1"
"25870","Maben","WV","37.67337","-81.42001","-5","1"
"25871","Mabscott","WV","37.771364","-81.2093","-5","1"
"25873","Mac Arthur","WV","37.7517","-81.214825","-5","1"
"25875","McGraws","WV","37.68344","-81.44608","-5","1"
"25876","Saulsville","WV","37.603344","-81.53998","-5","1"
"25878","Midway","WV","37.715335","-81.24131","-5","1"
"25879","Minden","WV","37.980561","-81.10208","-5","1"
"25880","Mount Hope","WV","37.88169","-81.19273","-5","1"
"25882","Mullens","WV","37.596209","-81.38193","-5","1"
"25898","Shady Spring","WV","37.698351","-81.081333","-5","1"
"25901","Oak Hill","WV","37.982775","-81.14533","-5","1"
"25902","Odd","WV","37.589172","-81.2324","-5","1"
"25904","Pax","WV","37.935699","-81.26724","-5","1"
"25906","Piney View","WV","37.837573","-81.128631","-5","1"
"25907","Prince","WV","37.855763","-81.06673","-5","1"
"25908","Princewick","WV","37.663234","-81.23911","-5","1"
"25909","Prosperity","WV","37.837706","-81.19722","-5","1"
"25911","Raleigh","WV","37.758469","-81.167549","-5","1"
"25912","Ramsey","WV","38.041293","-81.064784","-5","1"
"25913","Ravencliff","WV","37.699568","-81.48138","-5","1"
"25914","Redstar","WV","38.041293","-81.064784","-5","1"
"25915","Rhodell","WV","37.608562","-81.3019","-5","1"
"25916","Sabine","WV","37.677563","-81.50071","-5","1"
"25917","Scarbro","WV","37.964622","-81.21634","-5","1"
"25918","Shady Spring","WV","37.712469","-81.00561","-5","1"
"25919","Skelton","WV","37.800481","-81.180561","-5","1"
"25920","Slab Fork","WV","37.683749","-81.34359","-5","1"
"25921","Sophia","WV","37.70708","-81.26263","-5","1"
"25922","Spanishburg","WV","37.467516","-81.11672","-5","1"
"25926","Sprague","WV","37.787252","-81.195122","-5","1"
"25927","Stanaford","WV","37.748935","-81.224458","-5","1"
"25928","Stephenson","WV","37.576978","-81.33086","-5","1"
"25931","Summerlee","WV","38.041293","-81.064784","-5","1"
"25932","Surveyor","WV","37.764498","-81.3169","-5","1"
"25934","Terry","WV","37.848955","-81.093678","-5","1"
"25936","Thurmond","WV","37.930061","-81.05964","-5","1"
"25938","Victor","WV","38.151832","-81.05101","-5","1"
"25942","Winona","WV","38.040215","-80.99702","-5","1"
"25943","Wyco","WV","37.603344","-81.53998","-5","1"
"25951","Hinton","WV","37.671295","-80.86867","-5","1"
"25958","Charmco","WV","38.012459","-80.72757","-5","1"
"25961","Crichton","WV","37.975595","-80.426874","-5","1"
"25962","Rainelle","WV","37.966816","-80.7889","-5","1"
"25965","Elton","WV","37.648541","-80.877395","-5","1"
"25966","Green Sulphur Springs","WV","37.798406","-80.77039","-5","1"
"25967","Hines","WV","37.975595","-80.426874","-5","1"
"25969","Jumping Branch","WV","37.630988","-81.00955","-5","1"
"25971","Lerona","WV","37.478519","-80.95735","-5","1"
"25972","Leslie","WV","38.048182","-80.74821","-5","1"
"25976","Meadow Bridge","WV","37.854735","-80.84199","-5","1"
"25977","Meadow Creek","WV","37.808181","-80.92321","-5","1"
"25978","Nimitz","WV","37.645397","-80.92422","-5","1"
"25979","Pipestem","WV","37.49671","-80.91401","-5","1"
"25981","Quinwood","WV","38.07743","-80.72476","-5","1"
"25984","Rupert","WV","37.981358","-80.66798","-5","1"
"25985","Sandstone","WV","37.772844","-80.86438","-5","1"
"25986","Spring Dale","WV","37.878258","-80.80217","-5","1"
"25988","True","WV","37.648541","-80.877395","-5","1"
"25989","White Oak","WV","37.67906","-81.03591","-5","1"
"26003","Wheeling","WV","40.071472","-80.6868","-5","1"
"26030","Beech Bottom","WV","40.219614","-80.65404","-5","1"
"26031","Benwood","WV","40.013637","-80.72744","-5","1"
"26032","Bethany","WV","40.198956","-80.54683","-5","1"
"26033","Cameron","WV","39.81304","-80.58446","-5","1"
"26034","Chester","WV","40.609272","-80.55893","-5","1"
"26035","Colliers","WV","40.352943","-80.55585","-5","1"
"26036","Dallas","WV","39.974547","-80.53003","-5","1"
"26037","Follansbee","WV","40.330969","-80.58889","-5","1"
"26038","Glen Dale","WV","39.951586","-80.74994","-5","1"
"26039","Glen Easton","WV","39.835605","-80.67752","-5","1"
"26040","McMechen","WV","39.987177","-80.73048","-5","1"
"26041","Moundsville","WV","39.912923","-80.73701","-5","1"
"26047","New Cumberland","WV","40.519953","-80.58925","-5","1"
"26050","Newell","WV","40.616853","-80.60454","-5","1"
"26055","Proctor","WV","39.768143","-80.79867","-5","1"
"26056","New Manchester","WV","40.5323","-80.57999","-5","1"
"26058","Short Creek","WV","40.27932","-80.599949","-5","1"
"26059","Triadelphia","WV","40.063895","-80.6091","-5","1"
"26060","Valley Grove","WV","40.104818","-80.54634","-5","1"
"26062","Weirton","WV","40.412067","-80.57542","-5","1"
"26070","Wellsburg","WV","40.266698","-80.59709","-5","1"
"26074","West Liberty","WV","40.167471","-80.59377","-5","1"
"26075","Windsor Heights","WV","40.190886","-80.66613","-5","1"
"26101","Parkersburg","WV","39.265408","-81.53706","-5","1"
"26102","Parkersburg","WV","39.218276","-81.497865","-5","1"
"26103","Parkersburg","WV","39.236427","-81.540501","-5","1"
"26104","Parkersburg","WV","39.285724","-81.52639","-5","1"
"26105","Vienna","WV","39.323907","-81.54206","-5","1"
"26106","Parkersburg","WV","39.218276","-81.497865","-5","1"
"26120","Mineral Wells","WV","39.218276","-81.497865","-5","1"
"26121","Mineral Wells","WV","39.218276","-81.497865","-5","1"
"26133","Belleville","WV","39.122989","-81.68365","-5","1"
"26134","Belmont","WV","39.374773","-81.27886","-5","1"
"26135","Bens Run","WV","39.450612","-80.870081","-5","1"
"26136","Big Bend","WV","38.977792","-81.13917","-5","1"
"26137","Big Springs","WV","38.991483","-81.06772","-5","1"
"26138","Brohard","WV","39.03594","-81.18787","-5","1"
"26141","Creston","WV","38.939317","-81.24459","-5","1"
"26142","Davisville","WV","39.2059","-81.46549","-5","1"
"26143","Elizabeth","WV","39.070067","-81.40762","-5","1"
"26145","Pennsboro","WV","39.288336","-80.968967","-5","1"
"26146","Friendly","WV","39.462447","-81.05091","-5","1"
"26147","Grantsville","WV","38.911018","-81.07278","-5","1"
"26148","Macfarlan","WV","39.065862","-81.18722","-5","1"
"26149","Middlebourne","WV","39.481247","-80.87533","-5","1"
"26150","Mineral Wells","WV","39.162229","-81.53788","-5","1"
"26151","Mount Zion","WV","38.885826","-81.16885","-5","1"
"26152","Munday","WV","38.988098","-81.20721","-5","1"
"26155","New Martinsville","WV","39.646099","-80.83465","-5","1"
"26159","Paden City","WV","39.604088","-80.93276","-5","1"
"26160","Palestine","WV","38.971224","-81.40218","-5","1"
"26161","Petroleum","WV","39.173299","-81.25595","-5","1"
"26162","Porters Falls","WV","39.576419","-80.77211","-5","1"
"26164","Ravenswood","WV","38.977445","-81.72789","-5","1"
"26167","Reader","WV","39.550395","-80.71163","-5","1"
"26169","Rockport","WV","39.076628","-81.55299","-5","1"
"26170","Saint Marys","WV","39.370217","-81.17215","-5","1"
"26173","Sherman","WV","38.95192","-81.709496","-5","1"
"26175","Sistersville","WV","39.547803","-80.97408","-5","1"
"26178","Smithville","WV","39.059792","-81.02943","-5","1"
"26180","Walker","WV","39.179485","-81.37836","-5","1"
"26181","Washington","WV","39.220948","-81.66508","-5","1"
"26184","Waverly","WV","39.306083","-81.36639","-5","1"
"26186","Wileyville","WV","39.619007","-80.61225","-5","1"
"26187","Williamstown","WV","39.387718","-81.44585","-5","1"
"26201","Buckhannon","WV","38.997267","-80.20915","-5","1"
"26202","Fenwick","WV","38.224393","-80.61391","-5","1"
"26203","Erbacon","WV","38.520078","-80.59518","-5","1"
"26205","Craigsville","WV","38.330842","-80.64803","-5","1"
"26206","Cowen","WV","38.424309","-80.53771","-5","1"
"26208","Camden On Gauley","WV","38.364123","-80.5902","-5","1"
"26209","Snowshoe","WV","38.422376","-79.99344","-5","1"
"26210","Adrian","WV","38.900064","-80.26795","-5","1"
"26215","Cleveland","WV","38.716238","-80.39927","-5","1"
"26217","Diana","WV","38.60286","-80.4595","-5","1"
"26218","French Creek","WV","38.857567","-80.27872","-5","1"
"26219","Frenchton","WV","38.899314","-80.226855","-5","1"
"26222","Hacker Valley","WV","38.663739","-80.39794","-5","1"
"26224","Helvetia","WV","38.735363","-80.18033","-5","1"
"26228","Kanawha Head","WV","38.753031","-80.38231","-5","1"
"26229","Lorentz","WV","38.899314","-80.226855","-5","1"
"26230","Pickens","WV","38.66362","-80.24361","-5","1"
"26234","Rock Cave","WV","38.792214","-80.3159","-5","1"
"26236","Selbyville","WV","38.752157","-80.23537","-5","1"
"26237","Tallmansville","WV","38.854653","-80.15531","-5","1"
"26238","Volga","WV","39.091657","-80.1442","-5","1"
"26241","Elkins","WV","38.920042","-79.8446","-5","1"
"26250","Belington","WV","39.032644","-79.95295","-5","1"
"26253","Beverly","WV","38.827205","-79.89057","-5","1"
"26254","Bowden","WV","38.918159","-79.63227","-5","1"
"26257","Coalton","WV","38.916124","-80.00221","-5","1"
"26259","Dailey","WV","38.798094","-79.89941","-5","1"
"26260","Davis","WV","39.101535","-79.43805","-5","1"
"26261","Richwood","WV","38.224781","-80.5425","-5","1"
"26263","Dryfork","WV","38.992079","-79.40533","-5","1"
"26264","Durbin","WV","38.55181","-79.83449","-5","1"
"26266","Upperglade","WV","38.41012","-80.49595","-5","1"
"26267","Ellamore","WV","38.912609","-80.07907","-5","1"
"26268","Glady","WV","38.780919","-79.74674","-5","1"
"26269","Hambleton","WV","39.097545","-79.63848","-5","1"
"26270","Harman","WV","38.915141","-79.53066","-5","1"
"26271","Hendricks","WV","39.042297","-79.60611","-5","1"
"26273","Huttonsville","WV","38.671662","-79.98029","-5","1"
"26275","Junior","WV","38.97639","-79.95201","-5","1"
"26276","Kerens","WV","39.019639","-79.74614","-5","1"
"26278","Mabie","WV","38.861656","-80.00402","-5","1"
"26280","Mill Creek","WV","38.736144","-80","-5","1"
"26282","Monterville","WV","38.518735","-80.14368","-5","1"
"26283","Montrose","WV","39.067689","-79.82219","-5","1"
"26285","Norton","WV","38.934414","-79.96518","-5","1"
"26287","Parsons","WV","39.141165","-79.67466","-5","1"
"26288","Webster Springs","WV","38.484777","-80.38023","-5","1"
"26289","Red Creek","WV","38.99095","-79.50217","-5","1"
"26291","Slatyfork","WV","38.444873","-80.09781","-5","1"
"26292","Thomas","WV","39.149624","-79.5003","-5","1"
"26293","Valley Bend","WV","38.758699","-79.91798","-5","1"
"26294","Valley Head","WV","38.52061","-80.03629","-5","1"
"26296","Whitmer","WV","38.810555","-79.54723","-5","1"
"26298","Bergoo","WV","38.480062","-80.29679","-5","1"
"26301","Clarksburg","WV","39.281289","-80.34348","-5","1"
"26302","Clarksburg","WV","39.26277","-80.30858","-5","1"
"26306","Clarksburg","WV","39.285204","-80.385344","-5","1"
"26320","Alma","WV","39.41849","-80.80604","-5","1"
"26321","Alum Bridge","WV","39.051863","-80.6844","-5","1"
"26323","Anmoore","WV","39.258328","-80.28798","-5","1"
"26325","Auburn","WV","39.095644","-80.86182","-5","1"
"26327","Berea","WV","39.122023","-80.95448","-5","1"
"26328","Blandville","WV","39.270846","-80.719742","-5","1"
"26330","Bridgeport","WV","39.296499","-80.24199","-5","1"
"26332","Bristol","WV","39.286975","-80.50197","-5","1"
"26333","Burnsville","WV","38.859246","-80.657019","-5","1"
"26334","Brownton","WV","39.220701","-80.15881","-5","1"
"26335","Burnsville","WV","38.856879","-80.66528","-5","1"
"26337","Cairo","WV","39.228729","-81.16135","-5","1"
"26338","Camden","WV","39.09666","-80.62283","-5","1"
"26339","Center Point","WV","39.42039","-80.60204","-5","1"
"26342","Coxs Mills","WV","39.018602","-80.85231","-5","1"
"26343","Crawford","WV","38.85389","-80.40589","-5","1"
"26346","Ellenboro","WV","39.270902","-81.06189","-5","1"
"26347","Flemington","WV","39.258358","-80.12604","-5","1"
"26348","Folsom","WV","39.472363","-80.5275","-5","1"
"26349","Galloway","WV","39.226574","-80.08514","-5","1"
"26350","Gilmer","WV","38.913649","-80.831256","-5","1"
"26351","Glenville","WV","38.939952","-80.84886","-5","1"
"26354","Grafton","WV","39.343418","-80.02665","-5","1"
"26361","Gypsy","WV","39.368814","-80.31872","-5","1"
"26362","Harrisville","WV","39.171784","-81.05325","-5","1"
"26366","Haywood","WV","39.380098","-80.33785","-5","1"
"26369","Hepzibah","WV","39.328064","-80.33566","-5","1"
"26372","Horner","WV","38.969579","-80.36881","-5","1"
"26374","Independence","WV","39.436084","-79.87873","-5","1"
"26375","Industrial","WV","39.279818","-80.575379","-5","1"
"26376","Ireland","WV","38.766855","-80.46172","-5","1"
"26377","Jacksonburg","WV","39.485593","-80.64053","-5","1"
"26378","Jane Lew","WV","39.106153","-80.42691","-5","1"
"26384","Linn","WV","38.983677","-80.70654","-5","1"
"26385","Lost Creek","WV","39.163304","-80.35527","-5","1"
"26386","Lumberport","WV","39.378137","-80.3709","-5","1"
"26404","Meadowbrook","WV","39.344303","-80.31744","-5","1"
"26405","Moatsville","WV","39.230125","-79.89397","-5","1"
"26407","Mountain","WV","39.198501","-81.068913","-5","1"
"26408","Mount Clare","WV","39.205852","-80.29416","-5","1"
"26410","Newburg","WV","39.39905","-79.82996","-5","1"
"26411","New Milton","WV","39.185707","-80.71039","-5","1"
"26412","Orlando","WV","38.891517","-80.5648","-5","1"
"26415","Pennsboro","WV","39.294877","-80.96009","-5","1"
"26416","Philippi","WV","39.155551","-80.02419","-5","1"
"26419","Pine Grove","WV","39.551892","-80.67076","-5","1"
"26421","Pullman","WV","39.183473","-80.92668","-5","1"
"26422","Reynoldsville","WV","39.285303","-80.44628","-5","1"
"26424","Rosemont","WV","39.268207","-80.1652","-5","1"
"26425","Rowlesburg","WV","39.320034","-79.68442","-5","1"
"26426","Salem","WV","39.284467","-80.57219","-5","1"
"26430","Sand Fork","WV","38.891042","-80.74656","-5","1"
"26431","Shinnston","WV","39.392285","-80.28438","-5","1"
"26434","Shirley","WV","39.450612","-80.870081","-5","1"
"26435","Simpson","WV","39.266262","-80.09206","-5","1"
"26436","Smithburg","WV","39.287254","-80.73186","-5","1"
"26437","Smithfield","WV","39.513468","-80.53196","-5","1"
"26438","Spelter","WV","39.346726","-80.31889","-5","1"
"26440","Thornton","WV","39.329797","-79.90371","-5","1"
"26443","Troy","WV","39.080329","-80.76956","-5","1"
"26444","Tunnelton","WV","39.377589","-79.76428","-5","1"
"26447","Walkersville","WV","38.881069","-80.47432","-5","1"
"26448","Wallace","WV","39.407957","-80.48869","-5","1"
"26451","West Milford","WV","39.204169","-80.40294","-5","1"
"26452","Weston","WV","39.04101","-80.47731","-5","1"
"26456","West Union","WV","39.293095","-80.77811","-5","1"
"26461","Wilsonburg","WV","39.285204","-80.385344","-5","1"
"26462","Weston","WV","39.03525","-80.467765","-5","1"
"26463","Wyatt","WV","39.440245","-80.35233","-5","1"
"26501","Morgantown","WV","39.628475","-79.98796","-5","1"
"26502","Morgantown","WV","39.625302","-79.967184","-5","1"
"26503","Morgantown","WV","39.636606","-79.895639","-5","1"
"26504","Morgantown","WV","39.578512","-80.093007","-5","1"
"26505","Morgantown","WV","39.646497","-79.95154","-5","1"
"26506","Morgantown","WV","39.645276","-79.962669","-5","1"
"26507","Morgantown","WV","39.680786","-79.836473","-5","1"
"26508","Morgantown","WV","39.61098","-79.89947","-5","1"
"26519","Albright","WV","39.539088","-79.63241","-5","1"
"26520","Arthurdale","WV","39.497676","-79.82003","-5","1"
"26521","Blacksville","WV","39.718922","-80.21137","-5","1"
"26522","Booth","WV","39.578512","-80.093007","-5","1"
"26524","Bretz","WV","39.458091","-79.688154","-5","1"
"26525","Bruceton Mills","WV","39.646876","-79.59847","-5","1"
"26527","Cassville","WV","39.578512","-80.093007","-5","1"
"26529","Core","WV","39.68903","-80.14113","-5","1"
"26531","Dellslow","WV","39.607447","-79.89012","-5","1"
"26533","Everettville","WV","39.578512","-80.093007","-5","1"
"26534","Granville","WV","39.646705","-79.98826","-5","1"
"26535","Hazelton","WV","39.458091","-79.688154","-5","1"
"26537","Kingwood","WV","39.472924","-79.69873","-5","1"
"26541","Maidsville","WV","39.69234","-79.97335","-5","1"
"26542","Masontown","WV","39.561031","-79.79533","-5","1"
"26543","Osage","WV","39.660624","-80.0072","-5","1"
"26544","Pentress","WV","39.707009","-80.16451","-5","1"
"26546","Pursglove","WV","39.674575","-80.034965","-5","1"
"26547","Reedsville","WV","39.509001","-79.80521","-5","1"
"26554","Fairmont","WV","39.470949","-80.13936","-5","1"
"26555","Fairmont","WV","39.514343","-80.218538","-5","1"
"26559","Barrackville","WV","39.5017","-80.1664","-5","1"
"26560","Baxter","WV","39.514343","-80.218538","-5","1"
"26561","Big Run","WV","39.575518","-80.666712","-5","1"
"26562","Burton","WV","39.646936","-80.44192","-5","1"
"26563","Carolina","WV","39.480838","-80.27183","-5","1"
"26566","Colfax","WV","39.514343","-80.218538","-5","1"
"26568","Enterprise","WV","39.422397","-80.27564","-5","1"
"26570","Fairview","WV","39.642393","-80.23405","-5","1"
"26571","Farmington","WV","39.513513","-80.25738","-5","1"
"26572","Four States","WV","39.48057","-80.30851","-5","1"
"26574","Grant Town","WV","39.558702","-80.17617","-5","1"
"26575","Hundred","WV","39.696744","-80.43872","-5","1"
"26576","Idamay","WV","39.494727","-80.25872","-5","1"
"26578","Kingmont","WV","39.446631","-80.176171","-5","1"
"26581","Littleton","WV","39.695772","-80.53077","-5","1"
"26582","Mannington","WV","39.527817","-80.3586","-5","1"
"26585","Metz","WV","39.611767","-80.41237","-5","1"
"26586","Montana Mines","WV","39.525505","-80.10866","-5","1"
"26587","Rachel","WV","39.520705","-80.30336","-5","1"
"26588","Rivesville","WV","39.549346","-80.13097","-5","1"
"26589","Wadestown","WV","39.668566","-80.335","-5","1"
"26590","Wana","WV","39.704464","-80.27178","-5","1"
"26591","Worthington","WV","39.452034","-80.27599","-5","1"
"26601","Sutton","WV","38.641439","-80.67497","-5","1"
"26610","Birch River","WV","38.465291","-80.72323","-5","1"
"26611","Cedarville","WV","38.833295","-80.80006","-5","1"
"26612","Centralia","WV","38.620506","-80.586148","-5","1"
"26615","Copen","WV","38.836102","-80.72573","-5","1"
"26617","Dille","WV","38.49119","-80.83069","-5","1"
"26618","Elmira","WV","38.706017","-80.736884","-5","1"
"26619","Exchange","WV","38.788013","-80.73291","-5","1"
"26621","Flatwoods","WV","38.728405","-80.58745","-5","1"
"26623","Frametown","WV","38.653616","-80.86194","-5","1"
"26624","Gassaway","WV","38.704457","-80.79366","-5","1"
"26627","Heaters","WV","38.767682","-80.61266","-5","1"
"26629","Little Birch","WV","38.553898","-80.69864","-5","1"
"26630","Bridgeport","WV","39.280867","-80.249302","-5","1"
"26631","Napier","WV","38.790368","-80.57981","-5","1"
"26634","Perkins","WV","38.786153","-80.91878","-5","1"
"26636","Rosedale","WV","38.74076","-80.9435","-5","1"
"26638","Shock","WV","38.7357","-80.98431","-5","1"
"26639","Strange Creek","WV","38.55291","-80.86928","-5","1"
"26641","Wilsie","WV","38.690755","-80.90285","-5","1"
"26651","Summersville","WV","38.30696","-80.87329","-5","1"
"26656","Belva","WV","38.244559","-81.16153","-5","1"
"26660","Calvin","WV","38.355607","-80.69639","-5","1"
"26662","Canvas","WV","38.245298","-80.75434","-5","1"
"26667","Drennen","WV","38.268633","-80.98148","-5","1"
"26671","Gilboa","WV","38.302121","-80.93549","-5","1"
"26674","Jodie","WV","38.210552","-81.13906","-5","1"
"26675","Keslers Cross Lanes","WV","38.318389","-80.834152","-5","1"
"26676","Leivasy","WV","38.153472","-80.66112","-5","1"
"26678","Mount Lookout","WV","38.15798","-80.91002","-5","1"
"26679","Mount Nebo","WV","38.1755","-80.80897","-5","1"
"26680","Nallen","WV","38.090457","-80.88462","-5","1"
"26681","Nettie","WV","38.218258","-80.70048","-5","1"
"26684","Pool","WV","38.163524","-80.86864","-5","1"
"26690","Swiss","WV","38.243168","-81.10596","-5","1"
"26691","Tioga","WV","38.408153","-80.67026","-5","1"
"26704","Augusta","WV","39.285323","-78.59401","-5","1"
"26705","Aurora","WV","39.327576","-79.54714","-5","1"
"26707","Bayard","WV","39.264409","-79.3654","-5","1"
"26710","Burlington","WV","39.335771","-78.91724","-5","1"
"26711","Capon Bridge","WV","39.293252","-78.47306","-5","1"
"26714","Delray","WV","39.18253","-78.62152","-5","1"
"26716","Eglon","WV","39.261474","-79.50612","-5","1"
"26717","Elk Garden","WV","39.351231","-79.17606","-5","1"
"26719","Fort Ashby","WV","39.497698","-78.76381","-5","1"
"26720","Gormania","WV","39.280652","-79.33844","-5","1"
"26722","Green Spring","WV","39.509416","-78.6438","-5","1"
"26726","Keyser","WV","39.434856","-78.95987","-5","1"
"26731","Lahmansville","WV","39.153987","-79.07088","-5","1"
"26734","Medley","WV","39.070601","-79.233536","-5","1"
"26739","Mount Storm","WV","39.248761","-79.23785","-5","1"
"26743","New Creek","WV","39.291478","-79.07484","-5","1"
"26750","Piedmont","WV","39.476243","-79.04681","-5","1"
"26753","Ridgeley","WV","39.579717","-78.78539","-5","1"
"26755","Rio","WV","39.13957","-78.66841","-5","1"
"26757","Romney","WV","39.321688","-78.74815","-5","1"
"26761","Shanks","WV","39.291196","-78.69317","-5","1"
"26763","Springfield","WV","39.44763","-78.6661","-5","1"
"26764","Terra Alta","WV","39.454805","-79.54326","-5","1"
"26767","Wiley Ford","WV","39.616008","-78.77489","-5","1"
"26801","Baker","WV","39.084895","-78.779","-5","1"
"26802","Brandywine","WV","38.633148","-79.21669","-5","1"
"26804","Circleville","WV","38.626289","-79.53068","-5","1"
"26807","Franklin","WV","38.65585","-79.33975","-5","1"
"26808","High View","WV","39.210787","-78.44261","-5","1"
"26810","Lost City","WV","38.973027","-78.73978","-5","1"
"26812","Mathias","WV","38.878002","-78.88245","-5","1"
"26814","Riverton","WV","38.737991","-79.43087","-5","1"
"26815","Sugar Grove","WV","38.482224","-79.33161","-5","1"
"26817","Bloomery","WV","39.344466","-78.38374","-5","1"
"26818","Fisher","WV","39.068317","-79.01717","-5","1"
"26823","Capon Springs","WV","39.13982","-78.49576","-5","1"
"26824","Junction","WV","39.314071","-78.659428","-5","1"
"26833","Maysville","WV","39.089792","-79.18014","-5","1"
"26836","Moorefield","WV","39.038183","-78.97189","-5","1"
"26838","Milam","WV","38.81801","-79.09107","-5","1"
"26845","Old Fields","WV","39.184315","-78.9458","-5","1"
"26847","Petersburg","WV","38.959188","-79.13703","-5","1"
"26851","Wardensville","WV","39.066543","-78.6218","-5","1"
"26852","Purgitsville","WV","39.248438","-78.92736","-5","1"
"26855","Cabins","WV","38.98645","-79.25455","-5","1"
"26865","Yellow Spring","WV","39.199856","-78.49655","-5","1"
"26866","Upper Tract","WV","38.814289","-79.23861","-5","1"
"26884","Seneca Rocks","WV","38.849407","-79.37151","-5","1"
"26886","Onego","WV","38.844294","-79.42206","-5","1"
"26905","Morgantown","WV","39.635272","-79.933496","-5","1"
